app_name,month,n,mean_rating,pct_low_star,pct_has_issue,mean_sentiment,mean_issue_count,median_length,pct_crash_bugs_stability,pct_payment_refund,pct_delivery_delay,pct_order_quality_fulfillment,pct_cancellation_return,pct_customer_support,pct_account_login_otp,pct_pricing_charges_fraud,pct_ui_ux_update,in_common_window,post_regime_shift,partial_month,n_ge_min
Swiggy,2025-08,1,1.0,100.0,100.0,-0.527,3.0,93.0,100.0,0.0,0.0,0.0,100.0,100.0,0.0,0.0,0.0,False,False,False,False
Swiggy,2025-10,1,2.0,100.0,100.0,0.105,2.0,67.0,0.0,0.0,100.0,0.0,0.0,100.0,0.0,0.0,0.0,False,False,False,False
Swiggy,2026-02,1,1.0,100.0,100.0,-0.69,2.0,62.0,0.0,0.0,100.0,0.0,100.0,0.0,0.0,0.0,0.0,False,False,False,False
Swiggy,2026-03,13,1.077,100.0,76.923,-0.384,1.923,58.0,0.0,46.154,30.769,7.692,38.462,46.154,0.0,23.077,0.0,False,False,False,False
Swiggy,2026-04,176,1.114,96.591,90.341,-0.43,1.852,74.5,1.136,27.273,37.5,11.364,36.932,56.25,1.136,12.5,1.136,True,False,False,True
Swiggy,2026-05,231,1.078,97.835,91.775,-0.442,1.965,77.0,3.03,25.974,38.095,16.883,37.662,59.74,1.732,12.987,0.433,True,False,False,True
Swiggy,2026-06,308,1.179,95.779,85.714,-0.354,1.672,67.0,2.273,25.325,27.273,13.636,34.091,50.0,0.649,13.636,0.325,True,False,False,True
Swiggy,2026-07,847,1.23,93.506,83.235,-0.403,1.61,53.0,4.132,24.321,27.273,12.869,31.287,46.753,0.59,12.987,0.826,True,True,False,True
Swiggy,2026-08,929,1.23,93.649,79.44,-0.349,1.499,53.0,3.767,23.251,24.543,9.903,26.911,44.995,1.615,13.778,1.184,True,True,False,True
Swiggy,2026-09,493,1.264,92.698,83.164,-0.365,1.552,50.0,3.448,23.529,30.832,9.128,29.006,45.639,0.811,12.17,0.609,True,True,True,True
Zomato,2026-03,20,1.55,85.0,75.0,-0.412,1.35,59.0,0.0,25.0,45.0,10.0,10.0,25.0,0.0,15.0,5.0,False,False,False,False
Zomato,2026-04,207,1.594,84.058,80.193,-0.243,1.411,70.0,2.415,20.773,32.367,6.28,22.222,38.164,0.483,17.874,0.483,True,False,False,True
Zomato,2026-05,288,1.469,87.5,88.889,-0.289,1.719,71.0,2.431,28.472,33.681,13.889,23.611,54.167,0.347,14.236,1.042,True,False,False,True
Zomato,2026-06,282,1.33,91.489,87.234,-0.329,1.819,70.0,2.837,26.241,40.78,19.149,23.759,55.674,0.355,13.121,0.0,True,False,False,True
Zomato,2026-07,771,1.411,88.586,76.135,-0.289,1.344,50.0,1.556,18.418,27.367,13.359,17.639,41.115,0.259,13.878,0.778,True,True,False,True
Zomato,2026-08,950,1.439,87.684,74.105,-0.303,1.273,46.0,2.0,16.947,26.421,11.263,15.053,42.947,0.526,11.684,0.421,True,True,False,True
Zomato,2026-09,479,1.388,89.77,77.453,-0.304,1.324,47.0,0.835,16.493,28.184,10.856,14.823,45.511,0.418,14.405,0.835,True,True,True,True
Myntra,2024-11,1,1.0,100.0,100.0,-0.541,2.0,93.0,0.0,0.0,100.0,0.0,0.0,100.0,0.0,0.0,0.0,False,False,False,False
Myntra,2025-09,2,3.0,0.0,50.0,-0.021,1.5,87.5,0.0,50.0,0.0,0.0,50.0,50.0,0.0,0.0,0.0,False,False,False,False
Myntra,2026-04,162,2.333,63.58,79.012,-0.001,1.506,69.0,2.469,17.284,18.519,14.815,53.086,31.481,0.0,8.642,4.321,True,False,False,True
Myntra,2026-05,227,2.414,62.115,79.295,0.027,1.463,67.0,1.322,16.74,18.502,7.048,48.018,41.41,2.203,8.811,2.203,True,False,False,True
Myntra,2026-06,351,2.293,67.236,76.353,-0.039,1.462,64.0,3.134,11.966,18.519,11.111,48.433,39.316,0.57,10.541,2.564,True,False,False,True
Myntra,2026-07,681,2.909,50.661,63.877,0.138,1.145,47.0,2.203,11.747,13.95,8.223,40.529,27.9,0.734,6.902,2.349,True,True,False,True
Myntra,2026-08,1042,2.613,58.541,62.572,0.028,1.127,44.5,1.631,13.148,15.355,7.486,37.14,29.079,0.576,7.39,0.864,True,True,False,True
Myntra,2026-09,532,2.821,52.82,58.835,0.138,1.03,44.5,1.88,11.654,15.038,5.639,32.707,26.128,0.752,7.143,2.068,True,True,True,True
Paytm,2018-09,18,1.444,88.889,77.778,-0.366,1.278,82.5,5.556,22.222,5.556,0.0,5.556,55.556,27.778,0.0,5.556,False,False,False,False
Paytm,2018-10,27,1.185,92.593,96.296,-0.098,1.815,80.0,3.704,25.926,3.704,7.407,33.333,62.963,22.222,18.519,3.704,False,False,False,False
Paytm,2018-11,23,1.217,95.652,91.304,-0.33,1.783,73.0,13.043,21.739,21.739,8.696,34.783,56.522,13.043,4.348,4.348,False,False,False,False
Paytm,2018-12,21,1.429,90.476,80.952,-0.265,1.476,77.0,4.762,14.286,4.762,9.524,19.048,52.381,33.333,9.524,0.0,False,False,False,False
Paytm,2019-01,14,1.571,85.714,64.286,0.177,1.0,73.5,7.143,35.714,0.0,0.0,14.286,42.857,0.0,0.0,0.0,False,False,False,False
Paytm,2019-02,7,1.286,85.714,57.143,-0.233,1.0,75.0,0.0,28.571,14.286,0.0,0.0,57.143,0.0,0.0,0.0,False,False,False,False
Paytm,2019-03,14,1.429,85.714,85.714,-0.321,1.714,81.0,14.286,28.571,21.429,0.0,28.571,71.429,7.143,0.0,0.0,False,False,False,False
Paytm,2019-04,12,1.833,75.0,66.667,-0.165,1.083,68.5,0.0,33.333,0.0,0.0,16.667,25.0,25.0,0.0,8.333,False,False,False,False
Paytm,2019-05,17,2.588,47.059,76.471,0.045,1.176,79.0,11.765,23.529,11.765,0.0,5.882,35.294,17.647,11.765,0.0,False,False,False,False
Paytm,2019-06,15,1.467,86.667,80.0,-0.35,1.467,83.0,13.333,6.667,0.0,13.333,33.333,66.667,0.0,6.667,6.667,False,False,False,False
Paytm,2019-07,13,2.154,69.231,69.231,-0.22,1.154,77.0,7.692,15.385,0.0,7.692,0.0,38.462,23.077,15.385,7.692,False,False,False,False
Paytm,2019-08,17,1.294,94.118,76.471,0.105,1.235,72.0,17.647,23.529,0.0,11.765,5.882,41.176,11.765,5.882,5.882,False,False,False,False
Paytm,2019-09,16,1.438,87.5,62.5,-0.324,0.875,84.0,0.0,6.25,6.25,12.5,12.5,43.75,0.0,6.25,0.0,False,False,False,False
Paytm,2019-10,11,1.182,100.0,90.909,-0.402,1.455,66.0,0.0,9.091,0.0,18.182,27.273,63.636,18.182,0.0,9.091,False,False,False,False
Paytm,2019-11,15,1.667,86.667,80.0,-0.305,1.067,72.0,0.0,13.333,6.667,0.0,6.667,66.667,0.0,13.333,0.0,False,False,False,False
Paytm,2019-12,23,1.348,91.304,91.304,-0.139,1.304,72.0,4.348,17.391,4.348,4.348,21.739,60.87,13.043,4.348,0.0,False,False,False,False
Paytm,2020-01,22,2.045,63.636,63.636,0.011,1.045,76.5,9.091,22.727,0.0,0.0,13.636,40.909,9.091,4.545,4.545,False,False,False,False
Paytm,2020-02,20,2.0,75.0,70.0,-0.177,1.1,82.0,5.0,10.0,0.0,0.0,5.0,55.0,15.0,10.0,10.0,False,False,False,False
Paytm,2020-03,14,1.643,78.571,71.429,0.07,1.286,77.5,21.429,14.286,0.0,0.0,21.429,42.857,14.286,7.143,7.143,False,False,False,False
Paytm,2020-04,11,1.182,90.909,63.636,-0.206,0.818,75.0,0.0,9.091,0.0,0.0,9.091,9.091,36.364,0.0,18.182,False,False,False,False
Paytm,2020-05,9,1.111,100.0,77.778,-0.068,1.333,83.0,0.0,22.222,0.0,0.0,33.333,55.556,22.222,0.0,0.0,False,False,False,False
Paytm,2020-06,16,1.312,93.75,68.75,-0.363,1.188,78.0,6.25,12.5,0.0,12.5,0.0,50.0,6.25,18.75,12.5,False,False,False,False
Paytm,2020-07,15,1.6,86.667,46.667,-0.223,0.533,66.0,6.667,0.0,0.0,0.0,0.0,26.667,6.667,6.667,6.667,False,False,False,False
Paytm,2020-08,11,1.182,90.909,63.636,-0.402,1.0,77.0,0.0,0.0,0.0,0.0,0.0,63.636,27.273,0.0,9.091,False,False,False,False
Paytm,2020-09,15,1.333,93.333,80.0,-0.343,1.0,72.0,0.0,13.333,0.0,0.0,13.333,66.667,0.0,0.0,6.667,False,False,False,False
Paytm,2020-10,13,1.231,92.308,69.231,-0.172,1.0,79.0,0.0,30.769,0.0,0.0,7.692,30.769,15.385,7.692,7.692,False,False,False,False
Paytm,2020-11,16,1.812,75.0,81.25,0.044,1.5,72.0,6.25,12.5,0.0,12.5,18.75,50.0,25.0,12.5,12.5,False,False,False,False
Paytm,2020-12,11,1.545,81.818,72.727,-0.377,1.364,73.0,0.0,27.273,0.0,0.0,9.091,63.636,18.182,18.182,0.0,False,False,False,False
Paytm,2021-01,19,1.842,73.684,52.632,-0.071,0.842,77.0,0.0,21.053,0.0,0.0,21.053,36.842,5.263,0.0,0.0,False,False,False,False
Paytm,2021-02,7,1.286,85.714,85.714,-0.225,1.714,82.0,14.286,28.571,0.0,14.286,28.571,57.143,28.571,0.0,0.0,False,False,False,False
Paytm,2021-03,17,1.765,76.471,76.471,0.084,1.235,86.0,0.0,17.647,0.0,5.882,23.529,58.824,11.765,5.882,0.0,False,False,False,False
Paytm,2021-04,11,1.636,81.818,63.636,0.097,1.091,71.0,0.0,27.273,0.0,9.091,36.364,18.182,9.091,9.091,0.0,False,False,False,False
Paytm,2021-05,13,1.0,100.0,61.538,-0.196,0.846,85.0,15.385,7.692,0.0,0.0,15.385,38.462,0.0,7.692,0.0,False,False,False,False
Paytm,2021-06,8,1.25,100.0,37.5,-0.251,0.625,69.0,0.0,12.5,0.0,12.5,12.5,12.5,12.5,0.0,0.0,False,False,False,False
Paytm,2021-07,9,1.556,88.889,88.889,-0.111,1.222,84.0,11.111,33.333,0.0,0.0,22.222,44.444,11.111,0.0,0.0,False,False,False,False
Paytm,2021-08,4,3.75,25.0,50.0,-0.151,0.5,59.0,0.0,50.0,0.0,0.0,0.0,0.0,0.0,0.0,0.0,False,False,False,False
Paytm,2021-09,9,1.0,100.0,77.778,-0.381,1.333,73.0,22.222,11.111,11.111,0.0,22.222,44.444,0.0,11.111,11.111,False,False,False,False
Paytm,2021-10,7,1.143,100.0,100.0,-0.408,1.429,83.0,14.286,14.286,0.0,0.0,14.286,71.429,14.286,14.286,0.0,False,False,False,False
Paytm,2021-11,8,2.125,75.0,87.5,-0.031,1.375,71.5,25.0,12.5,0.0,0.0,0.0,50.0,25.0,25.0,0.0,False,False,False,False
Paytm,2021-12,4,1.0,100.0,75.0,-0.612,1.25,77.5,0.0,0.0,0.0,0.0,25.0,50.0,25.0,25.0,0.0,False,False,False,False
Paytm,2022-01,6,1.833,66.667,83.333,-0.088,1.333,81.5,0.0,0.0,0.0,0.0,16.667,83.333,0.0,33.333,0.0,False,False,False,False
Paytm,2022-02,8,1.25,87.5,87.5,-0.127,1.0,84.0,0.0,0.0,0.0,0.0,0.0,87.5,0.0,12.5,0.0,False,False,False,False
Paytm,2022-03,3,1.333,100.0,66.667,-0.304,0.667,67.0,0.0,0.0,0.0,0.0,0.0,66.667,0.0,0.0,0.0,False,False,False,False
Paytm,2022-04,7,1.0,100.0,71.429,-0.835,1.429,75.0,0.0,28.571,0.0,0.0,0.0,71.429,14.286,28.571,0.0,False,False,False,False
Paytm,2022-05,5,1.8,80.0,100.0,-0.454,1.8,73.0,0.0,20.0,0.0,0.0,20.0,60.0,40.0,40.0,0.0,False,False,False,False
Paytm,2022-06,10,1.6,80.0,70.0,-0.474,1.1,85.0,10.0,20.0,0.0,0.0,20.0,40.0,20.0,0.0,0.0,False,False,False,False
Paytm,2022-07,11,1.0,100.0,81.818,0.244,1.455,85.0,9.091,27.273,0.0,0.0,9.091,63.636,9.091,18.182,9.091,False,False,False,False
Paytm,2022-08,5,2.2,60.0,60.0,0.015,0.8,76.0,20.0,0.0,0.0,0.0,0.0,40.0,0.0,0.0,20.0,False,False,False,False
Paytm,2022-09,16,1.938,75.0,68.75,-0.198,1.0,73.5,18.75,6.25,6.25,0.0,6.25,56.25,6.25,0.0,0.0,False,False,False,False
Paytm,2022-10,7,1.857,71.429,85.714,0.022,1.286,74.0,0.0,14.286,0.0,0.0,0.0,42.857,28.571,42.857,0.0,False,False,False,False
Paytm,2022-11,10,1.4,90.0,80.0,-0.126,1.5,78.5,10.0,10.0,0.0,0.0,0.0,70.0,20.0,30.0,10.0,False,False,False,False
Paytm,2022-12,10,1.5,90.0,90.0,-0.062,1.1,78.5,10.0,10.0,0.0,0.0,10.0,50.0,0.0,30.0,0.0,False,False,False,False
Paytm,2023-01,5,1.6,80.0,100.0,-0.164,1.4,82.0,40.0,20.0,0.0,0.0,0.0,80.0,0.0,0.0,0.0,False,False,False,False
Paytm,2023-02,6,1.667,83.333,66.667,-0.385,0.833,79.5,0.0,0.0,0.0,0.0,0.0,50.0,16.667,16.667,0.0,False,False,False,False
Paytm,2023-03,10,1.7,80.0,60.0,-0.137,0.7,81.5,10.0,10.0,0.0,0.0,0.0,40.0,0.0,10.0,0.0,False,False,False,False
Paytm,2023-04,7,1.571,85.714,85.714,0.09,1.286,85.0,0.0,28.571,0.0,0.0,0.0,71.429,14.286,14.286,0.0,False,False,False,False
Paytm,2023-05,11,1.545,90.909,72.727,0.172,1.0,78.0,0.0,9.091,0.0,0.0,0.0,54.545,27.273,9.091,0.0,False,False,False,False
Paytm,2023-06,10,1.5,80.0,80.0,-0.39,1.1,77.5,10.0,10.0,20.0,0.0,10.0,30.0,20.0,10.0,0.0,False,False,False,False
Paytm,2023-07,8,1.75,75.0,62.5,0.373,0.625,81.5,0.0,12.5,0.0,0.0,0.0,50.0,0.0,0.0,0.0,False,False,False,False
Paytm,2023-08,6,1.167,100.0,66.667,0.235,0.833,93.5,0.0,0.0,0.0,0.0,0.0,66.667,16.667,0.0,0.0,False,False,False,False
Paytm,2023-09,2,1.0,100.0,100.0,-0.62,1.0,74.0,0.0,0.0,0.0,0.0,0.0,50.0,0.0,50.0,0.0,False,False,False,False
Paytm,2023-10,7,1.571,85.714,100.0,-0.182,1.571,80.0,14.286,14.286,28.571,0.0,14.286,71.429,0.0,14.286,0.0,False,False,False,False
Paytm,2023-11,8,1.5,87.5,87.5,0.134,1.0,68.5,0.0,25.0,0.0,0.0,0.0,50.0,0.0,0.0,25.0,False,False,False,False
Paytm,2023-12,7,1.0,100.0,85.714,-0.189,1.286,68.0,0.0,14.286,0.0,0.0,28.571,71.429,0.0,14.286,0.0,False,False,False,False
Paytm,2024-01,14,1.214,92.857,71.429,-0.252,1.143,70.5,0.0,21.429,7.143,0.0,0.0,50.0,0.0,28.571,7.143,False,False,False,False
Paytm,2024-02,6,1.167,100.0,83.333,0.105,1.0,78.0,0.0,0.0,0.0,0.0,33.333,66.667,0.0,0.0,0.0,False,False,False,False
Paytm,2024-03,6,1.0,100.0,83.333,-0.155,1.0,85.0,0.0,0.0,0.0,0.0,16.667,83.333,0.0,0.0,0.0,False,False,False,False
Paytm,2024-04,3,1.667,66.667,66.667,-0.007,1.333,97.0,0.0,0.0,0.0,33.333,0.0,66.667,33.333,0.0,0.0,False,False,False,False
Paytm,2024-05,1,1.0,100.0,100.0,-0.748,2.0,87.0,100.0,0.0,0.0,0.0,0.0,100.0,0.0,0.0,0.0,False,False,False,False
Paytm,2024-06,4,1.0,100.0,75.0,-0.531,1.25,84.5,0.0,25.0,0.0,0.0,0.0,50.0,0.0,25.0,25.0,False,False,False,False
Paytm,2024-07,6,2.167,66.667,66.667,-0.018,1.0,77.0,0.0,0.0,0.0,16.667,16.667,33.333,0.0,16.667,16.667,False,False,False,False
Paytm,2024-08,5,1.4,80.0,80.0,-0.547,1.2,67.0,0.0,40.0,0.0,0.0,0.0,80.0,0.0,0.0,0.0,False,False,False,False
Paytm,2024-09,7,2.0,71.429,85.714,0.067,0.857,79.0,14.286,0.0,0.0,0.0,14.286,28.571,0.0,14.286,14.286,False,False,False,False
Paytm,2024-10,4,1.75,75.0,50.0,-0.054,0.5,69.5,0.0,0.0,0.0,0.0,0.0,50.0,0.0,0.0,0.0,False,False,False,False
Paytm,2024-11,1,1.0,100.0,100.0,-0.355,1.0,98.0,0.0,0.0,0.0,0.0,0.0,100.0,0.0,0.0,0.0,False,False,False,False
Paytm,2024-12,2,1.0,100.0,0.0,-0.686,0.0,70.5,0.0,0.0,0.0,0.0,0.0,0.0,0.0,0.0,0.0,False,False,False,False
Paytm,2025-01,1,1.0,100.0,100.0,-0.665,2.0,95.0,0.0,100.0,0.0,0.0,0.0,100.0,0.0,0.0,0.0,False,False,False,False
Paytm,2025-03,1,1.0,100.0,0.0,-0.603,0.0,72.0,0.0,0.0,0.0,0.0,0.0,0.0,0.0,0.0,0.0,False,False,False,False
Paytm,2025-04,1,1.0,100.0,100.0,-0.899,2.0,67.0,0.0,100.0,0.0,0.0,0.0,100.0,0.0,0.0,0.0,False,False,False,False
Paytm,2025-05,1,2.0,100.0,0.0,-0.002,0.0,87.0,0.0,0.0,0.0,0.0,0.0,0.0,0.0,0.0,0.0,False,False,False,False
Paytm,2025-06,2,1.0,100.0,50.0,-0.737,1.0,88.5,0.0,50.0,0.0,0.0,50.0,0.0,0.0,0.0,0.0,False,False,False,False
Paytm,2025-07,3,1.333,100.0,66.667,0.087,1.0,79.0,0.0,33.333,0.0,0.0,0.0,33.333,33.333,0.0,0.0,False,False,False,False
Paytm,2025-08,3,4.333,0.0,33.333,0.405,1.0,85.0,33.333,0.0,0.0,0.0,0.0,0.0,33.333,0.0,33.333,False,False,False,False
Paytm,2025-09,7,4.714,0.0,28.571,0.725,0.571,93.0,28.571,0.0,0.0,0.0,0.0,0.0,0.0,0.0,28.571,False,False,False,False
Paytm,2025-10,11,3.273,36.364,81.818,0.189,1.182,82.0,63.636,9.091,9.091,0.0,0.0,9.091,0.0,9.091,18.182,False,False,False,False
Paytm,2025-11,1,1.0,100.0,100.0,-0.744,1.0,62.0,0.0,0.0,0.0,0.0,0.0,100.0,0.0,0.0,0.0,False,False,False,False
Paytm,2025-12,1,5.0,0.0,100.0,-0.906,2.0,92.0,100.0,0.0,0.0,0.0,0.0,0.0,0.0,0.0,100.0,False,False,False,False
Paytm,2026-02,3,3.0,33.333,66.667,0.195,1.0,88.0,66.667,0.0,0.0,0.0,0.0,0.0,0.0,0.0,33.333,False,False,False,False
Paytm,2026-03,20,2.4,55.0,60.0,-0.229,0.85,73.5,30.0,10.0,0.0,0.0,0.0,25.0,0.0,5.0,15.0,False,False,False,False
Paytm,2026-04,202,1.911,75.248,57.426,-0.074,0.787,41.0,20.297,11.386,0.99,0.495,5.446,26.733,0.99,6.931,5.446,True,False,False,True
Paytm,2026-05,353,1.742,78.47,54.674,-0.121,0.714,39.0,19.547,5.666,0.567,0.283,3.683,22.663,6.516,6.232,6.232,True,False,False,True
Paytm,2026-06,277,1.949,72.563,49.819,-0.064,0.697,42.0,19.856,7.581,1.444,0.722,4.332,20.578,4.332,7.22,3.61,True,False,False,True
Paytm,2026-07,396,2.341,64.646,48.232,0.026,0.639,29.0,20.202,7.323,1.263,0.0,3.03,17.677,2.778,7.323,4.293,True,True,False,True
Paytm,2026-08,455,2.629,57.802,42.198,0.097,0.554,25.0,19.121,4.176,1.758,0.22,2.857,14.286,4.396,5.055,3.516,True,True,False,True
Paytm,2026-09,464,2.474,60.129,45.043,0.097,0.584,25.0,23.491,3.664,0.862,0.216,2.371,13.793,4.31,3.664,6.034,True,True,True,True
PhonePe,2018-09,6,2.333,66.667,66.667,0.064,1.167,67.0,0.0,16.667,16.667,0.0,0.0,50.0,16.667,16.667,0.0,False,False,False,False
PhonePe,2018-10,10,2.6,60.0,80.0,-0.115,1.1,73.0,0.0,50.0,0.0,0.0,10.0,40.0,10.0,0.0,0.0,False,False,False,False
PhonePe,2018-11,12,1.583,83.333,66.667,0.01,0.917,77.5,0.0,25.0,0.0,0.0,0.0,33.333,33.333,0.0,0.0,False,False,False,False
PhonePe,2018-12,28,1.357,89.286,64.286,-0.272,0.714,75.5,3.571,14.286,0.0,0.0,3.571,39.286,3.571,0.0,7.143,False,False,False,False
PhonePe,2019-01,26,1.423,88.462,76.923,-0.223,1.0,71.0,7.692,23.077,0.0,0.0,3.846,50.0,3.846,3.846,7.692,False,False,False,False
PhonePe,2019-02,14,1.286,92.857,57.143,-0.107,1.071,70.5,7.143,42.857,0.0,0.0,0.0,42.857,0.0,14.286,0.0,False,False,False,False
PhonePe,2019-03,18,1.222,94.444,88.889,-0.204,1.333,72.0,0.0,44.444,0.0,0.0,11.111,44.444,16.667,11.111,5.556,False,False,False,False
PhonePe,2019-04,17,1.412,88.235,76.471,-0.054,1.059,77.0,5.882,11.765,5.882,0.0,5.882,52.941,11.765,11.765,0.0,False,False,False,False
PhonePe,2019-05,10,1.5,80.0,70.0,0.022,1.0,77.0,0.0,30.0,10.0,0.0,0.0,20.0,20.0,20.0,0.0,False,False,False,False
PhonePe,2019-06,14,1.857,78.571,57.143,0.058,0.857,67.5,7.143,21.429,7.143,0.0,7.143,28.571,7.143,7.143,0.0,False,False,False,False
PhonePe,2019-07,19,1.421,84.211,84.211,-0.136,1.053,82.0,10.526,26.316,0.0,0.0,5.263,47.368,5.263,5.263,5.263,False,False,False,False
PhonePe,2019-08,22,1.409,90.909,95.455,-0.189,1.364,78.0,9.091,27.273,0.0,0.0,9.091,72.727,13.636,0.0,4.545,False,False,False,False
PhonePe,2019-09,29,1.414,89.655,75.862,-0.292,1.0,78.0,13.793,27.586,0.0,0.0,6.897,44.828,3.448,0.0,3.448,False,False,False,False
PhonePe,2019-10,18,1.056,100.0,77.778,-0.216,1.333,77.0,16.667,44.444,0.0,0.0,11.111,50.0,5.556,5.556,0.0,False,False,False,False
PhonePe,2019-11,17,1.176,94.118,58.824,-0.244,0.824,73.0,17.647,29.412,0.0,0.0,0.0,29.412,0.0,5.882,0.0,False,False,False,False
PhonePe,2019-12,10,1.0,100.0,70.0,-0.329,1.0,78.0,10.0,60.0,0.0,0.0,10.0,20.0,0.0,0.0,0.0,False,False,False,False
PhonePe,2020-01,13,1.462,84.615,61.538,0.162,0.846,75.0,0.0,30.769,0.0,0.0,0.0,46.154,0.0,7.692,0.0,False,False,False,False
PhonePe,2020-02,20,2.15,70.0,65.0,0.251,0.9,82.0,10.0,10.0,5.0,0.0,20.0,35.0,0.0,0.0,10.0,False,False,False,False
PhonePe,2020-03,24,1.5,87.5,83.333,-0.011,1.167,75.0,12.5,41.667,0.0,0.0,20.833,33.333,0.0,4.167,4.167,False,False,False,False
PhonePe,2020-04,6,2.0,66.667,83.333,0.185,1.167,78.5,0.0,33.333,0.0,0.0,16.667,50.0,0.0,16.667,0.0,False,False,False,False
PhonePe,2020-05,17,1.235,94.118,94.118,-0.301,1.118,80.0,5.882,29.412,0.0,0.0,5.882,64.706,5.882,0.0,0.0,False,False,False,False
PhonePe,2020-06,11,1.545,81.818,45.455,0.197,0.455,72.0,9.091,18.182,0.0,0.0,9.091,0.0,0.0,9.091,0.0,False,False,False,False
PhonePe,2020-07,19,1.263,94.737,68.421,-0.005,0.789,83.0,5.263,21.053,5.263,0.0,5.263,26.316,0.0,15.789,0.0,False,False,False,False
PhonePe,2020-08,20,1.65,80.0,85.0,-0.272,1.05,82.0,35.0,20.0,0.0,0.0,0.0,35.0,0.0,10.0,5.0,False,False,False,False
PhonePe,2020-09,23,1.565,86.957,60.87,-0.161,0.87,75.0,8.696,30.435,0.0,0.0,0.0,39.13,4.348,0.0,4.348,False,False,False,False
PhonePe,2020-10,17,1.588,82.353,58.824,0.044,0.765,76.0,11.765,17.647,5.882,0.0,5.882,35.294,0.0,0.0,0.0,False,False,False,False
PhonePe,2020-11,13,1.308,92.308,46.154,-0.408,0.692,76.0,7.692,23.077,0.0,0.0,7.692,15.385,0.0,15.385,0.0,False,False,False,False
PhonePe,2020-12,14,1.357,85.714,57.143,-0.091,0.714,91.0,7.143,21.429,0.0,0.0,0.0,28.571,7.143,7.143,0.0,False,False,False,False
PhonePe,2021-01,14,1.429,85.714,71.429,-0.193,0.929,69.0,0.0,42.857,0.0,0.0,14.286,35.714,0.0,0.0,0.0,False,False,False,False
PhonePe,2021-02,11,1.545,81.818,54.545,0.017,0.727,83.0,0.0,9.091,0.0,0.0,0.0,36.364,18.182,9.091,0.0,False,False,False,False
PhonePe,2021-03,6,2.5,50.0,50.0,0.337,0.5,77.5,0.0,33.333,0.0,0.0,0.0,16.667,0.0,0.0,0.0,False,False,False,False
PhonePe,2021-04,11,2.364,54.545,45.455,-0.051,0.455,83.0,9.091,0.0,0.0,0.0,9.091,9.091,9.091,9.091,0.0,False,False,False,False
PhonePe,2021-05,14,1.357,85.714,64.286,-0.615,0.786,80.5,0.0,7.143,0.0,0.0,0.0,42.857,14.286,14.286,0.0,False,False,False,False
PhonePe,2021-06,10,1.5,90.0,30.0,-0.022,0.6,86.0,10.0,0.0,0.0,0.0,0.0,30.0,10.0,10.0,0.0,False,False,False,False
PhonePe,2021-07,16,1.75,75.0,62.5,0.081,1.062,73.0,6.25,12.5,0.0,0.0,12.5,56.25,12.5,6.25,0.0,False,False,False,False
PhonePe,2021-08,8,1.5,75.0,75.0,-0.228,1.125,87.5,12.5,25.0,0.0,0.0,25.0,37.5,12.5,0.0,0.0,False,False,False,False
PhonePe,2021-09,10,1.7,70.0,50.0,-0.176,0.5,82.0,10.0,20.0,0.0,0.0,0.0,10.0,10.0,0.0,0.0,False,False,False,False
PhonePe,2021-10,7,1.857,71.429,57.143,-0.036,0.857,85.0,14.286,14.286,0.0,0.0,0.0,14.286,14.286,14.286,14.286,False,False,False,False
PhonePe,2021-11,6,1.667,83.333,66.667,-0.665,1.0,64.5,0.0,0.0,0.0,0.0,16.667,50.0,0.0,33.333,0.0,False,False,False,False
PhonePe,2021-12,4,1.0,100.0,75.0,-0.567,0.75,77.5,0.0,50.0,0.0,0.0,0.0,25.0,0.0,0.0,0.0,False,False,False,False
PhonePe,2022-01,8,1.125,100.0,62.5,-0.608,0.875,86.0,12.5,37.5,0.0,0.0,0.0,37.5,0.0,0.0,0.0,False,False,False,False
PhonePe,2022-02,10,1.3,90.0,100.0,-0.274,1.7,77.5,10.0,50.0,20.0,0.0,10.0,60.0,10.0,10.0,0.0,False,False,False,False
PhonePe,2022-03,5,1.4,100.0,100.0,-0.594,1.4,72.0,0.0,80.0,0.0,0.0,20.0,20.0,0.0,20.0,0.0,False,False,False,False
PhonePe,2022-04,12,1.25,91.667,58.333,-0.052,0.833,72.0,8.333,16.667,0.0,0.0,0.0,33.333,25.0,0.0,0.0,False,False,False,False
PhonePe,2022-05,11,1.364,90.909,45.455,-0.056,0.818,82.0,18.182,9.091,18.182,0.0,18.182,18.182,0.0,0.0,0.0,False,False,False,False
PhonePe,2022-06,10,1.8,80.0,60.0,0.001,0.8,71.5,20.0,40.0,0.0,0.0,0.0,20.0,0.0,0.0,0.0,False,False,False,False
PhonePe,2022-07,12,1.5,83.333,75.0,0.111,1.0,68.0,8.333,16.667,8.333,0.0,0.0,41.667,8.333,8.333,8.333,False,False,False,False
PhonePe,2022-08,17,1.353,88.235,64.706,-0.545,0.882,83.0,17.647,11.765,0.0,0.0,5.882,52.941,0.0,0.0,0.0,False,False,False,False
PhonePe,2022-09,9,1.0,100.0,44.444,-0.5,0.444,65.0,0.0,0.0,0.0,0.0,0.0,33.333,0.0,0.0,11.111,False,False,False,False
PhonePe,2022-10,12,1.5,83.333,66.667,-0.237,0.833,68.5,0.0,8.333,0.0,0.0,0.0,33.333,16.667,8.333,16.667,False,False,False,False
PhonePe,2022-11,4,2.0,75.0,25.0,-0.288,0.25,79.5,0.0,0.0,0.0,0.0,0.0,0.0,0.0,0.0,25.0,False,False,False,False
PhonePe,2022-12,7,1.429,100.0,42.857,-0.099,0.429,83.0,0.0,28.571,0.0,0.0,0.0,14.286,0.0,0.0,0.0,False,False,False,False
PhonePe,2023-01,5,1.2,100.0,20.0,-0.03,0.4,70.0,0.0,0.0,0.0,0.0,20.0,20.0,0.0,0.0,0.0,False,False,False,False
PhonePe,2023-02,10,1.4,90.0,60.0,-0.449,0.7,76.5,20.0,10.0,0.0,0.0,0.0,40.0,0.0,0.0,0.0,False,False,False,False
PhonePe,2023-03,8,2.0,75.0,75.0,0.121,0.875,74.0,12.5,0.0,0.0,0.0,25.0,12.5,0.0,0.0,37.5,False,False,False,False
PhonePe,2023-04,4,1.75,75.0,50.0,0.015,0.5,71.0,0.0,0.0,0.0,0.0,0.0,25.0,0.0,25.0,0.0,False,False,False,False
PhonePe,2023-05,5,1.8,80.0,60.0,0.019,0.8,72.0,0.0,20.0,0.0,0.0,20.0,40.0,0.0,0.0,0.0,False,False,False,False
PhonePe,2023-06,2,1.0,100.0,0.0,-0.383,0.0,76.0,0.0,0.0,0.0,0.0,0.0,0.0,0.0,0.0,0.0,False,False,False,False
PhonePe,2023-07,3,2.333,66.667,66.667,-0.062,1.0,68.0,0.0,66.667,0.0,0.0,0.0,33.333,0.0,0.0,0.0,False,False,False,False
PhonePe,2023-08,5,1.4,100.0,20.0,0.269,0.4,82.0,0.0,20.0,0.0,0.0,0.0,20.0,0.0,0.0,0.0,False,False,False,False
PhonePe,2023-09,4,1.75,75.0,50.0,-0.581,0.5,65.5,0.0,0.0,0.0,0.0,0.0,25.0,0.0,0.0,25.0,False,False,False,False
PhonePe,2023-10,3,1.333,100.0,66.667,-0.385,1.0,71.0,0.0,0.0,0.0,0.0,0.0,33.333,33.333,0.0,33.333,False,False,False,False
PhonePe,2023-11,2,1.0,100.0,100.0,-0.937,1.0,92.5,0.0,0.0,0.0,0.0,0.0,100.0,0.0,0.0,0.0,False,False,False,False
PhonePe,2023-12,5,1.8,60.0,60.0,0.189,0.6,70.0,0.0,0.0,0.0,0.0,0.0,60.0,0.0,0.0,0.0,False,False,False,False
PhonePe,2024-01,3,1.0,100.0,66.667,0.115,1.333,94.0,33.333,33.333,0.0,0.0,0.0,66.667,0.0,0.0,0.0,False,False,False,False
PhonePe,2024-02,6,1.833,66.667,83.333,-0.139,1.333,70.0,16.667,33.333,16.667,0.0,0.0,50.0,0.0,0.0,16.667,False,False,False,False
PhonePe,2024-03,4,2.0,75.0,50.0,0.376,1.0,67.0,25.0,0.0,0.0,0.0,0.0,50.0,0.0,0.0,25.0,False,False,False,False
PhonePe,2024-04,1,1.0,100.0,100.0,-0.521,3.0,59.0,0.0,100.0,0.0,0.0,100.0,100.0,0.0,0.0,0.0,False,False,False,False
PhonePe,2024-05,4,1.0,100.0,75.0,-0.58,0.75,70.0,0.0,25.0,0.0,0.0,0.0,50.0,0.0,0.0,0.0,False,False,False,False
PhonePe,2024-06,5,2.4,60.0,80.0,0.199,0.8,83.0,20.0,0.0,0.0,0.0,20.0,40.0,0.0,0.0,0.0,False,False,False,False
PhonePe,2024-07,9,1.444,88.889,66.667,-0.194,1.222,64.0,55.556,22.222,0.0,0.0,0.0,33.333,0.0,0.0,11.111,False,False,False,False
PhonePe,2024-08,1,1.0,100.0,100.0,-0.686,2.0,82.0,0.0,100.0,0.0,0.0,0.0,100.0,0.0,0.0,0.0,False,False,False,False
PhonePe,2024-09,3,1.333,100.0,100.0,-0.215,1.667,85.0,0.0,0.0,0.0,0.0,33.333,66.667,33.333,33.333,0.0,False,False,False,False
PhonePe,2024-10,6,2.0,83.333,50.0,0.212,0.5,69.5,0.0,16.667,16.667,0.0,0.0,0.0,0.0,16.667,0.0,False,False,False,False
PhonePe,2024-11,5,2.4,60.0,60.0,0.139,0.8,84.0,0.0,20.0,0.0,0.0,0.0,40.0,0.0,0.0,20.0,False,False,False,False
PhonePe,2024-12,1,1.0,100.0,100.0,-0.203,1.0,59.0,0.0,0.0,0.0,0.0,0.0,100.0,0.0,0.0,0.0,False,False,False,False
PhonePe,2025-01,2,1.0,100.0,100.0,-0.702,2.0,76.5,50.0,50.0,50.0,0.0,0.0,50.0,0.0,0.0,0.0,False,False,False,False
PhonePe,2025-02,1,5.0,0.0,0.0,0.96,0.0,72.0,0.0,0.0,0.0,0.0,0.0,0.0,0.0,0.0,0.0,False,False,False,False
PhonePe,2025-03,7,2.714,57.143,28.571,0.248,0.286,87.0,0.0,0.0,0.0,0.0,0.0,0.0,14.286,0.0,14.286,False,False,False,False
PhonePe,2025-04,1,1.0,100.0,100.0,0.734,1.0,77.0,0.0,0.0,0.0,0.0,0.0,0.0,0.0,0.0,100.0,False,False,False,False
PhonePe,2025-05,1,1.0,100.0,100.0,0.668,1.0,72.0,0.0,0.0,0.0,0.0,0.0,100.0,0.0,0.0,0.0,False,False,False,False
PhonePe,2025-06,1,2.0,100.0,100.0,-0.896,2.0,77.0,100.0,0.0,0.0,0.0,0.0,100.0,0.0,0.0,0.0,False,False,False,False
PhonePe,2025-07,4,3.0,25.0,50.0,0.517,1.0,80.0,25.0,0.0,0.0,0.0,0.0,25.0,25.0,0.0,25.0,False,False,False,False
PhonePe,2025-08,1,4.0,0.0,0.0,0.262,0.0,73.0,0.0,0.0,0.0,0.0,0.0,0.0,0.0,0.0,0.0,False,False,False,False
PhonePe,2025-09,3,1.333,100.0,100.0,-0.153,1.333,78.0,33.333,33.333,0.0,0.0,0.0,66.667,0.0,0.0,0.0,False,False,False,False
PhonePe,2025-10,4,2.5,50.0,0.0,0.773,0.0,78.0,0.0,0.0,0.0,0.0,0.0,0.0,0.0,0.0,0.0,False,False,False,False
PhonePe,2025-11,1,5.0,0.0,0.0,0.916,0.0,66.0,0.0,0.0,0.0,0.0,0.0,0.0,0.0,0.0,0.0,False,False,False,False
PhonePe,2025-12,2,4.0,0.0,0.0,0.877,0.0,75.5,0.0,0.0,0.0,0.0,0.0,0.0,0.0,0.0,0.0,False,False,False,False
PhonePe,2026-02,1,4.0,0.0,0.0,0.977,0.0,84.0,0.0,0.0,0.0,0.0,0.0,0.0,0.0,0.0,0.0,False,False,False,False
PhonePe,2026-03,11,2.455,63.636,54.545,0.113,0.727,69.0,9.091,0.0,9.091,0.0,9.091,36.364,9.091,0.0,0.0,False,False,False,False
PhonePe,2026-04,128,2.398,60.156,49.219,0.043,0.609,41.0,7.031,9.375,1.562,0.0,1.562,21.875,3.125,10.156,6.25,True,False,False,True
PhonePe,2026-05,230,2.122,69.565,44.783,0.054,0.561,40.5,9.13,8.261,1.739,0.435,1.739,20.0,3.043,6.522,5.217,True,False,False,True
PhonePe,2026-06,297,2.306,63.636,43.098,0.003,0.549,39.0,7.744,6.061,0.673,0.0,3.367,19.192,4.04,7.744,6.061,True,False,False,True
PhonePe,2026-07,558,2.935,48.029,33.513,0.194,0.403,21.5,5.376,5.018,1.075,0.0,1.613,13.978,2.688,6.093,4.48,True,True,False,True
PhonePe,2026-08,572,3.124,41.783,31.469,0.232,0.402,21.0,5.42,4.895,0.874,0.175,1.224,14.685,2.098,7.867,2.972,True,True,False,True
PhonePe,2026-09,365,3.142,40.274,23.562,0.234,0.282,17.0,4.932,3.836,0.822,0.0,1.096,11.507,1.644,2.74,1.644,True,True,True,True
