domain,k,is_chosen,mean_umass,mean_npmi
Food & Grocery,3,False,-2.0615,0.1885
Food & Grocery,4,False,-2.109,0.192
Food & Grocery,5,False,-2.3717,0.1777
Food & Grocery,6,True,-2.2859,0.1949
Food & Grocery,7,False,-2.3688,0.1918
Food & Grocery,8,False,-2.5429,0.1885
Food & Grocery,9,False,-2.7644,0.1906
Food & Grocery,10,False,-2.6921,0.1936
Shopping,3,False,-2.1929,0.1613
Shopping,4,False,-2.4122,0.1555
Shopping,5,False,-2.5036,0.1664
Shopping,6,True,-2.5537,0.1673
Shopping,7,False,-2.451,0.1681
Shopping,8,False,-2.5266,0.1672
Shopping,9,False,-2.589,0.1771
Shopping,10,False,-2.6479,0.1863
Payments,3,False,-2.1249,0.2119
Payments,4,False,-2.318,0.1805
Payments,5,True,-2.402,0.2016
Payments,6,False,-2.4745,0.2043
Payments,7,False,-2.3922,0.2046
Payments,8,False,-2.4658,0.2033
Payments,9,False,-2.4713,0.2034
Payments,10,False,-2.5326,0.2057
