domain,topic_id,topic_label,reviews,Crash & Stability,Payment & Refund,Delivery Delay,Order Quality,Cancellation & Return,Customer Support,Account / Login / OTP,Pricing & Fraud,UI/UX & Update,Untagged_Pct
Food & Grocery,1,Order Cancellation & Refund,28656,1.9,19.4,10.6,8.4,23.4,15.2,0.7,8.3,0.3,45.6
Food & Grocery,2,Customer Support & Bot Loop,15640,1.4,9.7,8.8,8.8,10.2,70.6,0.2,7.0,0.2,23.0
Food & Grocery,3,Excessive Delivery & Handling Charges,8730,0.5,3.2,4.0,1.6,5.7,4.2,0.1,30.3,0.2,60.2
Food & Grocery,4,Poor Food Quality & Stale Items,10412,1.1,5.8,5.7,10.1,10.0,18.4,0.2,3.4,0.3,58.5
Food & Grocery,5,Delivery Delays & Rider Tracking,14856,1.5,4.6,50.8,3.4,7.6,14.0,0.5,5.5,0.2,39.4
Food & Grocery,6,COD & Payment Option Failures,4309,1.0,3.2,4.4,1.2,7.9,5.3,0.1,2.8,0.2,79.9
Payments,1,Failed Transfers & Debited Amounts,6909,4.9,6.4,0.4,0.2,2.3,3.0,2.5,10.6,2.0,71.9
Payments,2,App Crashes & Update Regressions,1267,10.6,2.2,0.0,0.1,0.6,4.8,2.1,1.1,3.6,77.4
Payments,3,Device Environment & Security Scan Errors,1382,45.7,0.1,0.0,0.1,0.2,3.1,3.8,0.3,5.5,48.7
Payments,4,Account Blocking & AutoPay Issues,1379,6.1,2.7,0.3,0.1,2.1,4.1,2.1,7.2,1.5,76.6
Payments,5,Customer Support Unresponsiveness,2404,4.9,7.4,0.8,0.2,3.8,56.5,3.5,6.9,0.8,35.5
Shopping,1,Return Rejection & Defective Products,18156,3.0,14.0,4.2,11.4,31.3,8.9,1.1,15.4,1.2,45.6
Shopping,2,Customer Service & Escalation Failure,13121,3.2,11.0,12.4,5.3,20.9,76.1,1.8,8.5,0.8,18.0
Shopping,3,Courier Delays & Delivery Agent Issues,11147,1.8,3.7,47.7,2.1,15.1,16.0,2.6,6.3,0.3,37.4
Shopping,4,Poor Shopping Experience & Fabric Quality,6192,1.6,6.8,10.5,5.0,18.9,25.9,0.6,4.9,0.8,45.8
Shopping,5,Extreme Dissatisfaction & Scam Allegations,6973,2.2,8.2,17.9,3.6,18.9,28.0,0.7,6.6,0.9,40.4
Shopping,6,Order Cancellation & Rescheduling,15824,2.8,11.9,18.6,2.2,39.3,16.5,2.1,8.3,0.5,35.5
