group,domain,topic_id,topic_label,top_terms,top_weights
complaint,Food & Grocery,1,Order Cancellation & Refund,order; not; cancel; deliver; refund; get; cancel order; food; order not; item; receive; money; not deliver; no; time,3.5214; 2.7334; 1.4188; 1.3701; 1.1256; 1.0011; 0.9037; 0.8776; 0.8615; 0.8164; 0.7801; 0.766; 0.7626; 0.7161; 0.6907
complaint,Food & Grocery,2,Customer Support & Bot Loop,customer; worst; service; support; customer service; worst customer; customer support; no; care; customer care; poor; worst service; ever; no customer; poor customer,2.4386; 2.0625; 1.7409; 1.4189; 1.2897; 1.2543; 1.2141; 0.6785; 0.6494; 0.6204; 0.535; 0.5121; 0.4559; 0.3527; 0.3455
complaint,Food & Grocery,3,Excessive Delivery & Handling Charges,charge; high; delivery charge; charge high; extra; price; delivery; much; extra charge; handle; fee; handle charge; surge; high delivery; platform,3.2256; 1.671; 1.637; 1.0622; 0.7831; 0.6876; 0.6365; 0.5721; 0.5607; 0.4797; 0.4335; 0.4204; 0.2759; 0.2698; 0.2602
complaint,Food & Grocery,4,Poor Food Quality & Stale Items,bad; good; not good; not; service; bad experience; bad service; experience; quality; product; service not; good service; service bad; bad not; poor,2.6494; 1.7956; 1.5855; 1.1111; 1.073; 0.8381; 0.7221; 0.7177; 0.5394; 0.4918; 0.4318; 0.341; 0.2651; 0.2475; 0.2425
complaint,Food & Grocery,5,Delivery Delays & Rider Tracking,delivery; time; late; partner; delivery partner; late delivery; delivery time; boy; delivery boy; always; worst; food; take; delay; worst delivery,2.956; 1.3839; 1.1093; 0.9601; 0.9339; 0.6524; 0.6267; 0.5903; 0.5806; 0.4624; 0.4321; 0.4253; 0.4114; 0.4069; 0.3967
complaint,Food & Grocery,6,COD & Payment Option Failures,cash; cash delivery; available; not available; not; delivery not; delivery; option; cod; no cash; delivery option; no; option not; work; payment,2.0153; 1.8965; 1.8583; 1.712; 1.2344; 1.199; 0.8711; 0.4434; 0.2921; 0.2901; 0.2686; 0.2363; 0.2201; 0.2149; 0.2142
complaint,Shopping,1,Return Rejection & Defective Products,product; return; refund; product not; buy; quality; good; wrong; money; use; receive; deliver; item; give; fraud,3.6355; 2.198; 0.9084; 0.8728; 0.8155; 0.7036; 0.6586; 0.6527; 0.5823; 0.5615; 0.5525; 0.5312; 0.5176; 0.4887; 0.4771
complaint,Shopping,2,Customer Service & Escalation Failure,customer; support; service; care; customer care; customer service; customer support; no; worst customer; poor; no customer; care service; call; contact; issue,2.6306; 1.3592; 1.2842; 1.1885; 1.1517; 1.1237; 1.0588; 1.0262; 0.7015; 0.4749; 0.4115; 0.3622; 0.3605; 0.345; 0.3017
complaint,Shopping,3,Courier Delays & Delivery Agent Issues,delivery; delivery service; delivery not; late; cash; cash delivery; time; worst delivery; delivery agent; agent; boy; delivery boy; date; delivery time; partner,3.6696; 0.787; 0.5829; 0.5651; 0.5446; 0.531; 0.5263; 0.5116; 0.4644; 0.4628; 0.4368; 0.4364; 0.425; 0.3832; 0.3814
complaint,Shopping,4,Poor Shopping Experience & Fabric Quality,bad; service; bad experience; bad service; experience; service bad; bad delivery; bad not; bad customer; bad bad; delivery service; service not; good; experience bad; not good,3.8077; 1.086; 1.0331; 0.9909; 0.8245; 0.5796; 0.4527; 0.4308; 0.2974; 0.2277; 0.1901; 0.1832; 0.1774; 0.1535; 0.1468
complaint,Shopping,5,Extreme Dissatisfaction & Scam Allegations,worst; ever; experience; worst experience; worst delivery; worst service; worst customer; service; worst ever; shop; worst worst; worst shop; ever see; see; experience ever,3.5252; 1.1478; 0.8785; 0.8263; 0.7093; 0.6919; 0.6468; 0.6204; 0.5601; 0.4776; 0.3613; 0.3184; 0.2977; 0.2971; 0.2945
complaint,Shopping,6,Order Cancellation & Rescheduling,order; cancel; deliver; time; day; not deliver; get; cancel order; order not; order cancel; delay; place; without; receive; show,3.2395; 1.5992; 1.3137; 1.0437; 0.8968; 0.862; 0.7941; 0.77; 0.7528; 0.5928; 0.5009; 0.463; 0.4362; 0.4313; 0.413
complaint,Payments,1,Failed Transfers & Debited Amounts,payment; use; money; account; cashback; time; get; upi; give; bank; not use; show; transaction; bad; receive,1.3739; 1.2266; 1.2142; 1.0289; 0.8156; 0.751; 0.7203; 0.6912; 0.6711; 0.6128; 0.5734; 0.5577; 0.5302; 0.5125; 0.4486
complaint,Payments,2,App Crashes & Update Regressions,work; not work; work properly; properly; update; work phone; work not; upi; upi cash; day; scanner; phone; open; mobile; cash,2.1259; 2.0855; 1.0395; 1.0201; 0.1505; 0.1352; 0.1135; 0.1082; 0.0794; 0.075; 0.0733; 0.0706; 0.0659; 0.0657; 0.0631
complaint,Payments,3,Device Environment & Security Scan Errors,device; environment; environment not; device environment; correct; not correct; open; show; not open; error; show device; issue; update; problem; warn,1.2706; 1.1234; 1.0474; 1.0413; 1.0029; 0.9942; 0.8881; 0.6294; 0.5554; 0.5544; 0.4408; 0.2757; 0.2479; 0.2403; 0.1762
complaint,Payments,4,Account Blocking & AutoPay Issues,phone; pay; phone pay; pay not; auto; auto pay; block; open; work phone; phone not; not open; pay account; use phone; problem; best,1.8342; 1.6297; 1.357; 0.2805; 0.2167; 0.2108; 0.1949; 0.1649; 0.1458; 0.1159; 0.108; 0.1051; 0.0996; 0.0983; 0.0958
complaint,Payments,5,Customer Support Unresponsiveness,customer; support; no; service; customer support; care; worst; customer care; customer service; no customer; bad; worst customer; poor; call; response,1.4735; 1.0692; 0.9463; 0.9279; 0.7104; 0.7064; 0.7019; 0.6702; 0.3949; 0.3182; 0.3113; 0.3033; 0.2965; 0.2299; 0.2286
