domain,topic_id,topic_label,app_name,rank,review_id,review_date,score,sentiment_compound,topic_confidence,content
Food & Grocery,1,Order Cancellation & Refund,Blinkit,1,015bbc55-9773-4cfe-9333-7ecabf234d88,2026-06-09 21:28:49,1,-0.2924,1.0,"refund history is not clear ,,, 1 mnth back order refund is still waiting, ,"
Food & Grocery,1,Order Cancellation & Refund,Blinkit,2,0184c05f-9cff-47e2-98c7-90d2acccef22,2026-08-16 18:03:27,1,-0.4767,1.0,I made a order payment deducted and order wasn't processed when came back to page it mentioned something went wrong
Food & Grocery,1,Order Cancellation & Refund,Blinkit,3,048531f7-86b2-42da-9a14-eeace34c34ba,2026-07-13 20:22:59,1,0.0,1.0,today I ordered a lassi and I got only oneforth of the glass and opened cup of lassi
Food & Grocery,1,Order Cancellation & Refund,Domino's,1,03c352a2-3941-426d-9e3e-06deccc3445a,2026-08-29 22:45:03,1,-0.25,1.0,this app is trash I order my meal and after waiting for 1 hour it got cancelled
Food & Grocery,1,Order Cancellation & Refund,Domino's,2,04b0d2b3-23d5-4159-b736-7b53a4ecad18,2026-04-26 20:41:29,1,-0.69,1.0,not at all helpful app...lots of issue...wanted cancel wrong order within few seconds...but helpline told order can't be cancelled or modified
Food & Grocery,1,Order Cancellation & Refund,Domino's,3,056d8803-b7f8-4fde-b750-b1ccea2e8a75,2026-06-28 15:33:25,1,0.3818,1.0,"bs app, why do they even accept the order if they can't deliver"
Food & Grocery,1,Order Cancellation & Refund,Swiggy,1,01f566a8-8d56-46e4-a011-a3ae20f390a0,2026-05-15 20:45:18,1,0.8126,1.0,i ordered things at 159 rs and got 1 rs reward but when I order i didn't get the reward
Food & Grocery,1,Order Cancellation & Refund,Swiggy,2,040647e8-cacc-4cc0-be4b-8ed3e2d62183,2026-09-20 18:43:58,1,0.0,1.0,never order anything from kfc on swiggy they are really negligence and even though u are not going to get refund and even though u will the cupon invali never order anything from kfc even though there is no@ny feedback space 😖
Food & Grocery,1,Order Cancellation & Refund,Swiggy,3,040b5bf6-e979-41d3-832a-e8033540407a,2026-04-07 03:55:52,1,0.0,1.0,bahut hii ghatiya app hai bahut glitch hoo jata hai order place karte kuch aur hai aur hoo kuch aur jata hai
Food & Grocery,1,Order Cancellation & Refund,Zomato,1,003036c2-351c-4d1f-9467-ad28778d6f58,2026-07-08 03:27:10,1,-0.3164,1.0,2 orders got cancelled at 3:30am. What's the point if you don't have strict checks for cancellations!
Food & Grocery,1,Order Cancellation & Refund,Zomato,2,00b829b7-faf2-4e56-9b72-6424e98559b2,2026-07-21 23:06:55,1,0.0,1.0,mai maharashtra yavatmal se hu kripa karke mera ye order vaha pe leke javo Koi bhi bhuka hoga unko mera order dedo
Food & Grocery,1,Order Cancellation & Refund,Zomato,3,01afcf26-6f34-46d5-9f7d-85d619282964,2026-06-23 21:17:45,1,-0.2617,1.0,Recive wrong order in ordered white soup pasta but recive Pizza
Food & Grocery,2,Customer Support & Bot Loop,Blinkit,1,3e95fd8a-17d4-4f54-8db5-0e9226145275,2026-06-10 23:30:40,1,0.34,1.0,i very dispointed from this app it's play a game from customer
Food & Grocery,2,Customer Support & Bot Loop,Blinkit,2,593476a0-0ff3-49f3-aac6-f2c5afe80415,2026-08-01 10:47:39,1,-0.6591,1.0,Be Cautious as Blinkit customer support is very poor!! I have deleted this app.. BE CAUTIOUS OF BLINKIT !!!
Food & Grocery,2,Customer Support & Bot Loop,Blinkit,3,7f47f699-df2e-4567-b51c-e48b04f3b29a,2026-05-03 17:12:21,1,-0.8622,1.0,Worst app unble to return items and worst customer service it's very hard to connect with there customer support on chat worst customer support I have ever experienced
Food & Grocery,2,Customer Support & Bot Loop,Domino's,1,a1d63cec-ee51-43c6-b353-79a457067667,2026-08-25 17:12:48,1,-0.8689,0.999,"Dominos has the worst customer experience, they make mistakes gaslighting customers and harass their customers."
Food & Grocery,2,Customer Support & Bot Loop,Domino's,2,a71bd3c6-5971-4236-89c7-35dff43d5064,2026-05-10 02:17:17,1,-0.34,0.991,i wish I can give them zero stars worst customer service in app
Food & Grocery,2,Customer Support & Bot Loop,Domino's,3,21dafd9c-d5f3-44e4-8be0-256d4b15bf95,2026-04-18 12:23:21,1,-0.3129,0.966,terrible customer support!!! frequent uncooked/unbaked products
Food & Grocery,2,Customer Support & Bot Loop,Swiggy,1,021b89fd-712c-4922-bd89-1354a83a7634,2026-05-10 18:22:43,1,0.6597,1.0,Swiggy customer support system ekdm bekar h customer support ke nam pr bs bewkuf bana rahe hai
Food & Grocery,2,Customer Support & Bot Loop,Swiggy,2,2da7c123-4d2b-470c-94cc-270c9651c04c,2026-04-30 15:06:57,1,0.2732,1.0,worst customer support ever human equivalent of bots Uninstalled for future peace of mind.
Food & Grocery,2,Customer Support & Bot Loop,Swiggy,3,30cfcfd6-a2b5-42f6-8c7d-93d55a7915e9,2026-07-26 13:16:10,1,-0.9235,1.0,worst customer support...nowadays they are very arrogant !!! sick !!
Food & Grocery,2,Customer Support & Bot Loop,Zomato,1,0003d265-096e-431d-9e1c-95de6c670f14,2026-09-19 09:32:35,1,-0.34,1.0,"yuck worst customer support, only bot speaks and never humans , learn from Swiggy"
Food & Grocery,2,Customer Support & Bot Loop,Zomato,2,0a527491-650e-4d48-b0d1-34e444583ea0,2026-09-12 18:49:06,2,-0.128,1.0,poor customer support. Chat Bots will irritate for immediate support
Food & Grocery,2,Customer Support & Bot Loop,Zomato,3,33f62c8a-aaed-405c-ad56-b1872faeb2ff,2026-05-14 18:06:58,1,-0.34,1.0,If there is any worst customer support app exists? That is Zomato. 🤦
Food & Grocery,3,Excessive Delivery & Handling Charges,Blinkit,1,021e223d-7c43-4e7b-9256-51eb604efa22,2026-06-10 15:25:19,2,-0.4939,1.0,extra charges bhut lgte h ak to jo mangao bo bhi mehnga milta h fir uper se extra charges or lete h 🤧
Food & Grocery,3,Excessive Delivery & Handling Charges,Blinkit,2,1118b091-2fee-47ec-bf4e-5437b8ff4377,2026-08-20 01:03:14,1,0.0,1.0,rain sur charge matlab lutne ka bahana chahiye. tumse accha to zepto hai
Food & Grocery,3,Excessive Delivery & Handling Charges,Blinkit,3,116eb82b-0975-461e-9956-2a5296cf7d42,2026-08-05 17:54:55,1,-0.5719,1.0,many hidden charges apply. surge charges for high demand. its rubbish
Food & Grocery,3,Excessive Delivery & Handling Charges,Domino's,1,c165ad30-9268-405b-adf8-d92a79a0124c,2026-06-05 10:13:33,1,0.0,0.988,"Delievery should be also in Jawalamukhi, kangra also rates are too high"
Food & Grocery,3,Excessive Delivery & Handling Charges,Domino's,2,1ea1018c-dcdd-4167-8b0c-0f1e8f1caa43,2026-05-10 18:58:30,1,-0.6597,0.985,charges are too high even after discount... m paying +20% charges of mentioned even after 100 rs discount pethatic manipulation discount
Food & Grocery,3,Excessive Delivery & Handling Charges,Domino's,3,91b9f027-db61-41e3-9ee8-997044008c90,2026-09-15 17:27:07,1,-0.8442,0.962,"offers are Misleading also various high charges applicable as delivery charges, packaging charges, COD charges and taxes"
Food & Grocery,3,Excessive Delivery & Handling Charges,Swiggy,1,384a6a9a-906c-4867-befd-e0b7beb1e14a,2026-07-28 21:35:39,2,0.0,1.0,charge Jyada pad Jaate Hain ₹80 plate hoti hai aur sab Kuchh charge milakar 1807 hote hain fayda kya🥵
Food & Grocery,3,Excessive Delivery & Handling Charges,Swiggy,2,725eddba-3182-4edd-8d96-de69a07a653d,2026-08-31 20:25:10,2,0.6705,1.0,most expensive and and other charges will be very high NDA Bina vajah ke paise chhote rehte Hain does it rain free GST on rain free
Food & Grocery,3,Excessive Delivery & Handling Charges,Swiggy,3,8bd7f16a-ffe1-4e3c-b9ad-070205a72ade,2026-06-11 10:33:22,1,-0.2003,1.0,they charge an unnecessary high demand surge fee! Ghatiya app hai
Food & Grocery,3,Excessive Delivery & Handling Charges,Zomato,1,1c61dfb3-b2a9-4088-81a9-97439cbe02d1,2026-04-09 14:07:19,2,-0.3353,1.0,More additional charges that need to reduce and ur menu charge and done in charge rate is different
Food & Grocery,3,Excessive Delivery & Handling Charges,Zomato,2,7c63cdce-2735-4c2e-bd0b-f0b5dbe80728,2026-06-29 19:24:56,1,-0.5984,1.0,"very costly and charge extra charges of gst, packaging charges, platform fee etc"
Food & Grocery,3,Excessive Delivery & Handling Charges,Zomato,3,8c8a80a0-2c47-4b7c-82a7-ebd4a4e185ce,2026-04-15 15:20:28,2,-0.9064,0.999,"platform charges, packing charges, GST charges, food charges, petrol charges, box charges, carry bag charges???!!!!😐"
Food & Grocery,4,Poor Food Quality & Stale Items,Blinkit,1,1318e5c2-8c79-4f9b-a496-77b30b776390,2026-09-13 10:53:07,1,-0.5423,1.0,so so soooooooooooo...................bad...........................this app is vary bad
Food & Grocery,4,Poor Food Quality & Stale Items,Blinkit,2,1dfca742-5c7e-4749-a68f-34ffcd1c28fc,2026-07-29 14:09:47,1,-0.5849,1.0,very bad mangao kuch aata kuch or hai pkaya hua mango kcha dete hai paneer ke badle bs masala. milta hai
Food & Grocery,4,Poor Food Quality & Stale Items,Blinkit,3,2193aca0-a9e6-4490-b59e-7a241028bfa3,2026-07-13 13:03:58,2,0.2724,1.0,quality is very good but vegitable Quality More than Average
Food & Grocery,4,Poor Food Quality & Stale Items,Domino's,1,0be9ff55-2248-4212-8602-4984c7c73013,2026-09-04 12:46:39,2,-0.1531,1.0,dekhte hain Pizza test kaisa Hota Hai uske bad good review dalunga
Food & Grocery,4,Poor Food Quality & Stale Items,Domino's,2,0cf66153-0b88-431b-beeb-f2281cb3fa39,2026-09-06 02:29:58,1,-0.7906,1.0,test karne ke bad dekhte hain review dete Hain abhi ek star Lo Baki bad mein denge
Food & Grocery,4,Poor Food Quality & Stale Items,Domino's,3,43ba0dd3-d1e0-4074-89be-dad13a416816,2026-05-19 12:48:31,1,-0.9077,1.0,All the ingredient were expired and smelling really bad bad bad
Food & Grocery,4,Poor Food Quality & Stale Items,Swiggy,1,19971a10-da4b-4798-a1b6-cab211ee2b4c,2026-05-07 15:35:35,1,-0.3384,1.0,swiggy is a very bad app I reported this app is a deleted from Play Store
Food & Grocery,4,Poor Food Quality & Stale Items,Swiggy,2,20d7c720-2a9c-462f-8266-566ba00cd52a,2026-08-11 12:34:05,1,-0.2484,1.0,your are supplied expiry curd it is very bad you co loosing faith
Food & Grocery,4,Poor Food Quality & Stale Items,Swiggy,3,3f371ce2-0599-4af0-8624-f32d8a988877,2026-08-27 22:26:48,1,-0.8218,1.0,very bad quality... u have changed me 800+ but the quality was so bad .....
Food & Grocery,4,Poor Food Quality & Stale Items,Zomato,1,4852af46-3d84-4623-964f-d1852d81daa1,2026-04-20 15:05:48,1,-0.5849,1.0,I suggest that nobody should download this application because their facilities are very bad
Food & Grocery,4,Poor Food Quality & Stale Items,Zomato,2,83b20323-660c-4f59-93cc-a4107e4abc77,2026-09-16 21:49:10,1,-0.8748,1.0,very bad experience chicken piece was also not good pura garam masala ka taste aa raha tha nd very bad .
Food & Grocery,4,Poor Food Quality & Stale Items,Zomato,3,9ea45148-635c-4884-81eb-d14850693bd8,2026-05-08 21:10:42,1,-0.7776,1.0,"pizza,garlic bread was okay but strawberry shake was very bad spoiled mouth taste"
Food & Grocery,5,Delivery Delays & Rider Tracking,Blinkit,1,0613514f-1166-42b7-8034-803d44cc95ba,2026-06-06 00:13:22,1,-0.34,1.0,based on the time its taking too long and more over. delivery. partner are mostly drunk .
Food & Grocery,5,Delivery Delays & Rider Tracking,Blinkit,2,09215494-12c1-4ab0-a81f-c49ebcf01e0e,2026-09-15 20:59:48,1,0.0,1.0,there delivery partners never came to destination/door steps.
Food & Grocery,5,Delivery Delays & Rider Tracking,Blinkit,3,09281702-b162-4176-8963-a40e4968fc7e,2026-06-07 20:24:29,1,0.0,1.0,Wasa to delivery time pai krte hai ..... or kabhi kabhi to bhyiiii late itne hote hai jasa ki aj
Food & Grocery,5,Delivery Delays & Rider Tracking,Domino's,1,1631b094-6a71-4006-bdce-df16549d5fad,2026-04-03 17:37:57,1,0.0,1.0,very very wrost in delivery time only (3 km) but it late for 1hrs ago
Food & Grocery,5,Delivery Delays & Rider Tracking,Domino's,2,343adc64-fa0c-475c-ba7f-8578e93666e8,2026-04-03 18:15:36,1,-0.8519,1.0,i just hate this app delivery too late and they are keep delaying this app is hell
Food & Grocery,5,Delivery Delays & Rider Tracking,Domino's,3,8bfb5ce0-ef4b-4edc-b940-3323be5910e2,2026-07-05 22:22:47,1,0.0,1.0,bekar hai. kabhi bhi time pe delivery deta hai. always 1:30 - 2:30hrs late
Food & Grocery,5,Delivery Delays & Rider Tracking,Swiggy,1,033c4fa0-cfe9-4e43-b8c1-5fb2b1540cf8,2026-09-11 21:36:57,1,0.0,1.0,Delivery is always late. it takes 15-20 mins more always for food delivery.
Food & Grocery,5,Delivery Delays & Rider Tracking,Swiggy,2,0b277f98-cfa7-4f4c-9323-43a01d47999d,2026-05-05 16:08:52,1,-0.2942,1.0,delayed in assigning delivery partner ! For a cafe which is nearby
Food & Grocery,5,Delivery Delays & Rider Tracking,Swiggy,3,12a0a562-7370-418e-a34b-db7f44f009c1,2026-04-19 23:26:21,1,0.0,1.0,Always showing assigning delivery partner soon ....... 😒 always late 🙄 😒
Food & Grocery,5,Delivery Delays & Rider Tracking,Zomato,1,0f634ea3-3dd5-40ae-bfa6-a5f47480cf06,2026-05-24 20:17:40,1,-0.5719,1.0,"Zomato has now become a scam to the extent that they are misrepresenting the delivery time and possibly stretching their riders, actual delivery times differ by a magnitude"
Food & Grocery,5,Delivery Delays & Rider Tracking,Zomato,2,1b1a3cf4-e478-4acb-a524-6502d39a26d1,2026-06-12 18:04:00,1,-0.5413,1.0,delivery is very late & Zomato delivery partner behaves very rudely
Food & Grocery,5,Delivery Delays & Rider Tracking,Zomato,3,28676ca9-afc2-4152-8698-aa2ddccadf43,2026-05-10 01:28:30,1,0.0,1.0,always late delivery 🚚 zomato is slower than Indian Railways.
Food & Grocery,6,COD & Payment Option Failures,Blinkit,1,0555d124-b528-4120-ae91-d356ba06c52d,2026-09-19 19:51:17,1,-0.25,1.0,"cash on delivery not available for me, also cancel option not available"
Food & Grocery,6,COD & Payment Option Failures,Blinkit,2,3170da48-9778-4c05-ac2e-89362dc33663,2026-06-20 10:13:14,1,0.3182,1.0,why blinkit not available in our state it's only available in citys please available this all over india in all state and villages
Food & Grocery,6,COD & Payment Option Failures,Blinkit,3,404cc6c1-9e47-408a-9803-f36133207835,2026-04-09 01:24:09,1,0.0258,1.0,Blinkit is available only in urban areas why isn't it available in rural areas? I have a complaint regarding this. Please as soon as possible available blinkit in rural areas also.
Food & Grocery,6,COD & Payment Option Failures,Domino's,1,a1526693-83fc-45db-8790-a3faa8193511,2026-06-28 22:54:53,1,0.0,1.0,UPI OPPETION SHOULD BE AVAILABLE IF ITS DOSENOT INSTALL AT SAME MOBILE
Food & Grocery,6,COD & Payment Option Failures,Domino's,2,2f3e57a5-1207-478c-b083-dfa57d01ef21,2026-09-14 18:42:56,1,0.0,0.989,Cash on delivery has not been available in my Domino's app for the past 6 months
Food & Grocery,6,COD & Payment Option Failures,Domino's,3,252c941e-513e-49c2-8d91-7c4a465538cd,2026-07-31 17:37:15,1,-0.4215,0.985,muzaffarpur itna bara sahar me available hii Nhii bahut sare location waste app
Food & Grocery,6,COD & Payment Option Failures,Swiggy,1,558585b0-4b3b-4725-9da5-dfef7be8e39f,2026-05-11 11:36:01,1,-0.4019,1.0,nonsense app.. cash on delivery not available on some restaurents and gpay or paytm is also not available..then how make a online payment without upi..useless app
Food & Grocery,6,COD & Payment Option Failures,Swiggy,2,fb485ff9-cc82-4213-885b-b3ffacf3c44f,2026-09-13 00:03:43,1,-0.4215,1.0,waste app we didn't available cash on delivery at night in this app 0 ratings for Swiggy just only online payment method is available in the app
Food & Grocery,6,COD & Payment Option Failures,Swiggy,3,b4126b12-cb8c-4c7a-b340-16c4fbe3dc9f,2026-06-27 21:57:03,1,-0.5563,0.996,most dumbest app. if 0 rating is available that's your stand
Food & Grocery,6,COD & Payment Option Failures,Zomato,1,75df3b0b-4de1-4c62-bee6-25bd1c6ae468,2026-07-04 15:32:19,2,0.0,1.0,why cod is not available anymore . previously it available but it's unavailable now..
Food & Grocery,6,COD & Payment Option Failures,Zomato,2,ee77a483-ee3e-4b0b-929a-5874e2c18bf5,2026-04-11 10:16:11,1,0.0,0.993,cash on delivery not available 😢 is app ko use he nhi karuga
Food & Grocery,6,COD & Payment Option Failures,Zomato,3,4c463084-99e3-4091-9c18-10c2f84baf16,2026-04-22 21:27:33,1,0.0,0.989,cash on delivery not available that's why I uninstall the app
Payments,1,Failed Transfers & Debited Amounts,Google Pay,1,01dcaed7-2c9b-410f-9fe4-b50e309d8648,2026-05-11 18:08:38,1,-0.7501,1.0,the account is getting suspended every now and then and it's very irritated
Payments,1,Failed Transfers & Debited Amounts,Google Pay,2,0393ecd6-567d-4547-8f2c-d7c53e42ea85,2026-04-07 00:29:45,2,0.4215,1.0,Haven't received cashback even after I fulfilled all the specified terms and conditions.
Payments,1,Failed Transfers & Debited Amounts,Google Pay,3,0473aae6-3e23-4278-865b-3a7f00ad01fd,2026-07-25 18:59:44,1,0.1027,1.0,my huge amount stolen by this app please do not use this app
Payments,1,Failed Transfers & Debited Amounts,Paytm,1,0053ad30-2d84-4d56-81b5-d9496307cad6,2026-04-18 23:50:19,1,-0.5267,1.0,"Don't invest in Gold with Paytm. I bought Gold for Rs.,30,000 and Tried to sell it at the same time and I only got 27,300 Rupees, Lost around 2,700 as GST and Other Charges."
Payments,1,Failed Transfers & Debited Amounts,Paytm,2,019a85db-cf50-43b8-b66d-e0837799870c,2026-05-11 16:48:35,1,-0.25,1.0,"2026_05_11 something happened a few days ago on yr end and now it doesn't let me make payment. Always displaying that ""paused transaction because accessibility is on"" Now my money is stuck in wallet. Once I get my money back, I am gonna uninstall it and move to Gpay."
Payments,1,Failed Transfers & Debited Amounts,Paytm,3,02c2f508-fbdc-428c-a8ac-5053fb71f549,2026-04-15 09:05:08,1,0.0,1.0,Money not received primary account goes to old bank accounts..
Payments,1,Failed Transfers & Debited Amounts,PhonePe,1,0220db7f-a920-4624-8a5a-9c622506c320,2026-04-24 10:40:39,1,0.6705,1.0,"This aap will always force you to receive money on phonepe ,and pop up always on aap to apply for a credit card, hope less fellow,this is not a way to earn money"
Payments,1,Failed Transfers & Debited Amounts,PhonePe,2,02b937c0-1522-4022-b2ee-52637bbeb6b1,2026-04-12 14:14:30,1,0.1872,1.0,it's a skam aap it's making payments dirrectly to hotstar without any password please don't use it third party skam aap
Payments,1,Failed Transfers & Debited Amounts,PhonePe,3,05b74466-b7f7-47f4-b914-28d227792e69,2026-04-07 14:35:36,1,0.0,1.0,"third class application, if we add money to wallet we cannot use that for any payments and cant even withdraw amount to our wn bank untill kyc done z how many time they do lyc. sont use phonepe walled at any situation"
Payments,2,App Crashes & Update Regressions,Google Pay,1,4a16c414-a29d-41ba-87c3-5b878bb0dd21,2026-07-03 10:31:50,1,-0.128,0.987,dear sir google pat temporarily suspended my divas not working
Payments,2,App Crashes & Update Regressions,Google Pay,2,3090ac97-1c6a-4ffc-9378-edb68580f41e,2026-06-09 17:59:36,1,0.0,0.98,when I install this app on my new mobile it's not working properly.
Payments,2,App Crashes & Update Regressions,Google Pay,3,4e2be36e-a8de-40ca-a0e7-852fe655e3ca,2026-05-18 19:30:57,2,0.3182,0.978,"The app has not been working properly since morning, please fix it."
Payments,2,App Crashes & Update Regressions,Paytm,1,5c38b326-9ce0-42cb-9319-eaf34fdca175,2026-07-29 19:37:29,1,-0.5267,1.0,fingerprint not working properly in the app now . disgusting
Payments,2,App Crashes & Update Regressions,Paytm,2,9f0a4dab-bd29-4cf0-a1e2-74dd75d98778,2026-04-05 16:53:02,1,0.2263,0.997,"It was meh an ok app, little do you know it did not work for me at all."
Payments,2,App Crashes & Update Regressions,Paytm,3,2897dc6f-46fb-450a-800d-45215c9210b9,2026-09-13 08:29:02,1,0.0,0.993,The said app is not working properly as previously it's function was
Payments,2,App Crashes & Update Regressions,PhonePe,1,95842ae8-b4d5-47a7-a1c0-ea291e4c2de9,2026-09-18 15:14:47,1,-0.4767,1.0,The founder of this app is bikau and is working for dangerous organisation
Payments,2,App Crashes & Update Regressions,PhonePe,2,ddc2ec67-4465-4fce-9e7e-452b9f83a950,2026-09-08 09:21:45,1,0.0,0.971,"scanner is not working, i have to reinstalled the app to make scanner working"
Payments,2,App Crashes & Update Regressions,PhonePe,3,066b84f7-ed92-40ed-9874-dbeca62363a0,2026-04-08 11:49:07,1,0.2235,0.97,this app is not working properly and not reported complaint properly and never action it that's why I uninstalled this
Payments,3,Device Environment & Security Scan Errors,Google Pay,1,42efbb7d-2df5-49ec-979f-47b5b5834ae9,2026-05-18 09:54:25,1,-0.4767,0.863,this app hanging my device automatically disabling other functionality plus unable to uninstall
Payments,3,Device Environment & Security Scan Errors,Google Pay,2,13ddd1f2-4c2b-4515-b670-6cddf1bfb1b7,2026-06-21 21:34:16,1,0.0,0.858,Unable to scan OR code (black screen) on Android 10 or below devices.
Payments,3,Device Environment & Security Scan Errors,Google Pay,3,22e24927-1b8c-46b3-ab43-bea395e6c6b7,2026-06-09 08:58:37,2,-0.4215,0.839,This App needs to warn us beforehand of any server congestion or errors.
Payments,3,Device Environment & Security Scan Errors,Paytm,1,009fb206-f2cb-4f42-bb97-dc30ed261fec,2026-06-06 18:16:52,1,-0.4019,1.0,The app does not open and always shows an error ' device environment is not correct '
Payments,3,Device Environment & Security Scan Errors,Paytm,2,034fec74-2701-47cd-b79a-da2722e4e67a,2026-08-10 20:48:16,1,0.0,1.0,when I use this app notification pop device environment is not correct
Payments,3,Device Environment & Security Scan Errors,Paytm,3,069b5c75-7dbd-4235-9355-b7dbb38b2a43,2026-08-16 12:03:10,1,0.3089,1.0,not open apps error showing device environment not correct apps version 10.83.12
Payments,3,Device Environment & Security Scan Errors,PhonePe,1,e5208676-5776-4f86-bfe8-a4692f1fcd22,2026-08-05 03:19:21,1,-0.2263,0.988,I can't verify my device ... now I.cant stopped the autoplay also
Payments,3,Device Environment & Security Scan Errors,PhonePe,2,d9a81b2f-7069-41fc-a1c9-569bc6dbed71,2026-08-26 21:03:18,1,0.1027,0.805,"The app has not opened, it's automatically closed . It's an important app to me, but I am unable to open it."
Payments,3,Device Environment & Security Scan Errors,PhonePe,3,6cb0639c-9221-48f7-945b-c9d55634fe39,2026-05-06 11:33:39,1,-0.2644,0.804,The app isn't opening at all. It freezes when I open the app and I can't control it. Please fix this bug asap
Payments,4,Account Blocking & AutoPay Issues,Google Pay,1,64b38cde-15da-4f7f-8126-adce2052be62,2026-05-30 23:10:41,1,-0.8516,0.967,Fraud app this app is totally fraud isse accha phone pay app hai
Payments,4,Account Blocking & AutoPay Issues,Google Pay,2,7f3eb5cf-40a2-493b-ae5f-39c5668769ff,2026-08-12 18:34:36,1,0.2263,0.964,sir kisi person pe paisa pay nhi ho rha hai sir please sir slove
Payments,4,Account Blocking & AutoPay Issues,Google Pay,3,d21e1966-cbf3-4a23-bc34-3a62978fde9d,2026-07-16 13:15:47,1,0.0258,0.964,my google pay acount in not seen Auto pay please seen my gp acount Auto pay
Payments,4,Account Blocking & AutoPay Issues,Paytm,1,3233d8f8-249d-4c66-a555-7adb2ed6b98f,2026-09-05 21:14:40,1,-0.3612,1.0,are paytm lanja koduka enstha mony app lanja kodukulu 199 pay Chesina Tharuvatha lone ravadam ledhu Miru Endhuku rikamand chestharu valla app ni
Payments,4,Account Blocking & AutoPay Issues,Paytm,2,7d4f2a91-5586-438a-b42b-9adb3898d983,2026-07-17 12:42:33,1,0.0,1.0,mere phone me to chl hi nhi rha ye aap phle to shi chlta tha
Payments,4,Account Blocking & AutoPay Issues,Paytm,3,c7395146-1f39-4c7e-8d1f-f273663221d9,2026-08-22 17:47:16,1,0.0,0.988,Jahan per phone per Google per sab chalta hai vahan per aapka nahin chalta hai
Payments,4,Account Blocking & AutoPay Issues,PhonePe,1,005a1811-8d7f-4c68-b8ae-1f088a95ace3,2026-07-25 14:28:52,1,-0.1027,1.0,mera phone pay hitroy nhi dikha raha hai ek dum bakvas app ho gaya h
Payments,4,Account Blocking & AutoPay Issues,PhonePe,2,03f8759b-a9bd-41bc-aeda-7b7a0fbf3e8f,2026-05-02 15:52:59,1,-0.1027,1.0,mera phone pay ka screen slow ho jati hai fir kuch bhi dabo nhi kam karta hai
Payments,4,Account Blocking & AutoPay Issues,PhonePe,3,2fcd5229-c68f-4a03-bfca-0e4d9ca23e70,2026-08-14 23:45:50,1,-0.1027,1.0,mera jo loan ke liye 199 rupaye kate ho wo abhi wapas karo nahi kal hi mai phone pay par case larunga
Payments,5,Customer Support Unresponsiveness,Google Pay,1,48a1cc68-fec9-4184-b6a0-d8fc7e7174bd,2026-08-30 01:15:47,1,0.4939,1.0,no support after 0001 to 0800 hrs confirmed by calling to support group
Payments,5,Customer Support Unresponsiveness,Google Pay,2,ab71571d-709d-4cf3-bda5-7153df00b156,2026-09-04 11:56:59,1,-0.3597,1.0,very poor customer support..dated 04sep26. remaining feature is okay.
Payments,5,Customer Support Unresponsiveness,Google Pay,3,e85ebbf7-08a8-499a-bb36-0f422d07d4b1,2026-09-05 11:27:38,1,-0.7841,1.0,very worst customer service. they're harrasment speech and ignore services
Payments,5,Customer Support Unresponsiveness,Paytm,1,1d2fee40-ac50-42e9-ab44-baf9a941c7f0,2026-08-12 22:25:38,1,0.4939,1.0,customer care call service not available for any query or discussion not available any person
Payments,5,Customer Support Unresponsiveness,Paytm,2,212b875e-a28f-479f-9c71-2605991b4e45,2026-05-25 23:42:57,1,0.128,1.0,there's is no option available for customer support for call
Payments,5,Customer Support Unresponsiveness,Paytm,3,24de69d6-80a6-4340-91e3-3c17c0db916c,2026-04-22 05:54:49,1,-0.8096,1.0,Paytm ki very very poor service Paytm very poor service & Quily
Payments,5,Customer Support Unresponsiveness,PhonePe,1,006df9d7-2258-47c0-ae6e-d1838ced1f1d,2026-09-14 10:02:57,1,-0.2263,1.0,when it comes customer care service phone pe is the worst app
Payments,5,Customer Support Unresponsiveness,PhonePe,2,06ca793d-5157-4f0c-9215-4f992678e634,2026-04-11 13:29:46,1,0.2092,1.0,very very bad service for customer support and customer care 😞😞
Payments,5,Customer Support Unresponsiveness,PhonePe,3,0babec45-f231-4c95-aab7-d46dcb856e0e,2026-04-20 14:43:21,1,0.5612,1.0,no support from customer care. you can't reach them even after calling 100 times
Shopping,1,Return Rejection & Defective Products,Amazon,1,0160d68e-770a-48b9-bbdb-b747511676e5,2026-07-15 12:23:07,1,-0.4019,1.0,"search problem I can't find products that are available on it even after searching. Even if I know the name of the product, the product won't actually appear."
Shopping,1,Return Rejection & Defective Products,Amazon,2,0891893f-299f-46fb-950a-1a77731c95f9,2026-08-16 18:23:41,1,-0.5423,1.0,you guys are troubling me on purpose I never click on return the product washing machine
Shopping,1,Return Rejection & Defective Products,Amazon,3,0a0affb2-2277-4e87-b258-9ac18ea6d431,2026-07-16 10:02:30,1,0.1779,1.0,Amazon se soch samjh ker product purchase kare yaha sab seller chhore hai.
Shopping,1,Return Rejection & Defective Products,Flipkart,1,00186ac8-acb4-40ce-8ccd-8aad098ac386,2026-09-16 08:31:22,1,0.1531,1.0,plz remove the ai pics of the product it does not show the actual image and we have to return the product do it plz asap
Shopping,1,Return Rejection & Defective Products,Flipkart,2,01b192c8-e3be-4ba6-a511-a3869795751e,2026-06-20 19:28:37,2,-0.4588,1.0,everything is well but the problem is the product given in pic and received product is not of same material if possible then the real images of product have to be showed on cover page
Shopping,1,Return Rejection & Defective Products,Flipkart,3,020b947e-7830-4c07-9c2b-c07d45078c7a,2026-05-26 15:33:35,1,-0.0072,1.0,I jus booked a product I need to check whether the product is real or fake . cuz I heard that flipkart sellers are not 90 percent fraud.
Shopping,1,Return Rejection & Defective Products,Meesho,1,00181563-ac65-4323-b4ab-e071e36331ef,2026-08-05 14:16:33,1,0.0,1.0,"guys don't buy the product from meesho ....First the you buy the product, then the product is not working, then you will not able return because the they removed return option from the product...like mini sewing machine and other"
Shopping,1,Return Rejection & Defective Products,Meesho,2,00f3bd8e-c6c8-49fc-8c8c-fdd93e441ae2,2026-06-18 12:28:41,1,0.0,1.0,bahut bekar app he isme hamara product le gaya lekin return nahi aaya
Shopping,1,Return Rejection & Defective Products,Meesho,3,01bd3747-0941-476c-abcb-03a1adfc5a1e,2026-06-07 17:14:07,1,-0.4404,1.0,bhut kharb aap hai is aap ka manna hai bs product lo agr return kr do toh block kr dete hai bhut kharb aap hai 🫤
Shopping,1,Return Rejection & Defective Products,Myntra,1,0585dfd6-38d9-4382-925e-1436e10674f7,2026-06-25 09:02:13,1,-0.5574,1.0,use less product and seller send defect product after that they refuse for return
Shopping,1,Return Rejection & Defective Products,Myntra,2,06d42686-32de-40ca-83d4-5804f2deef79,2026-04-07 14:11:10,1,0.0,1.0,Top's colour is different and bottom 's colour is different .
Shopping,1,Return Rejection & Defective Products,Myntra,3,0ac2b797-ae9a-4d24-9793-07c957541e5f,2026-09-05 14:30:37,1,0.0,1.0,selling product on more than MRP showing MRP on their app is more than actual
Shopping,2,Customer Service & Escalation Failure,Amazon,1,13183295-7837-477d-9a52-acde6c116ad7,2026-07-14 13:35:47,1,0.7096,1.0,bakwas app he. coustomer care support nahi kar rahi he loging dikhat ke liye
Shopping,2,Customer Service & Escalation Failure,Amazon,2,13aa4340-3bdd-44b5-8132-16b98afeff81,2026-04-24 09:05:07,1,0.6605,1.0,👋 very disappointed now adays updated app doesn't have chat section in customer care section and not even request a call part difficult to connect customer care service. please resolve it ASAP
Shopping,2,Customer Service & Escalation Failure,Amazon,3,13cd1803-e501-41d5-a049-2e93de169b50,2026-04-10 07:48:02,1,-0.3048,1.0,Earlier there was option to reach customer care team quickly. But now that option is hiding and it is a task to find a way to reach customer care. Highly dissatisfying
Shopping,2,Customer Service & Escalation Failure,Flipkart,1,018d01da-2ad6-4622-bc5f-a0ae1e4e7455,2026-08-07 18:33:11,1,0.7351,1.0,Flipkart mein Koi customer support nahi Hai usmein Keval AI bot kam karta hai Jo ki faltu ke jawab deta hai nahin Koi customer care number hai ismein shopping karne se pahle 10 soch le
Shopping,2,Customer Service & Escalation Failure,Flipkart,2,0194b501-a80e-43e2-8421-14d5accedee3,2026-07-18 12:35:28,1,0.4767,1.0,pathetic customer care.. amazon is far better when it comes to service and customer care .
Shopping,2,Customer Service & Escalation Failure,Flipkart,3,051e5e53-9955-49f9-97b2-549afb00aa41,2026-07-12 09:22:45,1,0.5789,1.0,Why there is no customer care number I want to talk with the executive but to contact with him there is no customer care number then what should I do tell me
Shopping,2,Customer Service & Escalation Failure,Meesho,1,076dff5e-819a-46a0-bac6-0826800f8fb2,2026-07-19 16:09:41,1,0.5775,1.0,what nonsense???mera login hi nehi ho raha he customer care call nehi kar rahe...or utha rahe he..
Shopping,2,Customer Service & Escalation Failure,Meesho,2,18f86251-4bd4-4c39-abd0-f3087d782719,2026-05-21 18:38:45,1,0.4939,1.0,"bohot kharap ap hai instol nehi hota,, customer care ko cal karne par recived v nehi karta hai"
Shopping,2,Customer Service & Escalation Failure,Meesho,3,191a05f0-ec57-4c69-aab6-5c660f03ed5f,2026-07-10 12:50:43,1,0.6597,1.0,"i cannot open the app , and after 100s of customer support calls. i cannot talk to a customer support executive yet"
Shopping,2,Customer Service & Escalation Failure,Myntra,1,1dba3a19-94f2-4a17-b0aa-02838c1784af,2026-07-20 19:47:57,2,0.3682,1.0,"Customer care services are so awful, how can they set bot on Customer care."
Shopping,2,Customer Service & Escalation Failure,Myntra,2,2c928ce1-7c9e-4116-a5df-aab5249aee80,2026-09-12 12:44:41,1,0.0258,1.0,poor customer response and irregular answer for the customer problems care lessness for the customer support
Shopping,2,Customer Service & Escalation Failure,Myntra,3,4349faa4-c6b3-4f32-8dfc-62d149b98b3d,2026-04-29 22:24:27,1,0.4019,1.0,"bilkul bhi achha nhi hai myntra or sabse kharab eska customer support team and system hai, esse kuch bhi bulvana paiso ki barbadi hai 😡😡😡😡😡"
Shopping,3,Courier Delays & Delivery Agent Issues,Amazon,1,1b732c5a-b0b2-4f10-944f-d8a7e2ade60b,2026-04-24 11:57:19,1,-0.3252,1.0,coimbatore side fast delivery not true dont wrste ur morny plzzzz
Shopping,3,Courier Delays & Delivery Agent Issues,Amazon,2,25a15f9c-7b43-4e8b-86da-8ccc32cdb3de,2026-04-09 18:51:13,1,0.3182,1.0,in gullak not there cash on delivery I will do case please put cash on delivery
Shopping,3,Courier Delays & Delivery Agent Issues,Amazon,3,25d73299-b3c2-4891-a791-d46f5ba64ac1,2026-08-23 08:52:34,1,0.0,1.0,delivery is extremely slow in this app unless u are a prime member delivery will be too late for u
Shopping,3,Courier Delays & Delivery Agent Issues,Flipkart,1,04292e32-5708-4441-b331-c0a76f9383ea,2026-06-17 10:21:33,1,0.0,1.0,Delivery is not available on Mumbai number400010 Cash on delivery not available😡
Shopping,3,Courier Delays & Delivery Agent Issues,Flipkart,2,0e9399a2-2cbb-4848-b029-785c83c8a813,2026-07-10 11:14:17,1,0.0,1.0,yaha par cash on delivery hai he nahi mere location par last 1 year se main Flipkart se kuch maga nahi pa raha hoon
Shopping,3,Courier Delays & Delivery Agent Issues,Flipkart,3,100abbae-a1b8-49e9-ac12-062ad4b82c7b,2026-07-27 15:25:58,1,0.0,1.0,yah bahut kharab app hai iski delivery boy bahut badtamiz hai time set delivery nahin milati Hai
Shopping,3,Courier Delays & Delivery Agent Issues,Meesho,1,06c0445a-d01b-4b47-bf7f-dde5ff8512df,2026-06-15 18:29:47,1,0.0,1.0,bahut gatiya sarvice hai inki aur inka delivery partner bhi bahut batmiji hota hai
Shopping,3,Courier Delays & Delivery Agent Issues,Meesho,2,0a8e5dfc-f481-4ae6-b851-79616db81171,2026-06-16 20:28:44,2,-0.3182,1.0,"Late delivery, delivery boy behaviour, Largest amount, delivery delay, delivery boy behaviour delivery boy attitude"
Shopping,3,Courier Delays & Delivery Agent Issues,Meesho,3,1f405acb-1e6c-47dc-80d3-947c076f2392,2026-05-29 10:42:12,1,0.0,1.0,yah ek bekar app h yha par cash on delivery nhi hoti h muje yah app bilkul bhi pasand nhi aaya
Shopping,3,Courier Delays & Delivery Agent Issues,Myntra,1,a598a309-4d71-4e4b-b4a2-68b3fe8d9608,2026-05-13 18:13:48,1,0.0,1.0,Bhot bekr appp hai oder lekr kr delivery nhi krte hai aur delivery apne hi pas se re attment krte rhets hai bakwas apppp
Shopping,3,Courier Delays & Delivery Agent Issues,Myntra,2,cfeef42f-7603-4e63-9ce0-aef4b629f3b4,2026-09-12 01:52:57,1,0.0,1.0,ghatiya..... Delhi me delivery nahi ho raha hai to kaha hoga
Shopping,3,Courier Delays & Delivery Agent Issues,Myntra,3,d82f8eea-33ac-4c2b-9861-203d8da0305b,2026-09-20 00:24:49,2,0.5423,1.0,"why cash on delivery is suddenly off ,, in front of this festive season,,, uninstalling"
Shopping,4,Poor Shopping Experience & Fabric Quality,Amazon,1,86fe483a-48e4-44be-b3b8-22349345ff17,2026-06-30 09:20:25,1,-0.5423,1.0,now 50 rs cashback on 499.. previously it was on 399 it's bad
Shopping,4,Poor Shopping Experience & Fabric Quality,Amazon,2,9b7ae25c-5fb9-41be-90de-e4bea444f16d,2026-08-20 20:32:25,1,-0.9032,1.0,this is very bad app and his delevery rider and all staff very bad and unprofessional
Shopping,4,Poor Shopping Experience & Fabric Quality,Amazon,3,bad3ce21-e8fa-4bdc-8392-67245933415e,2026-09-09 04:37:52,1,-0.8218,1.0,very bad app. I need 10k frize but he suggested me 66k frize.verry bad app...
Shopping,4,Poor Shopping Experience & Fabric Quality,Flipkart,1,2dbbd2b9-19c2-4d2b-9e6c-81942fe704d9,2026-04-26 14:43:31,1,-0.5625,1.0,very very very very very very very very very very very very very very very bad app in the world usse achcha to Amazon aur meesho mein
Shopping,4,Poor Shopping Experience & Fabric Quality,Flipkart,2,7fc0f72c-07fb-4687-9d66-440ae9cc2dfe,2026-05-28 23:40:32,1,-0.5849,1.0,500 gram ki doodh ki thaili 65 ki ayi h . very bad app dikhate kuch h aata kuch h .
Shopping,4,Poor Shopping Experience & Fabric Quality,Flipkart,3,84abbd58-80ba-4db5-8a7f-be647e3f605a,2026-05-17 01:19:29,1,0.2578,1.0,not very bad but somehow satisfactory. Difficult to operate.
Shopping,4,Poor Shopping Experience & Fabric Quality,Meesho,1,08aa4a7f-556d-410a-adf9-832639c69458,2026-08-11 17:03:26,1,0.4939,0.988,This app not bad it's workars are bad ajj 5 din ho gye meri complain diye per koi result nhi aya
Shopping,4,Poor Shopping Experience & Fabric Quality,Meesho,2,a6701e0e-b850-4ed9-9cd9-c90fc3be46dd,2026-05-09 20:56:52,1,-0.8514,0.984,very bad aap 😢 koi be mesho ke oder history delete nhi kr pa rha kuch mgane k bad koi admi oder history hide nhi kr pa rha h
Shopping,4,Poor Shopping Experience & Fabric Quality,Meesho,3,f844357a-63da-4e2b-9402-ef13353b5136,2026-09-06 21:45:37,1,-0.9176,0.984,very bad app not responsible mare 1120 rupees thag liye very bad I am very disappointed 😔☹️
Shopping,4,Poor Shopping Experience & Fabric Quality,Myntra,1,ad3fc229-a990-447d-8eb4-751d8125a2a4,2026-09-19 09:37:16,1,-0.8922,0.998,very bad systems and very bad helpline useless and unhelpful.
Shopping,4,Poor Shopping Experience & Fabric Quality,Myntra,2,23bde672-988d-41af-87d3-d112049c4a70,2026-07-05 13:07:22,1,0.1458,0.96,frod app sharing information very bad app please don't download it
Shopping,4,Poor Shopping Experience & Fabric Quality,Myntra,3,d4a04135-bfef-4ab6-baa6-0375227a5687,2026-08-22 00:25:34,1,0.0,0.956,"very bad,iska saman bahut mahenga hai or mesho shopsy se dubble rate hai ,isse badhiya mesho shopsy hai"
Shopping,5,Extreme Dissatisfaction & Scam Allegations,Amazon,1,9e6fc3d0-632c-417e-b41a-728c8035463e,2026-06-02 09:05:19,1,-0.9545,1.0,worst experience worst worst worst application in the playstore
Shopping,5,Extreme Dissatisfaction & Scam Allegations,Amazon,2,af797c97-e979-47a8-9dc2-fbe394df01aa,2026-09-09 15:49:44,1,-0.5267,1.0,Amazon is the worst app i ever seen this is remove the playstore
Shopping,5,Extreme Dissatisfaction & Scam Allegations,Amazon,3,68d29515-da4f-49a0-857b-008621ddacd5,2026-07-23 14:38:11,1,-0.6808,0.987,worst appp worst experience other apps are better than Amazon
Shopping,5,Extreme Dissatisfaction & Scam Allegations,Flipkart,1,6f71acc7-924f-4692-bb02-34fa5ca9f76e,2026-08-01 21:17:11,1,-0.9545,1.0,worst app many things are worst in this app very worst app worst app of all apps in india
Shopping,5,Extreme Dissatisfaction & Scam Allegations,Flipkart,2,79b01148-3f97-4533-9ff4-513c1fe7e17b,2026-09-13 19:14:22,1,-0.9545,1.0,"worst E-commerce website, worst service, worst interface , worst app ."
Shopping,5,Extreme Dissatisfaction & Scam Allegations,Flipkart,3,f01b616a-b64d-48c8-9f3f-401f71fc600e,2026-05-24 22:31:13,1,-0.6249,0.998,"worst app, they don't spend a single penny for employees and interns"
Shopping,5,Extreme Dissatisfaction & Scam Allegations,Meesho,1,0d284780-5e27-4aeb-9cac-14ab56ab7406,2026-04-02 21:22:44,1,-0.9904,1.0,worst worst experience they always sending messages about pay later of meesho it is harassment so it is the worst worst worst worst worst worst app for ever
Shopping,5,Extreme Dissatisfaction & Scam Allegations,Meesho,2,325f41ac-7667-499c-af3e-f8d0b9b89648,2026-07-28 11:40:36,1,-0.6249,0.996,this is the worst app ever they suspend my account for speaking truth
Shopping,5,Extreme Dissatisfaction & Scam Allegations,Meesho,3,a9b865fa-cacd-4cfa-b456-a5740779205d,2026-04-02 22:49:55,1,-0.8685,0.986,very worst apps this aap konw as the first copy Meesho very worst aap
Shopping,5,Extreme Dissatisfaction & Scam Allegations,Myntra,1,157886cc-33cc-4748-af53-9caa6b17cf69,2026-05-16 15:38:16,1,-0.1027,0.991,this is the baddest app.you can ever have ..... please delete this app from play store also...it is worst then chat gpt
Shopping,5,Extreme Dissatisfaction & Scam Allegations,Myntra,2,802fc077-2d79-4778-9b94-531cc3fad830,2026-08-24 12:17:37,1,-0.831,0.974,I'm very disappointed with this app it's a very worst app I have seen ever
Shopping,5,Extreme Dissatisfaction & Scam Allegations,Myntra,3,78964cfe-648e-4e7f-adda-0c46cb79b937,2026-07-12 05:34:22,1,-0.8492,0.972,verrry very very very very worst apppp lunch box is 1699 is too over very irritating appp I do uninstall
Shopping,6,Order Cancellation & Rescheduling,Amazon,1,02f966eb-29a8-480a-8a56-8a8c6b3fda37,2026-06-13 02:08:47,1,-0.0772,1.0,why my previous order was cancelled by Amazon which is delivering on 16 June 2026
Shopping,6,Order Cancellation & Rescheduling,Amazon,2,0526e874-4aaa-4a5c-96fb-5bf8080961f1,2026-05-12 00:07:49,1,-0.25,1.0,meri hi id se koi unknown person order kaise kr skta h and mera khud ka order cancel ho rha h auto whyyyyh
Shopping,6,Order Cancellation & Rescheduling,Amazon,3,092e6fe6-8ea6-4ebb-b9e5-5f1f74fb229c,2026-06-04 15:47:11,1,-0.25,1.0,vese to ek star ke layak bhi nhi hai. mene order mangaya to phir cancel ❌ hi nhi hua
Shopping,6,Order Cancellation & Rescheduling,Flipkart,1,0168476d-9f73-4cf5-b9de-2d8b40143092,2026-04-07 07:47:16,1,0.34,1.0,Flipkart sab se froad application ha es se koi bee order mat kro
Shopping,6,Order Cancellation & Rescheduling,Flipkart,2,04fd7c6d-70e4-4772-9749-30e3b6cae745,2026-07-01 14:37:52,1,-0.7501,1.0,very poor my order is cancelled by them they say you order has been cancelled order again
Shopping,6,Order Cancellation & Rescheduling,Flipkart,3,05ce863f-fa41-4ad5-938e-dc267850794c,2026-07-04 23:36:11,1,-0.6249,1.0,Fraudkart. Iphone goat sale. order cancelled 3rd time. What a frustration 👿
Shopping,6,Order Cancellation & Rescheduling,Meesho,1,0174f97f-c685-4d59-afca-30176c6cab76,2026-05-20 12:05:24,1,-0.1027,1.0,Maine ek shirt pay later ke option se order kar raha tha shirt order hua bhi nahi aur 243 ka reciept bhi aa gaya ki 15 jun tak dena hai
Shopping,6,Order Cancellation & Rescheduling,Meesho,2,029ec2c5-e88c-4e71-9998-393c6011ea39,2026-05-13 15:06:53,1,-0.6361,1.0,this app is automatically cancelled my order this is very dirty
Shopping,6,Order Cancellation & Rescheduling,Meesho,3,03fddd58-ab58-4c06-aadd-ef63603fc8e4,2026-07-31 16:23:18,1,0.3182,1.0,Maine order kiya tha perfume teen uska payment bhi ho gaya tha total payment 346 Mera order dikhai nahin de raha hai please aap log kuchh Karen
Shopping,6,Order Cancellation & Rescheduling,Myntra,1,018178da-00b6-483a-be39-8795f52967b6,2026-06-03 12:34:59,1,-0.25,1.0,this app always automatically cancel the order.. wrost purchasing aap
Shopping,6,Order Cancellation & Rescheduling,Myntra,2,020da577-46af-4a81-a75d-ab0fdc029ac0,2026-06-04 18:44:52,1,0.25,1.0,cancelled order after 7 days and they say sorry ...sighting technical glitch....but not specific. How to trust on further orders?
Shopping,6,Order Cancellation & Rescheduling,Myntra,3,069c35fd-0f84-45dc-9634-bace42fed0c0,2026-09-06 10:27:04,1,-0.25,1.0,order ko apne app cancel kar diya jab ki main uss order k liye 5 din se wait kar raha tha
