level,group,model,n_test,positive_rate,accuracy,precision,recall,f1_score,roc_auc,pr_auc
domain,Food & Grocery,logistic_regression,99491,0.2174,0.9189,0.772,0.8898,0.8267,0.9515,0.8935
domain,Food & Grocery,random_forest,99491,0.2174,0.9095,0.7382,0.905,0.8131,0.9526,0.8948
domain,Payments,logistic_regression,30747,0.1286,0.9166,0.6429,0.7914,0.7094,0.9105,0.7358
domain,Payments,random_forest,30747,0.1286,0.913,0.6255,0.8053,0.7041,0.9155,0.7496
domain,Shopping,logistic_regression,97360,0.1924,0.926,0.7917,0.8352,0.8128,0.9327,0.867
domain,Shopping,random_forest,97360,0.1924,0.9196,0.7635,0.8435,0.8015,0.9329,0.8688
app_name,Amazon,logistic_regression,6705,0.5482,0.9224,0.908,0.9554,0.9311,0.9653,0.9676
app_name,Amazon,random_forest,6705,0.5482,0.9253,0.9078,0.9614,0.9338,0.9668,0.9694
app_name,Blinkit,logistic_regression,45707,0.1895,0.911,0.7136,0.8865,0.7907,0.949,0.864
app_name,Blinkit,random_forest,45707,0.1895,0.8954,0.6644,0.9062,0.7666,0.9491,0.8654
app_name,Domino's,logistic_regression,8568,0.2394,0.9192,0.8076,0.8698,0.8376,0.9439,0.8934
app_name,Domino's,random_forest,8568,0.2394,0.9147,0.7835,0.8893,0.8331,0.9476,0.8977
app_name,Flipkart,logistic_regression,53192,0.1812,0.9149,0.7822,0.7348,0.7577,0.8839,0.7959
app_name,Flipkart,random_forest,53192,0.1812,0.9133,0.7708,0.7418,0.756,0.8879,0.8001
app_name,Google Pay,logistic_regression,4049,0.2339,0.8763,0.696,0.8363,0.7597,0.9141,0.7964
app_name,Google Pay,random_forest,4049,0.2339,0.874,0.6847,0.8553,0.7606,0.9196,0.8131
app_name,Meesho,logistic_regression,20509,0.1783,0.9286,0.7377,0.9303,0.8229,0.9714,0.9097
app_name,Meesho,random_forest,20509,0.1783,0.9154,0.6934,0.942,0.7988,0.9717,0.9088
app_name,Myntra,logistic_regression,16954,0.1038,0.9592,0.7399,0.9363,0.8266,0.9788,0.918
app_name,Myntra,random_forest,16954,0.1038,0.9426,0.6536,0.9494,0.7742,0.9783,0.9258
app_name,Paytm,logistic_regression,9026,0.1436,0.9182,0.6746,0.8318,0.745,0.928,0.7885
app_name,Paytm,random_forest,9026,0.1436,0.9152,0.6612,0.8403,0.7401,0.9325,0.7983
app_name,PhonePe,logistic_regression,17672,0.0968,0.9251,0.5908,0.7358,0.6554,0.8887,0.6635
app_name,PhonePe,random_forest,17672,0.0968,0.9207,0.5686,0.751,0.6472,0.894,0.6776
app_name,Swiggy,logistic_regression,15001,0.3515,0.9299,0.8816,0.9249,0.9027,0.964,0.9482
app_name,Swiggy,random_forest,15001,0.3515,0.9291,0.8727,0.9346,0.9026,0.9657,0.9483
app_name,Zomato,logistic_regression,30215,0.1869,0.9252,0.7634,0.8691,0.8129,0.9446,0.8769
app_name,Zomato,random_forest,30215,0.1869,0.9197,0.7393,0.8814,0.8041,0.9468,0.8792
