model,metric,estimate,ci_low,ci_high,ci_half_width
logistic_regression,accuracy,0.92164,0.92059,0.92267,0.00104
logistic_regression,precision,0.76718,0.76363,0.77085,0.00361
logistic_regression,recall,0.85791,0.85472,0.86087,0.00307
logistic_regression,f1_score,0.81001,0.80732,0.81258,0.00263
logistic_regression,roc_auc,0.93996,0.93851,0.94134,0.00141
logistic_regression,pr_auc,0.871,0.86811,0.87376,0.00282
random_forest,accuracy,0.91433,0.91322,0.91542,0.0011
random_forest,precision,0.73724,0.73377,0.74104,0.00363
random_forest,recall,0.87011,0.86704,0.873,0.00298
random_forest,f1_score,0.79819,0.79546,0.80088,0.00271
random_forest,roc_auc,0.94106,0.93958,0.94241,0.00141
random_forest,pr_auc,0.87349,0.87083,0.87619,0.00268
random_forest_minus_logistic_regression,accuracy,-0.00731,-0.00797,-0.00662,0.00068
random_forest_minus_logistic_regression,precision,-0.02993,-0.03199,-0.02791,0.00204
random_forest_minus_logistic_regression,recall,0.01221,0.01084,0.01373,0.00144
random_forest_minus_logistic_regression,f1_score,-0.01182,-0.01322,-0.01031,0.00145
random_forest_minus_logistic_regression,roc_auc,0.0011,0.00053,0.00168,0.00058
random_forest_minus_logistic_regression,pr_auc,0.00249,0.00137,0.00359,0.00111
