app_name,month,review_count,avg_score,dominant_version,pct_crash,pct_login_auth,pct_payment,pct_performance_slow,pct_bug_glitch,pct_customer_support,pct_ui_ux,pct_ads_spam,pct_delivery_order,pct_notifications
Myntra,2026-04,162,2.3333333333333335,4.2603.20,0.0,0.006172839506172839,0.1728395061728395,0.006172839506172839,0.024691358024691357,0.2654320987654321,0.1111111111111111,0.006172839506172839,0.043209876543209874,0.018518518518518517
Myntra,2026-05,227,2.4140969162995596,4.2604.20,0.0,0.022026431718061675,0.17180616740088106,0.01762114537444934,0.004405286343612335,0.3524229074889868,0.07488986784140969,0.0,0.00881057268722467,0.004405286343612335
Myntra,2026-06,351,2.2934472934472936,4.2605.21,0.002849002849002849,0.011396011396011397,0.11965811965811966,0.005698005698005698,0.011396011396011397,0.33903133903133903,0.05982905982905983,0.0,0.03418803418803419,0.014245014245014245
Myntra,2026-07,682,2.9120234604105573,4.2606.30,0.002932551319648094,0.013196480938416423,0.1217008797653959,0.011730205278592375,0.02346041055718475,0.25806451612903225,0.05571847507331378,0.001466275659824047,0.01906158357771261,0.005865102639296188
Myntra,2026-08,1043,2.6155321188878236,4.2608.20,0.0028763183125599234,0.012464046021093002,0.1332694151486098,0.013422818791946308,0.010546500479386385,0.2464046021093001,0.029721955896452542,0.006711409395973154,0.020134228187919462,0.005752636625119847
Myntra,2026-09,532,2.8214285714285716,4.2608.40,0.0018796992481203006,0.009398496240601503,0.12030075187969924,0.007518796992481203,0.011278195488721804,0.2161654135338346,0.03383458646616541,0.007518796992481203,0.015037593984962405,0.0037593984962406013
Paytm,2018-09,18,1.4444444444444444,7.3.5,0.05555555555555555,0.1111111111111111,0.3333333333333333,0.0,0.2222222222222222,0.4444444444444444,0.0,0.05555555555555555,0.0,0.0
Paytm,2018-10,27,1.1851851851851851,7.4.2,0.0,0.14814814814814814,0.25925925925925924,0.07407407407407407,0.2962962962962963,0.6296296296296297,0.0,0.0,0.07407407407407407,0.0
Paytm,2018-11,23,1.2173913043478262,7.4.2,0.043478260869565216,0.043478260869565216,0.17391304347826086,0.043478260869565216,0.2608695652173913,0.43478260869565216,0.043478260869565216,0.0,0.13043478260869565,0.0
Paytm,2018-12,21,1.4285714285714286,8.0.1,0.047619047619047616,0.09523809523809523,0.14285714285714285,0.0,0.14285714285714285,0.5238095238095238,0.0,0.0,0.0,0.0
Paytm,2019-01,14,1.5714285714285714,8.0.2,0.0,0.0,0.2857142857142857,0.0,0.14285714285714285,0.42857142857142855,0.0,0.0,0.0,0.0
Paytm,2019-02,7,1.2857142857142858,8.1.1,0.0,0.0,0.2857142857142857,0.0,0.14285714285714285,0.5714285714285714,0.0,0.0,0.0,0.0
Paytm,2019-03,14,1.4285714285714286,8.2.3,0.0,0.0,0.2857142857142857,0.0,0.14285714285714285,0.6428571428571429,0.0,0.0,0.0,0.0
Paytm,2019-04,12,1.8333333333333333,8.2.3,0.0,0.25,0.25,0.08333333333333333,0.0,0.16666666666666666,0.0,0.0,0.0,0.0
Paytm,2019-05,17,2.588235294117647,8.2.6,0.0,0.058823529411764705,0.35294117647058826,0.058823529411764705,0.11764705882352941,0.29411764705882354,0.0,0.0,0.0,0.0
Paytm,2019-06,15,1.4666666666666666,8.2.7,0.0,0.06666666666666667,0.2,0.0,0.3333333333333333,0.6666666666666666,0.0,0.06666666666666667,0.06666666666666667,0.0
Paytm,2019-07,13,2.1538461538461537,8.2.8,0.0,0.07692307692307693,0.23076923076923078,0.0,0.23076923076923078,0.3076923076923077,0.0,0.0,0.0,0.0
Paytm,2019-08,17,1.2941176470588236,8.3.1,0.058823529411764705,0.11764705882352941,0.29411764705882354,0.058823529411764705,0.17647058823529413,0.35294117647058826,0.058823529411764705,0.0,0.0,0.0
Paytm,2019-09,16,1.4375,8.3.3,0.0,0.0,0.125,0.1875,0.125,0.375,0.0,0.0,0.0,0.0
Paytm,2019-10,11,1.1818181818181819,8.4.0,0.0,0.18181818181818182,0.09090909090909091,0.0,0.2727272727272727,0.5454545454545454,0.09090909090909091,0.09090909090909091,0.0,0.0
Paytm,2019-11,15,1.6666666666666667,8.4.2,0.0,0.0,0.13333333333333333,0.13333333333333333,0.0,0.6,0.0,0.06666666666666667,0.0,0.0
Paytm,2019-12,23,1.3478260869565217,8.4.3,0.0,0.13043478260869565,0.17391304347826086,0.0,0.17391304347826086,0.4782608695652174,0.0,0.0,0.0,0.08695652173913043
Paytm,2020-01,22,2.0454545454545454,8.6.1,0.045454545454545456,0.09090909090909091,0.18181818181818182,0.0,0.18181818181818182,0.2727272727272727,0.0,0.045454545454545456,0.0,0.0
Paytm,2020-02,20,2.0,8.6.4,0.05,0.15,0.3,0.0,0.1,0.45,0.05,0.0,0.0,0.0
Paytm,2020-03,14,1.6428571428571428,8.2.7,0.14285714285714285,0.07142857142857142,0.21428571428571427,0.14285714285714285,0.14285714285714285,0.35714285714285715,0.0,0.07142857142857142,0.0,0.0
Paytm,2020-04,11,1.1818181818181819,8.9.0,0.0,0.36363636363636365,0.09090909090909091,0.09090909090909091,0.09090909090909091,0.0,0.09090909090909091,0.09090909090909091,0.0,0.0
Paytm,2020-05,9,1.1111111111111112,8.10.3,0.0,0.1111111111111111,0.2222222222222222,0.0,0.0,0.3333333333333333,0.0,0.0,0.0,0.0
Paytm,2020-06,16,1.3125,8.11.3,0.0,0.0,0.25,0.0,0.0,0.375,0.0625,0.0,0.0,0.0
Paytm,2020-07,15,1.6,5.10.1,0.0,0.13333333333333333,0.0,0.0,0.13333333333333333,0.26666666666666666,0.06666666666666667,0.13333333333333333,0.0,0.13333333333333333
Paytm,2020-08,11,1.1818181818181819,5.2.2,0.0,0.09090909090909091,0.09090909090909091,0.09090909090909091,0.0,0.5454545454545454,0.18181818181818182,0.0,0.0,0.0
Paytm,2020-09,15,1.3333333333333333,8.14.0,0.0,0.0,0.13333333333333333,0.0,0.2,0.6,0.0,0.0,0.0,0.0
Paytm,2020-10,13,1.2307692307692308,8.14.0,0.0,0.07692307692307693,0.15384615384615385,0.07692307692307693,0.15384615384615385,0.15384615384615385,0.0,0.0,0.0,0.0
Paytm,2020-11,16,1.8125,8.14.0,0.0,0.1875,0.125,0.0625,0.0,0.375,0.125,0.0,0.0,0.0
Paytm,2020-12,11,1.5454545454545454,5.7.2,0.0,0.2727272727272727,0.18181818181818182,0.0,0.09090909090909091,0.45454545454545453,0.0,0.0,0.0,0.0
Paytm,2021-01,19,1.8421052631578947,8.16.0,0.0,0.10526315789473684,0.2631578947368421,0.0,0.0,0.21052631578947367,0.05263157894736842,0.05263157894736842,0.0,0.0
Paytm,2021-02,7,1.2857142857142858,8.14.0,0.0,0.2857142857142857,0.42857142857142855,0.0,0.0,0.5714285714285714,0.0,0.0,0.0,0.0
Paytm,2021-03,17,1.7647058823529411,9.1.3,0.0,0.0,0.17647058823529413,0.0,0.0,0.4117647058823529,0.058823529411764705,0.0,0.0,0.0
Paytm,2021-04,11,1.6363636363636365,9.3.2,0.0,0.18181818181818182,0.2727272727272727,0.0,0.09090909090909091,0.18181818181818182,0.0,0.0,0.09090909090909091,0.0
Paytm,2021-05,13,1.0,9.4.2,0.0,0.0,0.0,0.07692307692307693,0.07692307692307693,0.38461538461538464,0.0,0.0,0.0,0.0
Paytm,2021-06,8,1.25,9.8.3,0.0,0.125,0.125,0.0,0.125,0.0,0.0,0.0,0.0,0.0
Paytm,2021-07,9,1.5555555555555556,9.10.2,0.0,0.1111111111111111,0.3333333333333333,0.0,0.1111111111111111,0.3333333333333333,0.0,0.0,0.0,0.0
Paytm,2021-09,9,1.0,9.13.4,0.1111111111111111,0.1111111111111111,0.1111111111111111,0.0,0.2222222222222222,0.3333333333333333,0.1111111111111111,0.0,0.0,0.0
Paytm,2021-10,7,1.1428571428571428,9.11.4,0.0,0.0,0.0,0.0,0.2857142857142857,0.7142857142857143,0.0,0.0,0.0,0.0
Paytm,2021-11,8,2.125,9.17.3,0.25,0.0,0.125,0.0,0.125,0.375,0.0,0.0,0.0,0.125
Paytm,2022-01,6,1.8333333333333333,9.19.3,0.0,0.16666666666666666,0.0,0.16666666666666666,0.0,0.8333333333333334,0.16666666666666666,0.0,0.0,0.0
Paytm,2022-02,8,1.25,9.21.5,0.0,0.25,0.0,0.0,0.125,0.625,0.125,0.125,0.0,0.0
Paytm,2022-04,7,1.0,10.4.0,0.0,0.0,0.2857142857142857,0.0,0.0,0.5714285714285714,0.14285714285714285,0.0,0.0,0.0
Paytm,2022-05,5,1.8,10.6.0,0.0,0.0,0.2,0.0,0.0,0.4,0.2,0.0,0.0,0.0
Paytm,2022-06,10,1.6,10.7.0,0.0,0.1,0.3,0.0,0.1,0.4,0.0,0.1,0.0,0.0
Paytm,2022-07,11,1.0,10.9.0,0.0,0.09090909090909091,0.2727272727272727,0.0,0.09090909090909091,0.6363636363636364,0.0,0.0,0.0,0.09090909090909091
Paytm,2022-08,5,2.2,10.12.0,0.2,0.0,0.0,0.2,0.2,0.4,0.0,0.0,0.0,0.0
Paytm,2022-09,16,1.9375,10.13.0,0.0,0.0625,0.125,0.0625,0.3125,0.5625,0.0,0.0,0.0,0.0625
Paytm,2022-10,7,1.8571428571428572,10.17.0,0.14285714285714285,0.0,0.2857142857142857,0.0,0.14285714285714285,0.2857142857142857,0.0,0.14285714285714285,0.0,0.0
Paytm,2022-11,10,1.4,10.17.0,0.0,0.1,0.2,0.0,0.0,0.5,0.0,0.0,0.0,0.0
Paytm,2022-12,10,1.5,10.19.0,0.0,0.0,0.3,0.0,0.0,0.5,0.0,0.0,0.0,0.0
Paytm,2023-01,5,1.6,10.20.0,0.0,0.0,0.2,0.0,0.2,0.6,0.0,0.0,0.0,0.0
Paytm,2023-02,6,1.6666666666666667,10.22.0,0.0,0.16666666666666666,0.16666666666666666,0.0,0.16666666666666666,0.5,0.0,0.0,0.0,0.0
Paytm,2023-03,10,1.7,10.23.2,0.1,0.0,0.0,0.0,0.0,0.4,0.0,0.0,0.0,0.1
Paytm,2023-04,7,1.5714285714285714,10.24.0,0.0,0.14285714285714285,0.14285714285714285,0.0,0.0,0.5714285714285714,0.0,0.0,0.0,0.0
Paytm,2023-05,11,1.5454545454545454,10.26.1,0.0,0.2727272727272727,0.18181818181818182,0.0,0.0,0.6363636363636364,0.0,0.0,0.0,0.09090909090909091
Paytm,2023-06,10,1.5,10.28.2,0.0,0.1,0.0,0.0,0.3,0.1,0.0,0.0,0.0,0.0
Paytm,2023-07,8,1.75,10.30.0,0.0,0.0,0.25,0.0,0.25,0.375,0.0,0.0,0.0,0.125
Paytm,2023-08,6,1.1666666666666667,10.30.0,0.0,0.16666666666666666,0.0,0.16666666666666666,0.0,0.5,0.0,0.0,0.0,0.0
Paytm,2023-10,7,1.5714285714285714,10.32.1,0.0,0.14285714285714285,0.14285714285714285,0.0,0.14285714285714285,0.5714285714285714,0.0,0.0,0.0,0.14285714285714285
Paytm,2023-11,8,1.5,10.34.1,0.0,0.0,0.125,0.0,0.25,0.5,0.25,0.125,0.0,0.0
Paytm,2023-12,7,1.0,10.35.2,0.0,0.0,0.14285714285714285,0.0,0.14285714285714285,0.7142857142857143,0.0,0.0,0.0,0.0
Paytm,2024-01,14,1.2142857142857142,10.37.6,0.07142857142857142,0.0,0.21428571428571427,0.0,0.0,0.42857142857142855,0.07142857142857142,0.0,0.07142857142857142,0.0
Paytm,2024-02,6,1.1666666666666667,10.38.3,0.0,0.0,0.0,0.0,0.0,0.6666666666666666,0.0,0.0,0.0,0.0
Paytm,2024-03,6,1.0,10.39.1,0.0,0.0,0.16666666666666666,0.0,0.0,0.8333333333333334,0.0,0.0,0.0,0.0
Paytm,2024-07,6,2.1666666666666665,10.41.5,0.0,0.0,0.0,0.0,0.0,0.3333333333333333,0.16666666666666666,0.0,0.0,0.0
Paytm,2024-08,5,1.4,10.43.6,0.0,0.4,0.2,0.0,0.0,0.8,0.0,0.0,0.0,0.0
Paytm,2024-09,7,2.0,10.44.4,0.0,0.0,0.0,0.0,0.14285714285714285,0.2857142857142857,0.14285714285714285,0.14285714285714285,0.0,0.0
Paytm,2025-09,7,4.714285714285714,10.65.1,0.2857142857142857,0.0,0.0,0.42857142857142855,0.0,0.0,0.0,0.14285714285714285,0.0,0.0
Paytm,2025-10,11,3.272727272727273,10.68.0,0.45454545454545453,0.0,0.09090909090909091,0.2727272727272727,0.0,0.09090909090909091,0.0,0.09090909090909091,0.0,0.09090909090909091
Paytm,2026-03,20,2.4,10.76.1,0.1,0.0,0.1,0.0,0.55,0.2,0.1,0.0,0.0,0.0
Paytm,2026-04,202,1.9108910891089108,10.78.0,0.01485148514851485,0.024752475247524754,0.15346534653465346,0.024752475247524754,0.18811881188118812,0.1782178217821782,0.04455445544554455,0.01485148514851485,0.0,0.04455445544554455
Paytm,2026-05,353,1.7422096317280453,10.79.1,0.053824362606232294,0.09915014164305949,0.11331444759206799,0.0226628895184136,0.22096317280453256,0.15864022662889518,0.028328611898016998,0.0113314447592068,0.0,0.0169971671388102
Paytm,2026-06,277,1.9494584837545126,10.80.1,0.04332129963898917,0.07942238267148015,0.1371841155234657,0.032490974729241874,0.2563176895306859,0.1552346570397112,0.032490974729241874,0.01444043321299639,0.0,0.01444043321299639
Paytm,2026-07,396,2.340909090909091,10.82.7,0.03787878787878788,0.050505050505050504,0.09343434343434344,0.020202020202020204,0.19696969696969696,0.14393939393939395,0.05303030303030303,0.012626262626262626,0.0,0.020202020202020204
Paytm,2026-08,455,2.6285714285714286,10.83.12,0.035164835164835165,0.05934065934065934,0.1054945054945055,0.015384615384615385,0.15164835164835164,0.1076923076923077,0.05934065934065934,0.02197802197802198,0.0,0.015384615384615385
Paytm,2026-09,466,2.484978540772532,10.84.5,0.08798283261802575,0.06866952789699571,0.07081545064377683,0.01072961373390558,0.1888412017167382,0.0944206008583691,0.023605150214592276,0.019313304721030045,0.0,0.002145922746781116
PhonePe,2018-09,6,2.3333333333333335,3.3.29,0.0,0.16666666666666666,0.16666666666666666,0.0,0.0,0.3333333333333333,0.0,0.0,0.0,0.0
PhonePe,2018-10,10,2.6,3.3.32,0.0,0.1,0.5,0.0,0.1,0.4,0.0,0.0,0.0,0.0
PhonePe,2018-11,12,1.5833333333333333,3.3.34,0.0,0.16666666666666666,0.16666666666666666,0.0,0.08333333333333333,0.3333333333333333,0.0,0.0,0.0,0.16666666666666666
PhonePe,2018-12,28,1.3571428571428572,3.3.36,0.03571428571428571,0.10714285714285714,0.25,0.03571428571428571,0.14285714285714285,0.2857142857142857,0.0,0.03571428571428571,0.0,0.0
PhonePe,2019-01,26,1.4230769230769231,3.3.38,0.038461538461538464,0.0,0.2692307692307692,0.038461538461538464,0.07692307692307693,0.38461538461538464,0.07692307692307693,0.038461538461538464,0.0,0.0
PhonePe,2019-02,14,1.2857142857142858,3.3.39,0.0,0.0,0.42857142857142855,0.0,0.14285714285714285,0.42857142857142855,0.0,0.0,0.0,0.0
PhonePe,2019-03,18,1.2222222222222223,3.3.43,0.0,0.1111111111111111,0.5555555555555556,0.0,0.1111111111111111,0.3888888888888889,0.1111111111111111,0.0,0.0,0.0
PhonePe,2019-04,17,1.411764705882353,3.3.44,0.0,0.11764705882352941,0.17647058823529413,0.0,0.17647058823529413,0.4117647058823529,0.058823529411764705,0.0,0.0,0.0
PhonePe,2019-05,10,1.5,3.3.47,0.0,0.0,0.3,0.1,0.0,0.2,0.0,0.1,0.0,0.0
PhonePe,2019-06,14,1.8571428571428572,3.3.49,0.0,0.21428571428571427,0.35714285714285715,0.0,0.07142857142857142,0.21428571428571427,0.0,0.0,0.0,0.0
PhonePe,2019-07,19,1.4210526315789473,3.3.51,0.0,0.0,0.3684210526315789,0.05263157894736842,0.05263157894736842,0.47368421052631576,0.05263157894736842,0.0,0.0,0.05263157894736842
PhonePe,2019-08,22,1.4090909090909092,3.3.51,0.045454545454545456,0.0,0.22727272727272727,0.0,0.09090909090909091,0.6818181818181818,0.0,0.0,0.0,0.0
PhonePe,2019-09,29,1.4137931034482758,3.4.02,0.034482758620689655,0.034482758620689655,0.3448275862068966,0.0,0.06896551724137931,0.3448275862068966,0.034482758620689655,0.0,0.0,0.06896551724137931
PhonePe,2019-10,18,1.0555555555555556,3.4.03,0.0,0.0,0.2777777777777778,0.05555555555555555,0.16666666666666666,0.2777777777777778,0.0,0.0,0.0,0.0
PhonePe,2019-11,17,1.1764705882352942,3.4.05,0.0,0.058823529411764705,0.5882352941176471,0.11764705882352941,0.11764705882352941,0.29411764705882354,0.0,0.0,0.0,0.0
PhonePe,2019-12,10,1.0,3.4.03,0.0,0.0,0.6,0.1,0.1,0.1,0.0,0.0,0.0,0.0
PhonePe,2020-01,13,1.4615384615384615,3.4.10,0.0,0.0,0.23076923076923078,0.07692307692307693,0.07692307692307693,0.3076923076923077,0.0,0.0,0.0,0.0
PhonePe,2020-02,20,2.15,4.0.02,0.05,0.0,0.1,0.05,0.1,0.3,0.15,0.05,0.0,0.05
PhonePe,2020-03,24,1.5,4.0.04,0.0,0.0,0.375,0.08333333333333333,0.125,0.3333333333333333,0.0,0.041666666666666664,0.0,0.0
PhonePe,2020-04,6,2.0,4.0.07,0.0,0.0,0.16666666666666666,0.0,0.0,0.3333333333333333,0.0,0.0,0.0,0.0
PhonePe,2020-05,17,1.2352941176470589,4.0.09,0.0,0.058823529411764705,0.23529411764705882,0.0,0.17647058823529413,0.5882352941176471,0.0,0.0,0.0,0.0
PhonePe,2020-06,11,1.5454545454545454,4.0.10,0.09090909090909091,0.0,0.18181818181818182,0.0,0.45454545454545453,0.0,0.0,0.0,0.0,0.0
PhonePe,2020-07,19,1.263157894736842,4.0.13,0.0,0.0,0.15789473684210525,0.10526315789473684,0.05263157894736842,0.15789473684210525,0.05263157894736842,0.0,0.0,0.0
PhonePe,2020-08,20,1.65,4.0.15,0.15,0.0,0.15,0.1,0.25,0.25,0.05,0.05,0.0,0.0
PhonePe,2020-09,23,1.565217391304348,4.0.16,0.0,0.043478260869565216,0.30434782608695654,0.08695652173913043,0.08695652173913043,0.391304347826087,0.043478260869565216,0.0,0.0,0.0
PhonePe,2020-10,17,1.588235294117647,4.0.18,0.058823529411764705,0.0,0.17647058823529413,0.0,0.058823529411764705,0.35294117647058826,0.058823529411764705,0.058823529411764705,0.0,0.0
PhonePe,2020-11,13,1.3076923076923077,4.1.0,0.0,0.0,0.23076923076923078,0.15384615384615385,0.07692307692307693,0.07692307692307693,0.0,0.07692307692307693,0.0,0.07692307692307693
PhonePe,2020-12,14,1.3571428571428572,4.1.03,0.0,0.14285714285714285,0.2857142857142857,0.14285714285714285,0.14285714285714285,0.21428571428571427,0.0,0.0,0.0,0.0
PhonePe,2021-01,14,1.4285714285714286,4.1.05,0.0,0.07142857142857142,0.2857142857142857,0.14285714285714285,0.07142857142857142,0.2857142857142857,0.0,0.0,0.0,0.0
PhonePe,2021-02,11,1.5454545454545454,4.1.06,0.0,0.2727272727272727,0.2727272727272727,0.09090909090909091,0.2727272727272727,0.18181818181818182,0.0,0.0,0.0,0.09090909090909091
PhonePe,2021-03,6,2.5,4.1.08,0.0,0.0,0.3333333333333333,0.0,0.0,0.16666666666666666,0.0,0.0,0.0,0.0
PhonePe,2021-04,11,2.3636363636363638,4.1.10,0.0,0.09090909090909091,0.0,0.0,0.18181818181818182,0.09090909090909091,0.09090909090909091,0.0,0.0,0.0
PhonePe,2021-05,14,1.3571428571428572,4.1.13,0.0,0.14285714285714285,0.14285714285714285,0.07142857142857142,0.21428571428571427,0.2857142857142857,0.0,0.07142857142857142,0.0,0.07142857142857142
PhonePe,2021-06,10,1.5,4.1.15,0.0,0.1,0.2,0.0,0.1,0.3,0.0,0.0,0.0,0.1
PhonePe,2021-07,16,1.75,4.1.17,0.0,0.125,0.0625,0.0,0.125,0.5,0.0,0.0,0.0,0.1875
PhonePe,2021-08,8,1.5,4.1.18,0.125,0.25,0.125,0.0,0.125,0.375,0.0,0.0,0.0,0.125
PhonePe,2021-09,10,1.7,4.1.20,0.0,0.1,0.2,0.2,0.1,0.1,0.0,0.0,0.0,0.1
PhonePe,2021-10,7,1.8571428571428572,3.3.18,0.14285714285714285,0.2857142857142857,0.14285714285714285,0.0,0.2857142857142857,0.14285714285714285,0.0,0.14285714285714285,0.0,0.0
PhonePe,2021-11,6,1.6666666666666667,3.3.43,0.0,0.0,0.0,0.0,0.16666666666666666,0.5,0.0,0.0,0.0,0.16666666666666666
PhonePe,2022-01,8,1.125,4.1.28,0.0,0.0,0.5,0.0,0.125,0.125,0.0,0.0,0.0,0.125
PhonePe,2022-02,10,1.3,4.1.29,0.0,0.1,0.4,0.1,0.1,0.6,0.0,0.1,0.0,0.0
PhonePe,2022-03,5,1.4,4.1.30,0.0,0.0,0.8,0.0,0.0,0.2,0.0,0.0,0.0,0.0
PhonePe,2022-04,12,1.25,4.1.33,0.08333333333333333,0.25,0.25,0.08333333333333333,0.16666666666666666,0.25,0.0,0.08333333333333333,0.0,0.0
PhonePe,2022-05,11,1.3636363636363635,4.1.34,0.0,0.0,0.0,0.0,0.18181818181818182,0.09090909090909091,0.0,0.09090909090909091,0.0,0.09090909090909091
PhonePe,2022-06,10,1.8,4.1.35,0.0,0.0,0.2,0.0,0.2,0.0,0.0,0.0,0.0,0.0
PhonePe,2022-07,12,1.5,4.1.36,0.0,0.08333333333333333,0.0,0.08333333333333333,0.08333333333333333,0.3333333333333333,0.08333333333333333,0.0,0.08333333333333333,0.0
PhonePe,2022-08,17,1.3529411764705883,4.1.38,0.058823529411764705,0.0,0.35294117647058826,0.058823529411764705,0.23529411764705882,0.23529411764705882,0.0,0.058823529411764705,0.0,0.0
PhonePe,2022-09,9,1.0,4.1.39,0.0,0.0,0.0,0.1111111111111111,0.2222222222222222,0.1111111111111111,0.1111111111111111,0.1111111111111111,0.0,0.0
PhonePe,2022-10,12,1.5,4.1.40,0.0,0.25,0.0,0.0,0.08333333333333333,0.25,0.0,0.0,0.0,0.0
PhonePe,2022-12,7,1.4285714285714286,4.1.43,0.0,0.0,0.14285714285714285,0.0,0.0,0.14285714285714285,0.0,0.0,0.0,0.0
PhonePe,2023-01,5,1.2,4.1.44,0.0,0.0,0.0,0.0,0.2,0.2,0.0,0.0,0.0,0.0
PhonePe,2023-02,10,1.4,4.1.46,0.1,0.0,0.0,0.1,0.3,0.3,0.0,0.0,0.0,0.0
PhonePe,2023-03,8,2.0,4.1.47,0.0,0.0,0.0,0.125,0.0,0.0,0.25,0.125,0.0,0.0
PhonePe,2023-05,5,1.8,4.1.50,0.0,0.0,0.2,0.0,0.2,0.4,0.0,0.0,0.0,0.0
PhonePe,2023-08,5,1.4,23.07.07.0.4,0.0,0.0,0.2,0.4,0.2,0.2,0.0,0.0,0.0,0.0
PhonePe,2023-12,5,1.8,23.11.10.0,0.0,0.0,0.0,0.0,0.2,0.6,0.0,0.2,0.0,0.0
PhonePe,2024-02,6,1.8333333333333333,24.01.19.0,0.16666666666666666,0.0,0.3333333333333333,0.16666666666666666,0.16666666666666666,0.3333333333333333,0.16666666666666666,0.0,0.0,0.0
PhonePe,2024-06,5,2.4,24.05.17.0,0.0,0.0,0.2,0.2,0.2,0.4,0.0,0.0,0.0,0.0
PhonePe,2024-07,9,1.4444444444444444,24.06.28.0,0.2222222222222222,0.1111111111111111,0.1111111111111111,0.2222222222222222,0.3333333333333333,0.3333333333333333,0.1111111111111111,0.0,0.0,0.0
PhonePe,2024-10,6,2.0,23.07.07.0.4,0.0,0.0,0.16666666666666666,0.0,0.16666666666666666,0.0,0.0,0.0,0.0,0.0
PhonePe,2024-11,5,2.4,24.10.04.0,0.0,0.4,0.2,0.0,0.0,0.2,0.2,0.0,0.0,0.0
PhonePe,2025-03,7,2.7142857142857144,25.02.12.0,0.0,0.0,0.14285714285714285,0.0,0.0,0.0,0.42857142857142855,0.0,0.0,0.0
PhonePe,2026-03,11,2.4545454545454546,26.02.27.0,0.0,0.18181818181818182,0.0,0.09090909090909091,0.0,0.2727272727272727,0.18181818181818182,0.0,0.0,0.0
PhonePe,2026-04,128,2.3984375,26.03.13.0,0.0234375,0.0390625,0.09375,0.0390625,0.1171875,0.1328125,0.09375,0.0625,0.0,0.0
PhonePe,2026-05,231,2.134199134199134,26.04.24.0,0.017316017316017316,0.04329004329004329,0.09956709956709957,0.04329004329004329,0.10822510822510822,0.13852813852813853,0.047619047619047616,0.08658008658008658,0.0,0.017316017316017316
PhonePe,2026-06,297,2.3063973063973062,26.05.08.0,0.026936026936026935,0.05723905723905724,0.08417508417508418,0.02356902356902357,0.07407407407407407,0.1414141414141414,0.04377104377104377,0.04377104377104377,0.0,0.016835016835016835
PhonePe,2026-07,560,2.9357142857142855,26.06.19.0,0.01607142857142857,0.0375,0.07321428571428572,0.025,0.05178571428571429,0.09285714285714286,0.06607142857142857,0.033928571428571426,0.0,0.0125
PhonePe,2026-08,572,3.124125874125874,26.07.03.0,0.012237762237762238,0.03146853146853147,0.057692307692307696,0.03146853146853147,0.06468531468531469,0.10839160839160839,0.05244755244755245,0.02972027972027972,0.0,0.013986013986013986
PhonePe,2026-09,367,3.1525885558583107,26.07.03.0,0.008174386920980926,0.01634877384196185,0.043596730245231606,0.03814713896457766,0.05994550408719346,0.09264305177111716,0.035422343324250684,0.01634877384196185,0.0,0.01634877384196185
Swiggy,2026-03,13,1.0769230769230769,4.105.2,0.0,0.0,0.46153846153846156,0.0,0.0,0.38461538461538464,0.0,0.0,0.07692307692307693,0.0
Swiggy,2026-04,176,1.1136363636363635,4.106.1,0.0,0.017045454545454544,0.26704545454545453,0.011363636363636364,0.017045454545454544,0.42613636363636365,0.017045454545454544,0.022727272727272728,0.06818181818181818,0.0
Swiggy,2026-05,231,1.077922077922078,4.108.0,0.0,0.017316017316017316,0.26406926406926406,0.025974025974025976,0.017316017316017316,0.45021645021645024,0.012987012987012988,0.008658008658008658,0.03463203463203463,0.004329004329004329
Swiggy,2026-06,308,1.1785714285714286,4.111.1,0.0,0.00974025974025974,0.2694805194805195,0.006493506493506494,0.025974025974025976,0.39935064935064934,0.00974025974025974,0.00974025974025974,0.06818181818181818,0.012987012987012988
Swiggy,2026-07,847,1.230224321133412,4.112.0,0.008264462809917356,0.009445100354191263,0.24203069657615112,0.01652892561983471,0.030696576151121605,0.33766233766233766,0.011806375442739079,0.014167650531286895,0.06257378984651712,0.0070838252656434475
Swiggy,2026-08,929,1.2303552206673842,4.113.4,0.00968783638320775,0.021528525296017224,0.23466092572658773,0.016146393972012917,0.030139935414424113,0.3207750269106566,0.016146393972012917,0.013993541442411194,0.05382131324004306,0.007534983853606028
Swiggy,2026-09,493,1.2636916835699796,4.115.0,0.008113590263691683,0.010141987829614604,0.23732251521298176,0.018255578093306288,0.02028397565922921,0.3022312373225152,0.004056795131845842,0.008113590263691683,0.02636916835699797,0.002028397565922921
Zomato,2026-03,20,1.55,19.4.9,0.0,0.0,0.25,0.0,0.0,0.25,0.05,0.0,0.0,0.0
Zomato,2026-04,207,1.5942028985507246,19.5.8,0.004830917874396135,0.004830917874396135,0.21739130434782608,0.014492753623188406,0.01932367149758454,0.26570048309178745,0.01932367149758454,0.00966183574879227,0.06763285024154589,0.0
Zomato,2026-05,288,1.46875,19.5.9,0.003472222222222222,0.010416666666666666,0.2743055555555556,0.013888888888888888,0.010416666666666666,0.3993055555555556,0.04861111111111111,0.0,0.10416666666666667,0.0
Zomato,2026-06,282,1.3297872340425532,19.7.3,0.0070921985815602835,0.010638297872340425,0.2624113475177305,0.0070921985815602835,0.02127659574468085,0.425531914893617,0.0070921985815602835,0.0035460992907801418,0.07446808510638298,0.01773049645390071
Zomato,2026-07,771,1.4111543450064852,19.7.6,0.0012970168612191958,0.007782101167315175,0.1880674448767834,0.005188067444876783,0.01556420233463035,0.2905317769130999,0.011673151750972763,0.005188067444876783,0.054474708171206226,0.0038910505836575876
Zomato,2026-08,951,1.4384858044164037,19.8.1,0.002103049421661409,0.00946372239747634,0.17139852786540483,0.008412197686645636,0.008412197686645636,0.2891692954784437,0.006309148264984227,0.004206098843322818,0.06624605678233439,0.002103049421661409
Zomato,2026-09,481,1.3866943866943866,19.8.6,0.0,0.006237006237006237,0.1683991683991684,0.010395010395010396,0.006237006237006237,0.33471933471933474,0.012474012474012475,0.0,0.056133056133056136,0.006237006237006237
