app_name,total_reviews,mean_compound,pct_negative,pct_neutral,pct_positive,avg_star_rating
Amazon,32753,0.0376,36.18,13.3,50.52,2.74
Swiggy,74768,0.1624,23.83,13.84,62.33,3.45
Domino's,43629,0.2587,14.88,15.26,69.86,3.89
Google Pay,20320,0.2798,13.57,17.03,69.4,3.93
Blinkit,228446,0.2998,12.66,15.58,71.75,4.07
Zomato,150560,0.3026,12.14,12.99,74.87,4.06
Meesho,102686,0.318,12.73,13.81,73.46,4.22
Flipkart,266285,0.3214,9.96,12.16,77.87,4.07
Paytm,44658,0.3427,8.27,14.02,77.71,4.31
PhonePe,88535,0.3786,5.4,12.75,81.84,4.43
Myntra,85347,0.4127,8.1,9.02,82.87,4.49
