term,importance
product,0.07087332516252683
just,0.0693131313362285
phonepe,0.06728024049904226
option,0.06710190333756567
wallet,0.06696609195032256
refund,0.0668655166021884
payments,0.06665921393130728
fast,0.06647753578648449
zomato,0.06581667481326665
like,0.06450689299923297
myntra,0.0642482059122156
use,0.06348045750493665
days,0.06343386617076688
showing,0.06315927031729623
didn,0.06309633317588942
transaction,0.06306812470614644
delivered,0.0628616674865841
money,0.06258426291008524
help,0.062200299214811634
item,0.06215522887921086
