app_name,series,lag,acf,pacf,ci_95
Swiggy,level,0,1.0,1.0,0.149
Swiggy,level,1,0.3459,0.3459,0.149
Swiggy,level,2,0.0522,-0.0767,0.149
Swiggy,level,3,-0.0629,-0.0637,0.149
Swiggy,level,4,-0.0777,-0.0342,0.149
Swiggy,level,5,-0.0851,-0.0524,0.149
Swiggy,level,6,-0.0639,-0.0253,0.149
Swiggy,level,7,0.1993,0.2572,0.149
Swiggy,level,8,0.0585,-0.1322,0.149
Swiggy,level,9,0.0164,0.0261,0.149
Swiggy,level,10,-0.0582,-0.057,0.149
Swiggy,level,11,0.0112,0.074,0.149
Swiggy,level,12,0.0506,0.0488,0.149
Swiggy,level,13,0.0119,0.0041,0.149
Swiggy,level,14,0.19,0.1564,0.149
Swiggy,level,15,0.0215,-0.1177,0.149
Swiggy,level,16,0.02,0.0597,0.149
Swiggy,level,17,-0.0814,-0.0619,0.149
Swiggy,level,18,-0.1031,-0.0697,0.149
Swiggy,level,19,-0.0098,0.0671,0.149
Swiggy,level,20,-0.0003,0.001,0.149
Swiggy,level,21,0.2251,0.1768,0.149
Swiggy,level,22,-0.0104,-0.1871,0.149
Swiggy,level,23,-0.0208,0.0212,0.149
Swiggy,level,24,-0.0599,-0.0007,0.149
Swiggy,level,25,-0.052,-0.0201,0.149
Swiggy,level,26,-0.0574,-0.0373,0.149
Swiggy,level,27,-0.0705,-0.0195,0.149
Swiggy,level,28,0.1529,0.0753,0.149
Swiggy,diff7,0,1.0,1.0,0.1521
Swiggy,diff7,1,0.4394,0.4394,0.1521
Swiggy,diff7,2,0.1083,-0.1052,0.1521
Swiggy,diff7,3,0.0022,-0.0052,0.1521
Swiggy,diff7,4,-0.0587,-0.0582,0.1521
Swiggy,diff7,5,-0.169,-0.1474,0.1521
Swiggy,diff7,6,-0.3116,-0.2236,0.1521
Swiggy,diff7,7,-0.5021,-0.3762,0.1521
Swiggy,diff7,8,-0.1598,0.2458,0.1521
Swiggy,diff7,9,-0.0273,-0.1056,0.1521
Swiggy,diff7,10,0.0167,0.0209,0.1521
Swiggy,diff7,11,0.1235,0.0938,0.1521
Swiggy,diff7,12,0.1243,-0.1243,0.1521
Swiggy,diff7,13,0.0604,-0.1388,0.1521
Swiggy,diff7,14,-0.024,-0.2848,0.1521
Swiggy,diff7,15,-0.0068,0.2425,0.1521
Swiggy,diff7,16,0.0281,-0.0504,0.1521
Swiggy,diff7,17,-0.0244,-0.0285,0.1521
Swiggy,diff7,18,-0.1001,0.0328,0.1521
Swiggy,diff7,19,-0.0097,-0.0212,0.1521
Swiggy,diff7,20,0.0419,-0.0723,0.1521
Swiggy,diff7,21,0.0711,-0.1494,0.1521
Swiggy,diff7,22,-0.0024,0.1328,0.1521
Swiggy,diff7,23,-0.0054,-0.012,0.1521
Swiggy,diff7,24,0.0715,0.074,0.1521
Swiggy,diff7,25,0.0978,0.0972,0.1521
Swiggy,diff7,26,-0.0314,-0.1259,0.1521
Swiggy,diff7,27,-0.0972,-0.1386,0.1521
Swiggy,diff7,28,-0.082,-0.1174,0.1521
Zomato,level,0,1.0,1.0,0.149
Zomato,level,1,0.392,0.392,0.149
Zomato,level,2,0.2675,0.1346,0.149
Zomato,level,3,0.0864,-0.0687,0.149
Zomato,level,4,0.033,-0.015,0.149
Zomato,level,5,0.0665,0.0774,0.149
Zomato,level,6,0.1397,0.1198,0.149
Zomato,level,7,0.4325,0.4009,0.149
Zomato,level,8,0.0954,-0.2918,0.149
Zomato,level,9,-0.0492,-0.2571,0.149
Zomato,level,10,-0.1096,0.0277,0.149
Zomato,level,11,-0.1287,0.0328,0.149
Zomato,level,12,-0.0545,0.0423,0.149
Zomato,level,13,0.0194,-0.0131,0.149
Zomato,level,14,0.3293,0.2165,0.149
Zomato,level,15,-0.0012,-0.2017,0.149
Zomato,level,16,-0.1343,-0.1622,0.149
Zomato,level,17,-0.191,-0.0161,0.149
Zomato,level,18,-0.1752,0.0475,0.149
Zomato,level,19,-0.0695,0.0815,0.149
Zomato,level,20,0.0383,0.0442,0.149
Zomato,level,21,0.3461,0.147,0.149
Zomato,level,22,-0.0122,-0.2282,0.149
Zomato,level,23,-0.0987,-0.0213,0.149
Zomato,level,24,-0.164,0.0153,0.149
Zomato,level,25,-0.1629,-0.0355,0.149
Zomato,level,26,-0.0768,-0.0083,0.149
Zomato,level,27,-0.0188,-0.0618,0.149
Zomato,level,28,0.2611,0.061,0.149
Zomato,diff7,0,1.0,1.0,0.1521
Zomato,diff7,1,0.4546,0.4546,0.1521
Zomato,diff7,2,0.4462,0.3019,0.1521
Zomato,diff7,3,0.2197,-0.082,0.1521
Zomato,diff7,4,0.1079,-0.1066,0.1521
Zomato,diff7,5,-0.0671,-0.1611,0.1521
Zomato,diff7,6,-0.0903,-0.0195,0.1521
Zomato,diff7,7,-0.4061,-0.3878,0.1521
Zomato,diff7,8,-0.1701,0.2037,0.1521
Zomato,diff7,9,-0.2006,0.1326,0.1521
Zomato,diff7,10,-0.0979,-0.0033,0.1521
Zomato,diff7,11,-0.0963,-0.0831,0.1521
Zomato,diff7,12,-0.0924,-0.1717,0.1521
Zomato,diff7,13,-0.1251,-0.0849,0.1521
Zomato,diff7,14,-0.0913,-0.2204,0.1521
Zomato,diff7,15,-0.0601,0.2061,0.1521
Zomato,diff7,16,-0.0884,0.0066,0.1521
Zomato,diff7,17,-0.0717,0.004,0.1521
Zomato,diff7,18,-0.021,0.0293,0.1521
Zomato,diff7,19,0.0358,-0.0382,0.1521
Zomato,diff7,20,0.0975,0.0111,0.1521
Zomato,diff7,21,0.1224,-0.1139,0.1521
Zomato,diff7,22,-0.0051,-0.0886,0.1521
Zomato,diff7,23,0.043,-0.02,0.1521
Zomato,diff7,24,-0.0152,0.0085,0.1521
Zomato,diff7,25,-0.0023,0.0861,0.1521
Zomato,diff7,26,-0.0155,0.0391,0.1521
Zomato,diff7,27,-0.0713,-0.068,0.1521
Zomato,diff7,28,-0.0583,-0.0469,0.1521
Blinkit,level,0,1.0,1.0,0.149
Blinkit,level,1,0.4568,0.4568,0.149
Blinkit,level,2,0.3059,0.1229,0.149
Blinkit,level,3,0.2443,0.0843,0.149
Blinkit,level,4,0.2251,0.0827,0.149
Blinkit,level,5,0.1929,0.0429,0.149
Blinkit,level,6,0.173,0.0393,0.149
Blinkit,level,7,0.5047,0.4857,0.149
Blinkit,level,8,0.2375,-0.2431,0.149
Blinkit,level,9,0.2115,0.0734,0.149
Blinkit,level,10,0.1782,-0.001,0.149
Blinkit,level,11,0.1377,-0.0634,0.149
Blinkit,level,12,0.0964,-0.0132,0.149
Blinkit,level,13,0.1002,0.1053,0.149
Blinkit,level,14,0.2883,-0.0298,0.149
Blinkit,level,15,0.0005,-0.2395,0.149
Blinkit,level,16,0.0182,0.0268,0.149
Blinkit,level,17,0.0247,-0.0333,0.149
Blinkit,level,18,0.0005,-0.0535,0.149
Blinkit,level,19,-0.0743,-0.0684,0.149
Blinkit,level,20,-0.0455,0.0248,0.149
Blinkit,level,21,0.1958,0.1272,0.149
Blinkit,level,22,-0.0688,-0.1269,0.149
Blinkit,level,23,-0.1067,-0.0913,0.149
Blinkit,level,24,-0.1091,-0.0071,0.149
Blinkit,level,25,-0.081,0.0277,0.149
Blinkit,level,26,-0.113,0.0223,0.149
Blinkit,level,27,-0.1141,-0.0034,0.149
Blinkit,level,28,0.0887,0.0292,0.149
Blinkit,diff7,0,1.0,1.0,0.1521
Blinkit,diff7,1,0.508,0.508,0.1521
Blinkit,diff7,2,0.2024,-0.075,0.1521
Blinkit,diff7,3,0.0718,-0.0009,0.1521
Blinkit,diff7,4,0.0717,0.0651,0.1521
Blinkit,diff7,5,-0.0207,-0.1097,0.1521
Blinkit,diff7,6,-0.2175,-0.2304,0.1521
Blinkit,diff7,7,-0.2704,-0.0683,0.1521
Blinkit,diff7,8,0.0296,0.3262,0.1521
Blinkit,diff7,9,0.1001,-0.0449,0.1521
Blinkit,diff7,10,0.0878,0.0238,0.1521
Blinkit,diff7,11,0.0537,0.0359,0.1521
Blinkit,diff7,12,0.0916,-0.0143,0.1521
Blinkit,diff7,13,0.0829,-0.1051,0.1521
Blinkit,diff7,14,-0.1244,-0.2092,0.1521
Blinkit,diff7,15,-0.1831,0.1314,0.1521
Blinkit,diff7,16,-0.0828,0.0606,0.1521
Blinkit,diff7,17,-0.0253,-0.0222,0.1521
Blinkit,diff7,18,-0.0949,-0.1107,0.1521
Blinkit,diff7,19,-0.1636,-0.0642,0.1521
Blinkit,diff7,20,-0.0743,-0.0124,0.1521
Blinkit,diff7,21,0.0138,-0.1249,0.1521
Blinkit,diff7,22,0.0326,0.1556,0.1521
Blinkit,diff7,23,-0.0468,0.0029,0.1521
Blinkit,diff7,24,-0.0611,-0.0476,0.1521
Blinkit,diff7,25,0.0056,-0.0355,0.1521
Blinkit,diff7,26,-0.0269,-0.0956,0.1521
Blinkit,diff7,27,-0.0581,0.054,0.1521
Blinkit,diff7,28,-0.1315,-0.2109,0.1521
Domino's,level,0,1.0,1.0,0.149
Domino's,level,1,0.2827,0.2827,0.149
Domino's,level,2,0.0129,-0.0728,0.149
Domino's,level,3,-0.0536,-0.0404,0.149
Domino's,level,4,-0.0694,-0.045,0.149
Domino's,level,5,-0.084,-0.0587,0.149
Domino's,level,6,-0.01,0.0283,0.149
Domino's,level,7,0.133,0.1321,0.149
Domino's,level,8,-0.0008,-0.0947,0.149
Domino's,level,9,-0.0783,-0.0602,0.149
Domino's,level,10,-0.1361,-0.1006,0.149
Domino's,level,11,-0.1271,-0.0627,0.149
Domino's,level,12,-0.0646,-0.0049,0.149
Domino's,level,13,0.1937,0.2231,0.149
Domino's,level,14,0.2029,0.053,0.149
Domino's,level,15,0.0154,-0.0829,0.149
Domino's,level,16,-0.0535,-0.0351,0.149
Domino's,level,17,-0.0476,0.01,0.149
Domino's,level,18,-0.0999,-0.0562,0.149
Domino's,level,19,-0.0777,-0.0147,0.149
Domino's,level,20,-0.0318,-0.0963,0.149
Domino's,level,21,0.2438,0.2662,0.149
Domino's,level,22,0.0658,-0.0711,0.149
Domino's,level,23,-0.0612,-0.0324,0.149
Domino's,level,24,-0.1067,-0.054,0.149
Domino's,level,25,-0.1359,-0.0582,0.149
Domino's,level,26,-0.0635,-0.0333,0.149
Domino's,level,27,0.0046,-0.0072,0.149
Domino's,level,28,0.1834,0.1222,0.149
Domino's,diff7,0,1.0,1.0,0.1521
Domino's,diff7,1,0.3396,0.3396,0.1521
Domino's,diff7,2,0.1157,0.0004,0.1521
Domino's,diff7,3,0.0695,0.034,0.1521
Domino's,diff7,4,0.0242,-0.0109,0.1521
Domino's,diff7,5,-0.0697,-0.088,0.1521
Domino's,diff7,6,-0.2937,-0.2792,0.1521
Domino's,diff7,7,-0.5318,-0.4304,0.1521
Domino's,diff7,8,-0.1804,0.134,0.1521
Domino's,diff7,9,-0.0811,0.0154,0.1521
Domino's,diff7,10,-0.1054,-0.0409,0.1521
Domino's,diff7,11,-0.0451,0.0102,0.1521
Domino's,diff7,12,0.0251,-0.0458,0.1521
Domino's,diff7,13,0.262,0.1105,0.1521
Domino's,diff7,14,0.0183,-0.4498,0.1521
Domino's,diff7,15,-0.0236,0.0565,0.1521
Domino's,diff7,16,0.0222,0.0016,0.1521
Domino's,diff7,17,0.0621,0.0087,0.1521
Domino's,diff7,18,0.047,0.0733,0.1521
Domino's,diff7,19,-0.0166,-0.0171,0.1521
Domino's,diff7,20,-0.1546,-0.0243,0.1521
Domino's,diff7,21,0.0615,-0.2083,0.1521
Domino's,diff7,22,0.0734,0.0537,0.1521
Domino's,diff7,23,-0.0496,-0.0843,0.1521
Domino's,diff7,24,-0.0437,-0.0064,0.1521
Domino's,diff7,25,-0.0454,0.0341,0.1521
Domino's,diff7,26,0.0149,-0.0674,0.1521
Domino's,diff7,27,0.0263,0.1081,0.1521
Domino's,diff7,28,0.008,-0.0677,0.1521
Myntra,level,0,1.0,1.0,0.149
Myntra,level,1,0.5703,0.5703,0.149
Myntra,level,2,0.4899,0.244,0.149
Myntra,level,3,0.4705,0.1893,0.149
Myntra,level,4,0.4962,0.2084,0.149
Myntra,level,5,0.4928,0.1513,0.149
Myntra,level,6,0.4246,0.0163,0.149
Myntra,level,7,0.3771,-0.0111,0.149
Myntra,level,8,0.3559,-0.005,0.149
Myntra,level,9,0.3923,0.0851,0.149
Myntra,level,10,0.2781,-0.1328,0.149
Myntra,level,11,0.0923,-0.324,0.149
Myntra,level,12,0.1794,0.0623,0.149
Myntra,level,13,0.1206,-0.1015,0.149
Myntra,level,14,0.11,-0.0294,0.149
Myntra,level,15,0.0276,-0.0573,0.149
Myntra,level,16,0.0551,0.1257,0.149
Myntra,level,17,0.041,0.0489,0.149
Myntra,level,18,-0.013,-0.0586,0.149
Myntra,level,19,-0.0098,0.08,0.149
Myntra,level,20,-0.0499,0.0809,0.149
Myntra,level,21,0.0096,0.0779,0.149
Myntra,level,22,0.0116,-0.0133,0.149
Myntra,level,23,-0.067,-0.0631,0.149
Myntra,level,24,-0.0455,-0.0005,0.149
Myntra,level,25,-0.0651,-0.0987,0.149
Myntra,level,26,-0.016,-0.0429,0.149
Myntra,level,27,-0.054,0.0018,0.149
Myntra,level,28,-0.0346,0.0181,0.149
Myntra,diff7,0,1.0,1.0,0.1521
Myntra,diff7,1,0.2824,0.2824,0.1521
Myntra,diff7,2,0.0688,-0.012,0.1521
Myntra,diff7,3,0.1375,0.1318,0.1521
Myntra,diff7,4,0.3542,0.3107,0.1521
Myntra,diff7,5,0.2513,0.0955,0.1521
Myntra,diff7,6,0.1288,0.0431,0.1521
Myntra,diff7,7,-0.2935,-0.4722,0.1521
Myntra,diff7,8,0.0817,0.1776,0.1521
Myntra,diff7,9,0.1815,0.0228,0.1521
Myntra,diff7,10,0.027,-0.026,0.1521
Myntra,diff7,11,-0.2446,-0.1069,0.1521
Myntra,diff7,12,-0.0834,0.0312,0.1521
Myntra,diff7,13,-0.0932,-0.1107,0.1521
Myntra,diff7,14,-0.1178,-0.3616,0.1521
Myntra,diff7,15,-0.2381,0.0404,0.1521
Myntra,diff7,16,-0.1639,0.1321,0.1521
Myntra,diff7,17,-0.1214,0.0479,0.1521
Myntra,diff7,18,-0.0454,-0.0672,0.1521
Myntra,diff7,19,-0.1714,0.0332,0.1521
Myntra,diff7,20,-0.1465,-0.0206,0.1521
Myntra,diff7,21,-0.0478,-0.1732,0.1521
Myntra,diff7,22,0.0192,0.0373,0.1521
Myntra,diff7,23,-0.1392,0.0257,0.1521
Myntra,diff7,24,-0.0669,0.109,0.1521
Myntra,diff7,25,-0.0535,-0.1691,0.1521
Myntra,diff7,26,0.0464,0.0467,0.1521
Myntra,diff7,27,0.0004,-0.0216,0.1521
Myntra,diff7,28,-0.0043,-0.065,0.1521
Flipkart,level,0,1.0,1.0,0.149
Flipkart,level,1,0.8173,0.8173,0.149
Flipkart,level,2,0.7342,0.1996,0.149
Flipkart,level,3,0.6486,0.0163,0.149
Flipkart,level,4,0.6069,0.1026,0.149
Flipkart,level,5,0.5588,0.0253,0.149
Flipkart,level,6,0.4945,-0.0601,0.149
Flipkart,level,7,0.429,-0.0482,0.149
Flipkart,level,8,0.3714,-0.0239,0.149
Flipkart,level,9,0.2575,-0.2238,0.149
Flipkart,level,10,0.1775,-0.0714,0.149
Flipkart,level,11,0.1132,-0.0051,0.149
Flipkart,level,12,0.0729,0.0089,0.149
Flipkart,level,13,0.0371,0.0223,0.149
Flipkart,level,14,0.0107,0.0592,0.149
Flipkart,level,15,-0.0632,-0.1365,0.149
Flipkart,level,16,-0.1031,-0.0132,0.149
Flipkart,level,17,-0.1277,0.0595,0.149
Flipkart,level,18,-0.132,0.0169,0.149
Flipkart,level,19,-0.0933,0.147,0.149
Flipkart,level,20,-0.0751,0.0495,0.149
Flipkart,level,21,-0.0394,0.0707,0.149
Flipkart,level,22,-0.0441,-0.068,0.149
Flipkart,level,23,-0.0285,0.0497,0.149
Flipkart,level,24,-0.0078,-0.0023,0.149
Flipkart,level,25,0.0122,-0.0492,0.149
Flipkart,level,26,0.0082,-0.112,0.149
Flipkart,level,27,0.0474,0.0572,0.149
Flipkart,level,28,0.0572,-0.0263,0.149
Flipkart,diff7,0,1.0,1.0,0.1521
Flipkart,diff7,1,0.669,0.669,0.1521
Flipkart,diff7,2,0.5681,0.2181,0.1521
Flipkart,diff7,3,0.4531,0.0189,0.1521
Flipkart,diff7,4,0.4017,0.0677,0.1521
Flipkart,diff7,5,0.2876,-0.0848,0.1521
Flipkart,diff7,6,0.1336,-0.1947,0.1521
Flipkart,diff7,7,-0.1193,-0.3916,0.1521
Flipkart,diff7,8,0.0012,0.3784,0.1521
Flipkart,diff7,9,-0.0942,-0.0876,0.1521
Flipkart,diff7,10,-0.1399,-0.0847,0.1521
Flipkart,diff7,11,-0.2116,0.0048,0.1521
Flipkart,diff7,12,-0.283,-0.1955,0.1521
Flipkart,diff7,13,-0.3105,-0.1797,0.1521
Flipkart,diff7,14,-0.3348,-0.2348,0.1521
Flipkart,diff7,15,-0.4181,0.1514,0.1521
Flipkart,diff7,16,-0.4125,-0.1286,0.1521
Flipkart,diff7,17,-0.42,-0.0271,0.1521
Flipkart,diff7,18,-0.3985,0.0412,0.1521
Flipkart,diff7,19,-0.29,0.098,0.1521
Flipkart,diff7,20,-0.2621,-0.1241,0.1521
Flipkart,diff7,21,-0.1765,-0.0451,0.1521
Flipkart,diff7,22,-0.1401,0.0053,0.1521
Flipkart,diff7,23,-0.0747,-0.0905,0.1521
Flipkart,diff7,24,-0.01,-0.0151,0.1521
Flipkart,diff7,25,0.0536,0.0628,0.1521
Flipkart,diff7,26,0.045,0.0526,0.1521
Flipkart,diff7,27,0.092,-0.1521,0.1521
Flipkart,diff7,28,0.0541,-0.144,0.1521
Amazon,level,0,1.0,1.0,0.149
Amazon,level,1,0.4363,0.4363,0.149
Amazon,level,2,0.3391,0.1837,0.149
Amazon,level,3,0.2635,0.0799,0.149
Amazon,level,4,0.3328,0.1998,0.149
Amazon,level,5,0.2647,0.0435,0.149
Amazon,level,6,0.2386,0.0403,0.149
Amazon,level,7,0.1779,-0.0076,0.149
Amazon,level,8,0.1275,-0.0511,0.149
Amazon,level,9,0.1572,0.0532,0.149
Amazon,level,10,0.0378,-0.1297,0.149
Amazon,level,11,-0.0146,-0.0924,0.149
Amazon,level,12,-0.0421,-0.0447,0.149
Amazon,level,13,-0.0481,-0.0553,0.149
Amazon,level,14,0.0346,0.1255,0.149
Amazon,level,15,-0.0303,-0.0327,0.149
Amazon,level,16,0.0217,0.0957,0.149
Amazon,level,17,0.0036,0.0506,0.149
Amazon,level,18,-0.0511,-0.1061,0.149
Amazon,level,19,-0.0187,0.0624,0.149
Amazon,level,20,-0.0036,-0.0117,0.149
Amazon,level,21,0.0062,-0.0085,0.149
Amazon,level,22,0.0148,0.0384,0.149
Amazon,level,23,0.0267,-0.0424,0.149
Amazon,level,24,0.0472,0.0716,0.149
Amazon,level,25,0.0684,0.0276,0.149
Amazon,level,26,0.1248,0.0952,0.149
Amazon,level,27,0.101,0.0691,0.149
Amazon,level,28,0.1464,0.0419,0.149
Amazon,diff7,0,1.0,1.0,0.1521
Amazon,diff7,1,0.3103,0.3103,0.1521
Amazon,diff7,2,0.1453,0.0543,0.1521
Amazon,diff7,3,0.1036,0.049,0.1521
Amazon,diff7,4,0.2484,0.2194,0.1521
Amazon,diff7,5,0.1472,0.0099,0.1521
Amazon,diff7,6,0.0536,-0.0328,0.1521
Amazon,diff7,7,-0.397,-0.5017,0.1521
Amazon,diff7,8,-0.085,0.1354,0.1521
Amazon,diff7,9,-0.0087,0.0326,0.1521
Amazon,diff7,10,-0.1233,-0.1459,0.1521
Amazon,diff7,11,-0.1757,0.1216,0.1521
Amazon,diff7,12,-0.1782,-0.1012,0.1521
Amazon,diff7,13,-0.1856,-0.0792,0.1521
Amazon,diff7,14,-0.0731,-0.2216,0.1521
Amazon,diff7,15,-0.1292,0.0156,0.1521
Amazon,diff7,16,-0.0962,0.1389,0.1521
Amazon,diff7,17,-0.0332,-0.0997,0.1521
Amazon,diff7,18,-0.0889,-0.0252,0.1521
Amazon,diff7,19,-0.0854,-0.0895,0.1521
Amazon,diff7,20,-0.0409,-0.1101,0.1521
Amazon,diff7,21,-0.0841,-0.1839,0.1521
Amazon,diff7,22,0.0072,0.0764,0.1521
Amazon,diff7,23,0.0001,0.1285,0.1521
Amazon,diff7,24,-0.0264,-0.0609,0.1521
Amazon,diff7,25,0.0451,0.0089,0.1521
Amazon,diff7,26,0.0952,0.0044,0.1521
Amazon,diff7,27,0.0991,0.0072,0.1521
Amazon,diff7,28,0.1358,-0.0778,0.1521
Meesho,level,0,1.0,1.0,0.149
Meesho,level,1,0.1415,0.1415,0.149
Meesho,level,2,0.1917,0.1752,0.149
Meesho,level,3,-0.0147,-0.0651,0.149
Meesho,level,4,0.0465,0.0239,0.149
Meesho,level,5,0.0487,0.0581,0.149
Meesho,level,6,0.0065,-0.022,0.149
Meesho,level,7,0.1074,0.0988,0.149
Meesho,level,8,0.0768,0.0617,0.149
Meesho,level,9,0.0393,-0.0208,0.149
Meesho,level,10,-0.0162,-0.0368,0.149
Meesho,level,11,-0.1871,-0.1959,0.149
Meesho,level,12,-0.0895,-0.0517,0.149
Meesho,level,13,-0.0314,0.0551,0.149
Meesho,level,14,-0.0263,-0.0311,0.149
Meesho,level,15,-0.0929,-0.1036,0.149
Meesho,level,16,-0.0798,-0.0407,0.149
Meesho,level,17,-0.0185,0.0285,0.149
Meesho,level,18,-0.044,0.008,0.149
Meesho,level,19,0.1119,0.1803,0.149
Meesho,level,20,-0.1097,-0.1238,0.149
Meesho,level,21,0.005,-0.0294,0.149
Meesho,level,22,-0.0404,-0.0012,0.149
Meesho,level,23,-0.0963,-0.1301,0.149
Meesho,level,24,-0.0324,0.021,0.149
Meesho,level,25,-0.0731,-0.0189,0.149
Meesho,level,26,0.1257,0.0675,0.149
Meesho,level,27,-0.0485,-0.0934,0.149
Meesho,level,28,0.031,0.0185,0.149
Meesho,diff7,0,1.0,1.0,0.1521
Meesho,diff7,1,0.1139,0.1139,0.1521
Meesho,diff7,2,0.1516,0.1405,0.1521
Meesho,diff7,3,-0.0455,-0.0789,0.1521
Meesho,diff7,4,0.1538,0.1512,0.1521
Meesho,diff7,5,0.0067,-0.0095,0.1521
Meesho,diff7,6,-0.0548,-0.1077,0.1521
Meesho,diff7,7,-0.3831,-0.3684,0.1521
Meesho,diff7,8,0.0776,0.1887,0.1521
Meesho,diff7,9,0.0205,0.1125,0.1521
Meesho,diff7,10,0.0144,-0.078,0.1521
Meesho,diff7,11,-0.2111,-0.1483,0.1521
Meesho,diff7,12,-0.1827,-0.1869,0.1521
Meesho,diff7,13,0.0139,0.0607,0.1521
Meesho,diff7,14,-0.1298,-0.2896,0.1521
Meesho,diff7,15,-0.1433,0.0227,0.1521
Meesho,diff7,16,-0.0753,0.1364,0.1521
Meesho,diff7,17,-0.0002,-0.0469,0.1521
Meesho,diff7,18,0.0981,-0.0519,0.1521
Meesho,diff7,19,0.0897,0.009,0.1521
Meesho,diff7,20,-0.0701,0.0,0.1521
Meesho,diff7,21,0.0165,-0.2205,0.1521
Meesho,diff7,22,0.0393,0.036,0.1521
Meesho,diff7,23,-0.0395,-0.0288,0.1521
Meesho,diff7,24,-0.0081,0.0034,0.1521
Meesho,diff7,25,-0.0552,-0.0778,0.1521
Meesho,diff7,26,0.0714,0.0351,0.1521
Meesho,diff7,27,0.003,-0.0555,0.1521
Meesho,diff7,28,-0.0155,-0.2145,0.1521
Paytm,level,0,1.0,1.0,0.149
Paytm,level,1,0.7372,0.7372,0.149
Paytm,level,2,0.696,0.334,0.149
Paytm,level,3,0.65,0.153,0.149
Paytm,level,4,0.5584,-0.0518,0.149
Paytm,level,5,0.4789,-0.0818,0.149
Paytm,level,6,0.4222,-0.0208,0.149
Paytm,level,7,0.3371,-0.0706,0.149
Paytm,level,8,0.2729,-0.0379,0.149
Paytm,level,9,0.2204,-0.0104,0.149
Paytm,level,10,0.1619,-0.0209,0.149
Paytm,level,11,0.1093,-0.0279,0.149
Paytm,level,12,0.0444,-0.0786,0.149
Paytm,level,13,0.0168,0.0094,0.149
Paytm,level,14,-0.0194,0.0001,0.149
Paytm,level,15,-0.0501,-0.0046,0.149
Paytm,level,16,-0.0648,0.0103,0.149
Paytm,level,17,-0.0691,0.0289,0.149
Paytm,level,18,-0.0881,-0.0153,0.149
Paytm,level,19,-0.0785,0.0211,0.149
Paytm,level,20,-0.0924,-0.0346,0.149
Paytm,level,21,-0.1187,-0.0764,0.149
Paytm,level,22,-0.1241,-0.0352,0.149
Paytm,level,23,-0.162,-0.0932,0.149
Paytm,level,24,-0.1395,0.0651,0.149
Paytm,level,25,-0.1735,-0.058,0.149
Paytm,level,26,-0.1589,0.0387,0.149
Paytm,level,27,-0.1578,0.0045,0.149
Paytm,level,28,-0.1515,0.0091,0.149
Paytm,diff7,0,1.0,1.0,0.1521
Paytm,diff7,1,0.5783,0.5783,0.1521
Paytm,diff7,2,0.4929,0.2382,0.1521
Paytm,diff7,3,0.3971,0.0672,0.1521
Paytm,diff7,4,0.2365,-0.1179,0.1521
Paytm,diff7,5,0.128,-0.0917,0.1521
Paytm,diff7,6,0.0327,-0.0695,0.1521
Paytm,diff7,7,-0.2249,-0.3433,0.1521
Paytm,diff7,8,-0.1165,0.1964,0.1521
Paytm,diff7,9,-0.1425,0.0703,0.1521
Paytm,diff7,10,-0.198,-0.0655,0.1521
Paytm,diff7,11,-0.1689,-0.0391,0.1521
Paytm,diff7,12,-0.2115,-0.1233,0.1521
Paytm,diff7,13,-0.1852,0.0052,0.1521
Paytm,diff7,14,-0.1525,-0.1316,0.1521
Paytm,diff7,15,-0.1419,0.0982,0.1521
Paytm,diff7,16,-0.0923,0.0874,0.1521
Paytm,diff7,17,-0.0561,-0.0402,0.1521
Paytm,diff7,18,-0.026,0.0194,0.1521
Paytm,diff7,19,0.0176,-0.0619,0.1521
Paytm,diff7,20,0.0083,-0.0391,0.1521
Paytm,diff7,21,-0.0368,-0.1786,0.1521
Paytm,diff7,22,-0.043,-0.0153,0.1521
Paytm,diff7,23,-0.1174,-0.0672,0.1521
Paytm,diff7,24,-0.0803,0.0557,0.1521
Paytm,diff7,25,-0.129,-0.0385,0.1521
Paytm,diff7,26,-0.1213,0.0023,0.1521
Paytm,diff7,27,-0.1039,0.0009,0.1521
Paytm,diff7,28,-0.0646,-0.0568,0.1521
PhonePe,level,0,1.0,1.0,0.149
PhonePe,level,1,0.443,0.443,0.149
PhonePe,level,2,0.2769,0.1004,0.149
PhonePe,level,3,0.1123,-0.0535,0.149
PhonePe,level,4,0.0176,-0.0476,0.149
PhonePe,level,5,-0.0029,0.008,0.149
PhonePe,level,6,0.0175,0.0391,0.149
PhonePe,level,7,0.0438,0.0365,0.149
PhonePe,level,8,-0.0064,-0.0593,0.149
PhonePe,level,9,0.0254,0.0367,0.149
PhonePe,level,10,0.0389,0.0374,0.149
PhonePe,level,11,0.0582,0.0347,0.149
PhonePe,level,12,0.123,0.0928,0.149
PhonePe,level,13,0.0975,-0.0014,0.149
PhonePe,level,14,0.0146,-0.0796,0.149
PhonePe,level,15,-0.0052,0.0019,0.149
PhonePe,level,16,0.0134,0.0471,0.149
PhonePe,level,17,0.0241,0.0241,0.149
PhonePe,level,18,0.0422,0.0126,0.149
PhonePe,level,19,-0.004,-0.0662,0.149
PhonePe,level,20,-0.0637,-0.0669,0.149
PhonePe,level,21,-0.0069,0.08,0.149
PhonePe,level,22,-0.0732,-0.0879,0.149
PhonePe,level,23,-0.0501,-0.0177,0.149
PhonePe,level,24,-0.0391,-0.0116,0.149
PhonePe,level,25,-0.0235,-0.004,0.149
PhonePe,level,26,-0.0545,-0.0323,0.149
PhonePe,level,27,-0.0436,0.0008,0.149
PhonePe,level,28,-0.0218,-0.0054,0.149
PhonePe,diff7,0,1.0,1.0,0.1521
PhonePe,diff7,1,0.4568,0.4568,0.1521
PhonePe,diff7,2,0.3113,0.1298,0.1521
PhonePe,diff7,3,0.0753,-0.1384,0.1521
PhonePe,diff7,4,-0.0283,-0.0706,0.1521
PhonePe,diff7,5,-0.1682,-0.1389,0.1521
PhonePe,diff7,6,-0.1368,0.0121,0.1521
PhonePe,diff7,7,-0.2159,-0.1243,0.1521
PhonePe,diff7,8,-0.106,0.0474,0.1521
PhonePe,diff7,9,-0.0744,0.0059,0.1521
PhonePe,diff7,10,-0.0503,-0.0641,0.1521
PhonePe,diff7,11,-0.036,-0.0196,0.1521
PhonePe,diff7,12,0.0801,0.1023,0.1521
PhonePe,diff7,13,0.111,0.0639,0.1521
PhonePe,diff7,14,-0.015,-0.2007,0.1521
PhonePe,diff7,15,0.0555,0.1035,0.1521
PhonePe,diff7,16,0.0279,0.0315,0.1521
PhonePe,diff7,17,0.033,-0.0016,0.1521
PhonePe,diff7,18,0.0582,0.0589,0.1521
PhonePe,diff7,19,0.0321,-0.0175,0.1521
PhonePe,diff7,20,-0.0276,-0.0354,0.1521
PhonePe,diff7,21,0.0414,0.0446,0.1521
PhonePe,diff7,22,-0.0061,0.0115,0.1521
PhonePe,diff7,23,0.0145,0.0397,0.1521
PhonePe,diff7,24,0.0352,0.0283,0.1521
PhonePe,diff7,25,0.0429,-0.0153,0.1521
PhonePe,diff7,26,0.0196,0.0241,0.1521
PhonePe,diff7,27,0.0384,0.0414,0.1521
PhonePe,diff7,28,-0.0099,-0.0611,0.1521
Google Pay,level,0,1.0,1.0,0.149
Google Pay,level,1,0.3795,0.3795,0.149
Google Pay,level,2,0.1683,0.0284,0.149
Google Pay,level,3,0.0805,0.0089,0.149
Google Pay,level,4,0.0458,0.01,0.149
Google Pay,level,5,0.0023,-0.0249,0.149
Google Pay,level,6,-0.0015,0.0026,0.149
Google Pay,level,7,0.0055,0.0089,0.149
Google Pay,level,8,-0.0252,-0.0342,0.149
Google Pay,level,9,-0.0238,-0.0049,0.149
Google Pay,level,10,-0.0202,-0.0061,0.149
Google Pay,level,11,-0.0076,0.0056,0.149
Google Pay,level,12,-0.003,0.0023,0.149
Google Pay,level,13,0.05,0.059,0.149
Google Pay,level,14,0.0523,0.0172,0.149
Google Pay,level,15,0.077,0.0505,0.149
Google Pay,level,16,0.038,-0.0168,0.149
Google Pay,level,17,0.0551,0.038,0.149
Google Pay,level,18,0.0693,0.0395,0.149
Google Pay,level,19,0.0686,0.0268,0.149
Google Pay,level,20,0.0877,0.0525,0.149
Google Pay,level,21,0.1037,0.056,0.149
Google Pay,level,22,0.1011,0.0409,0.149
Google Pay,level,23,0.0484,-0.0113,0.149
Google Pay,level,24,0.0699,0.0529,0.149
Google Pay,level,25,0.0471,0.0058,0.149
Google Pay,level,26,0.032,0.0074,0.149
Google Pay,level,27,0.0006,-0.0168,0.149
Google Pay,level,28,0.012,0.0127,0.149
Google Pay,diff7,0,1.0,1.0,0.1521
Google Pay,diff7,1,0.396,0.396,0.1521
Google Pay,diff7,2,0.1808,0.0285,0.1521
Google Pay,diff7,3,0.069,-0.0141,0.1521
Google Pay,diff7,4,0.0111,-0.019,0.1521
Google Pay,diff7,5,-0.0824,-0.0954,0.1521
Google Pay,diff7,6,-0.2205,-0.1852,0.1521
Google Pay,diff7,7,-0.5239,-0.4519,0.1521
Google Pay,diff7,8,-0.2573,0.124,0.1521
Google Pay,diff7,9,-0.1304,0.0245,0.1521
Google Pay,diff7,10,-0.0935,-0.0448,0.1521
Google Pay,diff7,11,-0.0692,-0.0344,0.1521
Google Pay,diff7,12,-0.0415,-0.079,0.1521
Google Pay,diff7,13,0.0084,-0.1006,0.1521
Google Pay,diff7,14,0.0018,-0.3264,0.1521
Google Pay,diff7,15,0.0431,0.0891,0.1521
Google Pay,diff7,16,0.0306,0.007,0.1521
Google Pay,diff7,17,0.0375,-0.0374,0.1521
Google Pay,diff7,18,0.0545,0.0009,0.1521
Google Pay,diff7,19,0.0596,-0.0372,0.1521
Google Pay,diff7,20,0.0656,-0.0238,0.1521
Google Pay,diff7,21,0.073,-0.1993,0.1521
Google Pay,diff7,22,0.0585,0.0982,0.1521
Google Pay,diff7,23,0.0342,0.0085,0.1521
Google Pay,diff7,24,0.0365,0.0084,0.1521
Google Pay,diff7,25,0.0133,0.0185,0.1521
Google Pay,diff7,26,-0.0064,-0.0206,0.1521
Google Pay,diff7,27,-0.0446,-0.0315,0.1521
Google Pay,diff7,28,-0.0953,-0.2333,0.1521
