app_name,stage,order,seasonal_order,aicc,aic,converged,chosen
Swiggy,backtest,"(0, 0, 0)","(0, 0, 0, 7)",822.795,822.495,True,False
Swiggy,backtest,"(0, 0, 0)","(0, 0, 1, 7)",810.675,810.169,True,False
Swiggy,backtest,"(0, 0, 0)","(1, 0, 0, 7)",802.546,802.039,True,False
Swiggy,backtest,"(0, 0, 0)","(1, 0, 1, 7)",794.449,793.68,True,False
Swiggy,backtest,"(0, 0, 1)","(0, 0, 0, 7)",821.682,821.176,True,False
Swiggy,backtest,"(0, 0, 1)","(0, 0, 1, 7)",809.009,808.24,True,False
Swiggy,backtest,"(0, 0, 1)","(1, 0, 0, 7)",801.101,800.332,True,False
Swiggy,backtest,"(0, 0, 1)","(1, 0, 1, 7)",789.482,788.392,True,False
Swiggy,backtest,"(1, 0, 0)","(0, 0, 0, 7)",821.879,821.372,True,False
Swiggy,backtest,"(1, 0, 0)","(0, 0, 1, 7)",808.885,808.115,True,False
Swiggy,backtest,"(1, 0, 0)","(1, 0, 0, 7)",800.948,800.179,True,False
Swiggy,backtest,"(1, 0, 0)","(1, 0, 1, 7)",786.856,785.766,True,True
Swiggy,backtest,"(1, 0, 1)","(0, 0, 0, 7)",822.76,821.99,True,False
Swiggy,backtest,"(1, 0, 1)","(0, 0, 1, 7)",812.123,811.032,True,False
Swiggy,backtest,"(1, 0, 1)","(1, 0, 0, 7)",803.268,802.177,True,False
Swiggy,backtest,"(1, 0, 1)","(1, 0, 1, 7)",799.857,798.383,True,False
Swiggy,final,"(0, 0, 0)","(0, 0, 0, 7)",1762.678,1762.536,True,False
Swiggy,final,"(0, 0, 0)","(0, 0, 1, 7)",1758.715,1758.477,True,False
Swiggy,final,"(0, 0, 0)","(1, 0, 0, 7)",1756.452,1756.214,True,False
Swiggy,final,"(0, 0, 0)","(1, 0, 1, 7)",1737.276,1736.917,True,False
Swiggy,final,"(0, 0, 1)","(0, 0, 0, 7)",1743.676,1743.438,True,False
Swiggy,final,"(0, 0, 1)","(0, 0, 1, 7)",1736.579,1736.22,True,False
Swiggy,final,"(0, 0, 1)","(1, 0, 0, 7)",1732.762,1732.403,True,False
Swiggy,final,"(0, 0, 1)","(1, 0, 1, 7)",1704.42,1703.914,True,True
Swiggy,final,"(1, 0, 0)","(0, 0, 0, 7)",1743.389,1743.151,True,False
Swiggy,final,"(1, 0, 0)","(0, 0, 1, 7)",1736.087,1735.728,True,False
Swiggy,final,"(1, 0, 0)","(1, 0, 0, 7)",1732.608,1732.249,True,False
Swiggy,final,"(1, 0, 0)","(1, 0, 1, 7)",1705.271,1704.765,True,False
Swiggy,final,"(1, 0, 1)","(0, 0, 0, 7)",1744.803,1744.444,True,False
Swiggy,final,"(1, 0, 1)","(0, 0, 1, 7)",1737.404,1736.898,True,False
Swiggy,final,"(1, 0, 1)","(1, 0, 0, 7)",1733.633,1733.127,True,False
Swiggy,final,"(1, 0, 1)","(1, 0, 1, 7)",1704.948,1704.269,True,False
Zomato,backtest,"(0, 1, 0)","(0, 0, 0, 7)",851.631,851.581,True,False
Zomato,backtest,"(0, 1, 0)","(0, 0, 1, 7)",832.063,831.913,True,False
Zomato,backtest,"(0, 1, 0)","(1, 0, 0, 7)",820.646,820.496,True,False
Zomato,backtest,"(0, 1, 0)","(1, 0, 1, 7)",804.295,803.991,True,False
Zomato,backtest,"(0, 1, 1)","(0, 0, 0, 7)",831.884,831.734,True,False
Zomato,backtest,"(0, 1, 1)","(0, 0, 1, 7)",821.921,821.617,True,False
Zomato,backtest,"(0, 1, 1)","(1, 0, 0, 7)",813.877,813.573,True,False
Zomato,backtest,"(0, 1, 1)","(1, 0, 1, 7)",797.652,797.139,True,True
Zomato,backtest,"(1, 1, 0)","(0, 0, 0, 7)",836.114,835.964,True,False
Zomato,backtest,"(1, 1, 0)","(0, 0, 1, 7)",820.372,820.068,True,False
Zomato,backtest,"(1, 1, 0)","(1, 0, 0, 7)",811.57,811.266,True,False
Zomato,backtest,"(1, 1, 0)","(1, 0, 1, 7)",797.658,797.146,True,False
Zomato,backtest,"(1, 1, 1)","(0, 0, 0, 7)",832.547,832.243,True,False
Zomato,backtest,"(1, 1, 1)","(0, 0, 1, 7)",822.291,821.778,True,False
Zomato,backtest,"(1, 1, 1)","(1, 0, 0, 7)",812.829,812.317,True,False
Zomato,backtest,"(1, 1, 1)","(1, 0, 1, 7)",799.843,799.064,True,False
Zomato,final,"(0, 1, 0)","(0, 0, 0, 7)",1755.531,1755.507,True,False
Zomato,final,"(0, 1, 0)","(0, 0, 1, 7)",1726.274,1726.203,True,False
Zomato,final,"(0, 1, 0)","(1, 0, 0, 7)",1704.71,1704.639,True,False
Zomato,final,"(0, 1, 0)","(1, 0, 1, 7)",1659.307,1659.164,True,False
Zomato,final,"(0, 1, 1)","(0, 0, 0, 7)",1709.223,1709.152,True,False
Zomato,final,"(0, 1, 1)","(0, 0, 1, 7)",1685.295,1685.153,True,False
Zomato,final,"(0, 1, 1)","(1, 0, 0, 7)",1664.733,1664.59,True,False
Zomato,final,"(0, 1, 1)","(1, 0, 1, 7)",1616.611,1616.372,True,False
Zomato,final,"(1, 1, 0)","(0, 0, 0, 7)",1728.003,1727.932,True,False
Zomato,final,"(1, 1, 0)","(0, 0, 1, 7)",1693.376,1693.233,True,False
Zomato,final,"(1, 1, 0)","(1, 0, 0, 7)",1665.932,1665.789,True,False
Zomato,final,"(1, 1, 0)","(1, 0, 1, 7)",1619.87,1619.63,True,False
Zomato,final,"(1, 1, 1)","(0, 0, 0, 7)",1701.022,1700.879,True,False
Zomato,final,"(1, 1, 1)","(0, 0, 1, 7)",1673.77,1673.53,True,False
Zomato,final,"(1, 1, 1)","(1, 0, 0, 7)",1666.544,1666.305,True,False
Zomato,final,"(1, 1, 1)","(1, 0, 1, 7)",1618.456,1618.095,True,False
Zomato,final,"(2, 1, 0)","(0, 0, 0, 7)",1727.007,1726.864,True,False
Zomato,final,"(2, 1, 0)","(0, 0, 1, 7)",1693.791,1693.552,True,False
Zomato,final,"(2, 1, 0)","(1, 0, 0, 7)",1667.164,1666.924,True,False
Zomato,final,"(2, 1, 0)","(1, 0, 1, 7)",1619.916,1619.555,True,False
Zomato,final,"(2, 1, 1)","(0, 0, 0, 7)",1700.221,1699.981,True,False
Zomato,final,"(2, 1, 1)","(0, 0, 1, 7)",1669.487,1669.125,True,False
Zomato,final,"(2, 1, 1)","(1, 0, 0, 7)",1646.959,1646.597,True,False
Zomato,final,"(2, 1, 1)","(1, 0, 1, 7)",1605.584,1605.074,True,True
Zomato,final,"(3, 1, 0)","(0, 0, 0, 7)",1724.313,1724.073,True,False
Zomato,final,"(3, 1, 0)","(0, 0, 1, 7)",1693.11,1692.749,True,False
Zomato,final,"(3, 1, 0)","(1, 0, 0, 7)",1668.215,1667.854,True,False
Zomato,final,"(3, 1, 0)","(1, 0, 1, 7)",1620.852,1620.343,True,False
Zomato,final,"(3, 1, 1)","(0, 0, 0, 7)",1701.489,1701.128,True,False
Zomato,final,"(3, 1, 1)","(0, 0, 1, 7)",1670.559,1670.05,True,False
Zomato,final,"(3, 1, 1)","(1, 0, 0, 7)",1648.12,1647.611,True,False
Zomato,final,"(3, 1, 1)","(1, 0, 1, 7)",1607.747,1607.064,True,False
Blinkit,backtest,"(0, 1, 0)","(0, 0, 0, 7)",878.908,878.758,True,False
Blinkit,backtest,"(0, 1, 0)","(0, 0, 1, 7)",856.808,856.504,True,False
Blinkit,backtest,"(0, 1, 0)","(1, 0, 0, 7)",848.247,847.943,True,False
Blinkit,backtest,"(0, 1, 0)","(1, 0, 1, 7)",839.936,839.423,True,False
Blinkit,backtest,"(0, 1, 1)","(0, 0, 0, 7)",859.742,859.438,True,False
Blinkit,backtest,"(0, 1, 1)","(0, 0, 1, 7)",849.743,849.23,True,False
Blinkit,backtest,"(0, 1, 1)","(1, 0, 0, 7)",844.156,843.644,True,False
Blinkit,backtest,"(0, 1, 1)","(1, 0, 1, 7)",835.146,834.367,True,False
Blinkit,backtest,"(0, 1, 2)","(0, 0, 0, 7)",856.975,856.462,True,False
Blinkit,backtest,"(0, 1, 2)","(0, 0, 1, 7)",841.979,841.199,True,False
Blinkit,backtest,"(0, 1, 2)","(1, 0, 0, 7)",834.801,834.022,True,False
Blinkit,backtest,"(0, 1, 2)","(1, 0, 1, 7)",827.459,826.354,True,True
Blinkit,backtest,"(1, 1, 0)","(0, 0, 0, 7)",873.765,873.461,True,False
Blinkit,backtest,"(1, 1, 0)","(0, 0, 1, 7)",855.734,855.221,True,False
Blinkit,backtest,"(1, 1, 0)","(1, 0, 0, 7)",848.359,847.846,True,False
Blinkit,backtest,"(1, 1, 0)","(1, 0, 1, 7)",839.959,839.18,True,False
Blinkit,backtest,"(1, 1, 1)","(0, 0, 0, 7)",857.779,857.266,True,False
Blinkit,backtest,"(1, 1, 1)","(0, 0, 1, 7)",842.002,841.222,True,False
Blinkit,backtest,"(1, 1, 1)","(1, 0, 0, 7)",833.996,833.217,True,False
Blinkit,backtest,"(1, 1, 1)","(1, 0, 1, 7)",829.928,828.822,True,False
Blinkit,backtest,"(1, 1, 2)","(0, 0, 0, 7)",854.989,854.21,True,False
Blinkit,backtest,"(1, 1, 2)","(0, 0, 1, 7)",843.72,842.615,True,False
Blinkit,backtest,"(1, 1, 2)","(1, 0, 0, 7)",835.539,834.433,True,False
Blinkit,backtest,"(1, 1, 2)","(1, 0, 1, 7)",829.499,828.006,True,False
Blinkit,backtest,"(2, 1, 0)","(0, 0, 0, 7)",866.451,865.938,True,False
Blinkit,backtest,"(2, 1, 0)","(0, 0, 1, 7)",849.865,849.085,True,False
Blinkit,backtest,"(2, 1, 0)","(1, 0, 0, 7)",842.568,841.789,True,False
Blinkit,backtest,"(2, 1, 0)","(1, 0, 1, 7)",831.461,830.356,True,False
Blinkit,backtest,"(2, 1, 1)","(0, 0, 0, 7)",859.3,858.521,True,False
Blinkit,backtest,"(2, 1, 1)","(0, 0, 1, 7)",843.961,842.856,True,False
Blinkit,backtest,"(2, 1, 1)","(1, 0, 0, 7)",835.872,834.767,True,False
Blinkit,backtest,"(2, 1, 1)","(1, 0, 1, 7)",832.587,831.094,True,False
Blinkit,backtest,"(2, 1, 2)","(0, 0, 0, 7)",856.842,855.737,True,False
Blinkit,backtest,"(2, 1, 2)","(0, 0, 1, 7)",844.817,843.324,True,False
Blinkit,backtest,"(2, 1, 2)","(1, 0, 0, 7)",836.931,835.437,True,False
Blinkit,backtest,"(2, 1, 2)","(1, 0, 1, 7)",831.331,829.385,True,False
Blinkit,final,"(0, 1, 0)","(0, 0, 0, 7)",1814.519,1814.448,True,False
Blinkit,final,"(0, 1, 0)","(0, 0, 1, 7)",1772.278,1772.135,True,False
Blinkit,final,"(0, 1, 0)","(1, 0, 0, 7)",1753.386,1753.243,True,False
Blinkit,final,"(0, 1, 0)","(1, 0, 1, 7)",1721.207,1720.968,True,False
Blinkit,final,"(0, 1, 1)","(0, 0, 0, 7)",1760.863,1760.72,True,False
Blinkit,final,"(0, 1, 1)","(0, 0, 1, 7)",1740.119,1739.88,True,False
Blinkit,final,"(0, 1, 1)","(1, 0, 0, 7)",1731.234,1730.994,True,False
Blinkit,final,"(0, 1, 1)","(1, 0, 1, 7)",1702.579,1702.217,True,False
Blinkit,final,"(1, 1, 0)","(0, 0, 0, 7)",1792.229,1792.086,True,False
Blinkit,final,"(1, 1, 0)","(0, 0, 1, 7)",1758.502,1758.262,True,False
Blinkit,final,"(1, 1, 0)","(1, 0, 0, 7)",1744.263,1744.023,True,False
Blinkit,final,"(1, 1, 0)","(1, 0, 1, 7)",1713.325,1712.963,True,False
Blinkit,final,"(1, 1, 1)","(0, 0, 0, 7)",1756.628,1756.388,True,False
Blinkit,final,"(1, 1, 1)","(0, 0, 1, 7)",1725.273,1724.911,True,False
Blinkit,final,"(1, 1, 1)","(1, 0, 0, 7)",1708.34,1707.979,True,False
Blinkit,final,"(1, 1, 1)","(1, 0, 1, 7)",1689.372,1688.863,True,True
Blinkit,final,"(2, 1, 0)","(0, 0, 0, 7)",1783.689,1783.449,True,False
Blinkit,final,"(2, 1, 0)","(0, 0, 1, 7)",1751.491,1751.129,True,False
Blinkit,final,"(2, 1, 0)","(1, 0, 0, 7)",1737.531,1737.17,True,False
Blinkit,final,"(2, 1, 0)","(1, 0, 1, 7)",1706.835,1706.326,True,False
Blinkit,final,"(2, 1, 1)","(0, 0, 0, 7)",1758.695,1758.334,True,False
Blinkit,final,"(2, 1, 1)","(0, 0, 1, 7)",1727.165,1726.656,True,False
Blinkit,final,"(2, 1, 1)","(1, 0, 0, 7)",1710.476,1709.967,True,False
Blinkit,final,"(2, 1, 1)","(1, 0, 1, 7)",1693.021,1692.338,True,False
Blinkit,final,"(3, 1, 0)","(0, 0, 0, 7)",1778.723,1778.362,True,False
Blinkit,final,"(3, 1, 0)","(0, 0, 1, 7)",1745.738,1745.229,True,False
Blinkit,final,"(3, 1, 0)","(1, 0, 0, 7)",1731.275,1730.766,True,False
Blinkit,final,"(3, 1, 0)","(1, 0, 1, 7)",1703.125,1702.442,True,False
Blinkit,final,"(3, 1, 1)","(0, 0, 0, 7)",1760.298,1759.789,True,False
Blinkit,final,"(3, 1, 1)","(0, 0, 1, 7)",1729.17,1728.487,True,False
Blinkit,final,"(3, 1, 1)","(1, 0, 0, 7)",1712.592,1711.909,True,False
Blinkit,final,"(3, 1, 1)","(1, 0, 1, 7)",1693.039,1692.156,True,False
Domino's,backtest,"(0, 0, 0)","(0, 0, 0, 7)",735.814,735.514,True,False
Domino's,backtest,"(0, 0, 0)","(0, 0, 1, 7)",737.839,737.333,True,False
Domino's,backtest,"(0, 0, 0)","(1, 0, 0, 7)",737.807,737.3,True,False
Domino's,backtest,"(0, 0, 0)","(1, 0, 1, 7)",730.021,729.252,True,False
Domino's,backtest,"(0, 0, 1)","(0, 0, 0, 7)",733.93,733.424,True,False
Domino's,backtest,"(0, 0, 1)","(0, 0, 1, 7)",734.891,734.122,True,False
Domino's,backtest,"(0, 0, 1)","(1, 0, 0, 7)",734.599,733.83,True,False
Domino's,backtest,"(0, 0, 1)","(1, 0, 1, 7)",722.458,721.367,True,True
Domino's,backtest,"(1, 0, 0)","(0, 0, 0, 7)",734.302,733.796,True,False
Domino's,backtest,"(1, 0, 0)","(0, 0, 1, 7)",735.162,734.393,True,False
Domino's,backtest,"(1, 0, 0)","(1, 0, 0, 7)",734.838,734.069,True,False
Domino's,backtest,"(1, 0, 0)","(1, 0, 1, 7)",722.86,721.769,True,False
Domino's,backtest,"(1, 0, 1)","(0, 0, 0, 7)",737.678,736.908,True,False
Domino's,backtest,"(1, 0, 1)","(0, 0, 1, 7)",737.209,736.118,True,False
Domino's,backtest,"(1, 0, 1)","(1, 0, 0, 7)",739.853,738.763,True,False
Domino's,backtest,"(1, 0, 1)","(1, 0, 1, 7)",724.744,723.27,True,False
Domino's,final,"(0, 0, 0)","(0, 0, 0, 7)",1565.091,1564.949,True,False
Domino's,final,"(0, 0, 0)","(0, 0, 1, 7)",1564.443,1564.205,True,False
Domino's,final,"(0, 0, 0)","(1, 0, 0, 7)",1563.182,1562.944,True,False
Domino's,final,"(0, 0, 0)","(1, 0, 1, 7)",1545.005,1544.645,True,False
Domino's,final,"(0, 0, 1)","(0, 0, 0, 7)",1554.025,1553.786,True,False
Domino's,final,"(0, 0, 1)","(0, 0, 1, 7)",1552.487,1552.128,True,False
Domino's,final,"(0, 0, 1)","(1, 0, 0, 7)",1551.336,1550.977,True,False
Domino's,final,"(0, 0, 1)","(1, 0, 1, 7)",1533.454,1532.948,True,True
Domino's,final,"(1, 0, 0)","(0, 0, 0, 7)",1554.843,1554.605,True,False
Domino's,final,"(1, 0, 0)","(0, 0, 1, 7)",1553.106,1552.746,True,False
Domino's,final,"(1, 0, 0)","(1, 0, 0, 7)",1551.836,1551.477,True,False
Domino's,final,"(1, 0, 0)","(1, 0, 1, 7)",1533.613,1533.107,True,False
Domino's,final,"(1, 0, 1)","(0, 0, 0, 7)",1556.096,1555.737,True,False
Domino's,final,"(1, 0, 1)","(0, 0, 1, 7)",1554.52,1554.014,True,False
Domino's,final,"(1, 0, 1)","(1, 0, 0, 7)",1553.35,1552.844,True,False
Domino's,final,"(1, 0, 1)","(1, 0, 1, 7)",1558.658,1557.98,True,False
Myntra,backtest,"(0, 0, 0)","(0, 0, 0, 7)",644.314,644.166,True,False
Myntra,backtest,"(0, 0, 0)","(0, 0, 1, 7)",627.157,626.857,True,False
Myntra,backtest,"(0, 0, 1)","(0, 0, 0, 7)",624.148,623.848,True,False
Myntra,backtest,"(0, 0, 1)","(0, 0, 1, 7)",616.188,615.682,True,False
Myntra,backtest,"(0, 0, 2)","(0, 0, 0, 7)",615.846,615.339,True,False
Myntra,backtest,"(0, 0, 2)","(0, 0, 1, 7)",612.281,611.512,True,False
Myntra,backtest,"(0, 0, 3)","(0, 0, 0, 7)",612.783,612.014,True,False
Myntra,backtest,"(0, 0, 3)","(0, 0, 1, 7)",612.704,611.613,True,False
Myntra,backtest,"(1, 0, 0)","(0, 0, 0, 7)",607.405,607.105,True,False
Myntra,backtest,"(1, 0, 0)","(0, 0, 1, 7)",606.911,606.405,True,False
Myntra,backtest,"(1, 0, 1)","(0, 0, 0, 7)",592.897,592.39,True,True
Myntra,backtest,"(1, 0, 1)","(0, 0, 1, 7)",594.35,593.581,True,False
Myntra,backtest,"(1, 0, 2)","(0, 0, 0, 7)",595.142,594.373,True,False
Myntra,backtest,"(1, 0, 2)","(0, 0, 1, 7)",596.67,595.579,True,False
Myntra,backtest,"(1, 0, 3)","(0, 0, 0, 7)",597.016,595.925,True,False
Myntra,backtest,"(1, 0, 3)","(0, 0, 1, 7)",598.288,596.815,True,False
Myntra,backtest,"(2, 0, 0)","(0, 0, 0, 7)",600.219,599.713,True,False
Myntra,backtest,"(2, 0, 0)","(0, 0, 1, 7)",601.991,601.222,True,False
Myntra,backtest,"(2, 0, 1)","(0, 0, 0, 7)",595.144,594.375,True,False
Myntra,backtest,"(2, 0, 1)","(0, 0, 1, 7)",596.67,595.579,True,False
Myntra,backtest,"(2, 0, 2)","(0, 0, 0, 7)",597.386,596.295,True,False
Myntra,backtest,"(2, 0, 2)","(0, 0, 1, 7)",599.001,597.527,True,False
Myntra,backtest,"(2, 0, 3)","(0, 0, 0, 7)",599.566,598.093,True,False
Myntra,backtest,"(2, 0, 3)","(0, 0, 1, 7)",597.418,595.498,True,False
Myntra,final,"(0, 0, 0)","(0, 0, 0, 7)",1365.254,1365.184,True,False
Myntra,final,"(0, 0, 0)","(0, 0, 1, 7)",1343.149,1343.007,True,False
Myntra,final,"(0, 0, 1)","(0, 0, 0, 7)",1325.0,1324.858,True,False
Myntra,final,"(0, 0, 1)","(0, 0, 1, 7)",1317.405,1317.167,True,False
Myntra,final,"(0, 0, 2)","(0, 0, 0, 7)",1311.443,1311.205,True,False
Myntra,final,"(0, 0, 2)","(0, 0, 1, 7)",1309.369,1309.01,True,False
Myntra,final,"(0, 0, 3)","(0, 0, 0, 7)",1308.278,1307.918,True,False
Myntra,final,"(0, 0, 3)","(0, 0, 1, 7)",1308.821,1308.315,True,False
Myntra,final,"(1, 0, 0)","(0, 0, 0, 7)",1298.861,1298.719,True,False
Myntra,final,"(1, 0, 0)","(0, 0, 1, 7)",1299.95,1299.712,True,False
Myntra,final,"(1, 0, 1)","(0, 0, 0, 7)",1276.221,1275.983,True,False
Myntra,final,"(1, 0, 1)","(0, 0, 1, 7)",1278.333,1277.973,True,False
Myntra,final,"(1, 0, 2)","(0, 0, 0, 7)",1278.09,1277.731,True,False
Myntra,final,"(1, 0, 2)","(0, 0, 1, 7)",1280.236,1279.73,True,False
Myntra,final,"(1, 0, 3)","(0, 0, 0, 7)",1278.724,1278.218,True,False
Myntra,final,"(1, 0, 3)","(0, 0, 1, 7)",1280.847,1280.168,True,False
Myntra,final,"(2, 0, 0)","(0, 0, 0, 7)",1290.131,1289.893,True,False
Myntra,final,"(2, 0, 0)","(0, 0, 1, 7)",1292.234,1291.875,True,False
Myntra,final,"(2, 0, 1)","(0, 0, 0, 7)",1278.147,1277.788,True,False
Myntra,final,"(2, 0, 1)","(0, 0, 1, 7)",1280.291,1279.785,True,False
Myntra,final,"(2, 0, 2)","(0, 0, 0, 7)",1279.978,1279.472,True,False
Myntra,final,"(2, 0, 2)","(0, 0, 1, 7)",1282.146,1281.467,True,False
Myntra,final,"(2, 0, 3)","(0, 0, 0, 7)",1281.595,1280.916,True,False
Myntra,final,"(2, 0, 3)","(0, 0, 1, 7)",1283.73,1282.852,True,False
Myntra,final,"(3, 0, 0)","(0, 0, 0, 7)",1285.541,1285.181,True,False
Myntra,final,"(3, 0, 0)","(0, 0, 1, 7)",1287.674,1287.168,True,False
Myntra,final,"(3, 0, 1)","(0, 0, 0, 7)",1278.979,1278.473,True,False
Myntra,final,"(3, 0, 1)","(0, 0, 1, 7)",1281.098,1280.419,True,False
Myntra,final,"(3, 0, 2)","(0, 0, 0, 7)",1270.689,1270.011,True,True
Myntra,final,"(3, 0, 2)","(0, 0, 1, 7)",1272.495,1271.617,True,False
Myntra,final,"(3, 0, 3)","(0, 0, 0, 7)",1270.643,1269.765,True,False
Myntra,final,"(3, 0, 3)","(0, 0, 1, 7)",1270.961,1269.857,True,False
Flipkart,backtest,"(0, 0, 0)","(0, 0, 0, 7)",817.668,817.368,True,False
Flipkart,backtest,"(0, 0, 0)","(0, 0, 1, 7)",814.773,814.267,True,False
Flipkart,backtest,"(0, 0, 1)","(0, 0, 0, 7)",807.579,807.073,True,False
Flipkart,backtest,"(0, 0, 1)","(0, 0, 1, 7)",808.209,807.44,True,False
Flipkart,backtest,"(0, 0, 2)","(0, 0, 0, 7)",803.201,802.431,True,False
Flipkart,backtest,"(0, 0, 2)","(0, 0, 1, 7)",804.577,803.486,True,False
Flipkart,backtest,"(0, 0, 3)","(0, 0, 0, 7)",805.208,804.117,True,False
Flipkart,backtest,"(0, 0, 3)","(0, 0, 1, 7)",806.675,805.202,True,False
Flipkart,backtest,"(1, 0, 0)","(0, 0, 0, 7)",799.913,799.407,True,False
Flipkart,backtest,"(1, 0, 0)","(0, 0, 1, 7)",801.86,801.091,True,False
Flipkart,backtest,"(1, 0, 1)","(0, 0, 0, 7)",793.246,792.476,True,True
Flipkart,backtest,"(1, 0, 1)","(0, 0, 1, 7)",795.441,794.35,True,False
Flipkart,backtest,"(1, 0, 2)","(0, 0, 0, 7)",795.543,794.452,True,False
Flipkart,backtest,"(1, 0, 2)","(0, 0, 1, 7)",797.817,796.343,True,False
Flipkart,backtest,"(1, 0, 3)","(0, 0, 0, 7)",797.831,796.358,True,False
Flipkart,backtest,"(1, 0, 3)","(0, 0, 1, 7)",800.165,798.245,True,False
Flipkart,backtest,"(2, 0, 0)","(0, 0, 0, 7)",796.741,795.971,True,False
Flipkart,backtest,"(2, 0, 0)","(0, 0, 1, 7)",798.694,797.603,True,False
Flipkart,backtest,"(2, 0, 1)","(0, 0, 0, 7)",795.545,794.455,True,False
Flipkart,backtest,"(2, 0, 1)","(0, 0, 1, 7)",806.621,805.147,True,False
Flipkart,backtest,"(2, 0, 2)","(0, 0, 0, 7)",796.343,794.87,True,False
Flipkart,backtest,"(2, 0, 2)","(0, 0, 1, 7)",798.714,796.794,True,False
Flipkart,backtest,"(2, 0, 3)","(0, 0, 0, 7)",800.371,798.451,True,False
Flipkart,backtest,"(2, 0, 3)","(0, 0, 1, 7)",802.785,800.352,True,False
Flipkart,final,"(0, 0, 0)","(0, 0, 0, 7)",1764.172,1764.03,True,False
Flipkart,final,"(0, 0, 0)","(0, 0, 1, 7)",1747.433,1747.195,True,False
Flipkart,final,"(0, 0, 1)","(0, 0, 0, 7)",1706.556,1706.318,True,False
Flipkart,final,"(0, 0, 1)","(0, 0, 1, 7)",1703.343,1702.984,True,False
Flipkart,final,"(0, 0, 2)","(0, 0, 0, 7)",1673.911,1673.552,True,False
Flipkart,final,"(0, 0, 2)","(0, 0, 1, 7)",1673.924,1673.418,True,False
Flipkart,final,"(0, 0, 3)","(0, 0, 0, 7)",1672.812,1672.306,True,False
Flipkart,final,"(0, 0, 3)","(0, 0, 1, 7)",1673.086,1672.408,True,False
Flipkart,final,"(1, 0, 0)","(0, 0, 0, 7)",1655.929,1655.691,True,False
Flipkart,final,"(1, 0, 0)","(0, 0, 1, 7)",1657.887,1657.527,True,False
Flipkart,final,"(1, 0, 1)","(0, 0, 0, 7)",1648.446,1648.086,True,True
Flipkart,final,"(1, 0, 1)","(0, 0, 1, 7)",1650.292,1649.786,True,False
Flipkart,final,"(1, 0, 2)","(0, 0, 0, 7)",1650.19,1649.684,True,False
Flipkart,final,"(1, 0, 2)","(0, 0, 1, 7)",1652.125,1651.446,True,False
Flipkart,final,"(1, 0, 3)","(0, 0, 0, 7)",1651.458,1650.779,True,False
Flipkart,final,"(1, 0, 3)","(0, 0, 1, 7)",1653.494,1652.616,True,False
Flipkart,final,"(2, 0, 0)","(0, 0, 0, 7)",1649.986,1649.626,True,False
Flipkart,final,"(2, 0, 0)","(0, 0, 1, 7)",1651.842,1651.336,True,False
Flipkart,final,"(2, 0, 1)","(0, 0, 0, 7)",1650.085,1649.579,True,False
Flipkart,final,"(2, 0, 1)","(0, 0, 1, 7)",1662.152,1661.473,True,False
Flipkart,final,"(2, 0, 2)","(0, 0, 0, 7)",1652.25,1651.572,True,False
Flipkart,final,"(2, 0, 2)","(0, 0, 1, 7)",1653.204,1652.326,True,False
Flipkart,final,"(2, 0, 3)","(0, 0, 0, 7)",1654.423,1653.545,True,False
Flipkart,final,"(2, 0, 3)","(0, 0, 1, 7)",1656.695,1655.591,True,False
Amazon,backtest,"(0, 0, 0)","(0, 0, 0, 7)",661.077,660.777,True,True
Amazon,backtest,"(0, 0, 1)","(0, 0, 0, 7)",660.3,659.793,True,False
Amazon,backtest,"(1, 0, 0)","(0, 0, 0, 7)",659.44,658.933,True,False
Amazon,backtest,"(1, 0, 1)","(0, 0, 0, 7)",659.88,659.111,True,False
Amazon,final,"(0, 0, 0)","(0, 0, 0, 7)",1404.448,1404.306,True,False
Amazon,final,"(0, 0, 0)","(0, 0, 1, 7)",1402.03,1401.792,True,False
Amazon,final,"(0, 0, 1)","(0, 0, 0, 7)",1383.351,1383.113,True,False
Amazon,final,"(0, 0, 1)","(0, 0, 1, 7)",1383.199,1382.84,True,False
Amazon,final,"(0, 0, 2)","(0, 0, 0, 7)",1375.223,1374.863,True,False
Amazon,final,"(0, 0, 2)","(0, 0, 1, 7)",1376.403,1375.897,True,False
Amazon,final,"(0, 0, 3)","(0, 0, 0, 7)",1376.879,1376.373,True,False
Amazon,final,"(0, 0, 3)","(0, 0, 1, 7)",1378.254,1377.575,True,False
Amazon,final,"(1, 0, 0)","(0, 0, 0, 7)",1372.452,1372.214,True,False
Amazon,final,"(1, 0, 0)","(0, 0, 1, 7)",1373.822,1373.462,True,False
Amazon,final,"(1, 0, 1)","(0, 0, 0, 7)",1363.594,1363.234,True,True
Amazon,final,"(1, 0, 1)","(0, 0, 1, 7)",1365.726,1365.22,True,False
Amazon,final,"(1, 0, 2)","(0, 0, 0, 7)",1365.306,1364.8,True,False
Amazon,final,"(1, 0, 2)","(0, 0, 1, 7)",1367.463,1366.785,True,False
Amazon,final,"(1, 0, 3)","(0, 0, 0, 7)",1367.478,1366.799,True,False
Amazon,final,"(1, 0, 3)","(0, 0, 1, 7)",1369.662,1368.784,True,False
Amazon,final,"(2, 0, 0)","(0, 0, 0, 7)",1368.881,1368.521,True,False
Amazon,final,"(2, 0, 0)","(0, 0, 1, 7)",1370.87,1370.364,True,False
Amazon,final,"(2, 0, 1)","(0, 0, 0, 7)",1365.325,1364.819,True,False
Amazon,final,"(2, 0, 1)","(0, 0, 1, 7)",1367.485,1366.806,True,False
Amazon,final,"(2, 0, 2)","(0, 0, 0, 7)",1367.526,1366.847,True,False
Amazon,final,"(2, 0, 2)","(0, 0, 1, 7)",1369.767,1368.889,True,False
Amazon,final,"(2, 0, 3)","(0, 0, 0, 7)",1368.144,1367.266,True,False
Amazon,final,"(2, 0, 3)","(0, 0, 1, 7)",1369.11,1368.006,True,False
Meesho,backtest,"(0, 0, 0)","(0, 0, 0, 7)",656.951,656.802,True,True
Meesho,backtest,"(0, 0, 1)","(0, 0, 0, 7)",659.044,658.744,True,False
Meesho,backtest,"(0, 0, 2)","(0, 0, 0, 7)",656.318,655.812,True,False
Meesho,backtest,"(1, 0, 0)","(0, 0, 0, 7)",659.018,658.718,True,False
Meesho,backtest,"(1, 0, 1)","(0, 0, 0, 7)",661.176,660.67,True,False
Meesho,backtest,"(1, 0, 2)","(0, 0, 0, 7)",656.582,655.813,True,False
Meesho,backtest,"(2, 0, 0)","(0, 0, 0, 7)",656.983,656.476,True,False
Meesho,backtest,"(2, 0, 1)","(0, 0, 0, 7)",658.602,657.833,True,False
Meesho,backtest,"(2, 0, 2)","(0, 0, 0, 7)",659.657,658.566,True,False
Meesho,final,"(0, 0, 0)","(0, 0, 0, 7)",1433.304,1433.233,True,False
Meesho,final,"(0, 0, 1)","(0, 0, 0, 7)",1432.825,1432.683,True,False
Meesho,final,"(0, 0, 2)","(0, 0, 0, 7)",1427.992,1427.754,True,True
Meesho,final,"(1, 0, 0)","(0, 0, 0, 7)",1431.853,1431.711,True,False
Meesho,final,"(1, 0, 1)","(0, 0, 0, 7)",1433.299,1433.061,True,False
Meesho,final,"(1, 0, 2)","(0, 0, 0, 7)",1429.619,1429.26,True,False
Meesho,final,"(2, 0, 0)","(0, 0, 0, 7)",1428.456,1428.218,True,False
Meesho,final,"(2, 0, 1)","(0, 0, 0, 7)",1430.249,1429.89,True,False
Meesho,final,"(2, 0, 2)","(0, 0, 0, 7)",1432.385,1431.879,True,False
Paytm,backtest,"(0, 0, 0)","(0, 0, 0, 7)",645.738,645.589,True,False
Paytm,backtest,"(0, 0, 1)","(0, 0, 0, 7)",626.609,626.309,True,False
Paytm,backtest,"(0, 0, 2)","(0, 0, 0, 7)",618.164,617.658,True,False
Paytm,backtest,"(0, 0, 3)","(0, 0, 0, 7)",610.91,610.141,True,False
Paytm,backtest,"(1, 0, 0)","(0, 0, 0, 7)",607.876,607.576,True,False
Paytm,backtest,"(1, 0, 1)","(0, 0, 0, 7)",601.049,600.542,True,False
Paytm,backtest,"(1, 0, 2)","(0, 0, 0, 7)",600.366,599.597,True,False
Paytm,backtest,"(1, 0, 3)","(0, 0, 0, 7)",601.624,600.533,True,False
Paytm,backtest,"(2, 0, 0)","(0, 0, 0, 7)",600.149,599.643,True,True
Paytm,backtest,"(2, 0, 1)","(0, 0, 0, 7)",601.701,600.932,True,False
Paytm,backtest,"(2, 0, 2)","(0, 0, 0, 7)",601.646,600.555,True,False
Paytm,backtest,"(2, 0, 3)","(0, 0, 0, 7)",603.905,602.431,True,False
Paytm,final,"(0, 0, 0)","(0, 0, 0, 7)",1373.078,1373.007,True,False
Paytm,final,"(0, 0, 0)","(0, 0, 1, 7)",1349.643,1349.501,True,False
Paytm,final,"(0, 0, 1)","(0, 0, 0, 7)",1299.984,1299.842,True,False
Paytm,final,"(0, 0, 1)","(0, 0, 1, 7)",1292.305,1292.067,True,False
Paytm,final,"(0, 0, 2)","(0, 0, 0, 7)",1272.271,1272.033,True,False
Paytm,final,"(0, 0, 2)","(0, 0, 1, 7)",1269.839,1269.48,True,False
Paytm,final,"(0, 0, 3)","(0, 0, 0, 7)",1247.321,1246.961,True,False
Paytm,final,"(0, 0, 3)","(0, 0, 1, 7)",1247.103,1246.597,True,False
Paytm,final,"(1, 0, 0)","(0, 0, 0, 7)",1229.614,1229.472,True,False
Paytm,final,"(1, 0, 0)","(0, 0, 1, 7)",1231.503,1231.265,True,False
Paytm,final,"(1, 0, 1)","(0, 0, 0, 7)",1214.616,1214.378,True,False
Paytm,final,"(1, 0, 1)","(0, 0, 1, 7)",1216.727,1216.368,True,False
Paytm,final,"(1, 0, 2)","(0, 0, 0, 7)",1213.752,1213.392,True,False
Paytm,final,"(1, 0, 2)","(0, 0, 1, 7)",1215.898,1215.392,True,False
Paytm,final,"(1, 0, 3)","(0, 0, 0, 7)",1213.587,1213.081,True,False
Paytm,final,"(1, 0, 3)","(0, 0, 1, 7)",1215.714,1215.035,True,False
Paytm,final,"(2, 0, 0)","(0, 0, 0, 7)",1214.377,1214.139,True,False
Paytm,final,"(2, 0, 0)","(0, 0, 1, 7)",1216.494,1216.135,True,False
Paytm,final,"(2, 0, 1)","(0, 0, 0, 7)",1215.149,1214.79,True,False
Paytm,final,"(2, 0, 1)","(0, 0, 1, 7)",1217.292,1216.786,True,False
Paytm,final,"(2, 0, 2)","(0, 0, 0, 7)",1209.74,1209.234,True,True
Paytm,final,"(2, 0, 2)","(0, 0, 1, 7)",1211.887,1211.208,True,False
Paytm,final,"(2, 0, 3)","(0, 0, 0, 7)",1211.045,1210.366,True,False
Paytm,final,"(2, 0, 3)","(0, 0, 1, 7)",1213.244,1212.366,True,False
Paytm,final,"(3, 0, 0)","(0, 0, 0, 7)",1214.111,1213.752,True,False
Paytm,final,"(3, 0, 0)","(0, 0, 1, 7)",1216.246,1215.74,True,False
Paytm,final,"(3, 0, 1)","(0, 0, 0, 7)",1215.81,1215.304,True,False
Paytm,final,"(3, 0, 1)","(0, 0, 1, 7)",1217.981,1217.302,True,False
Paytm,final,"(3, 0, 2)","(0, 0, 0, 7)",1211.294,1210.615,True,False
Paytm,final,"(3, 0, 2)","(0, 0, 1, 7)",1213.491,1212.612,True,False
Paytm,final,"(3, 0, 3)","(0, 0, 0, 7)",1213.77,1212.892,True,False
Paytm,final,"(3, 0, 3)","(0, 0, 1, 7)",1215.995,1214.891,True,False
PhonePe,backtest,"(0, 0, 0)","(0, 0, 0, 7)",657.496,657.348,True,False
PhonePe,backtest,"(0, 0, 1)","(0, 0, 0, 7)",650.001,649.701,True,False
PhonePe,backtest,"(0, 0, 2)","(0, 0, 0, 7)",645.281,644.775,True,False
PhonePe,backtest,"(0, 0, 3)","(0, 0, 0, 7)",640.133,639.364,True,False
PhonePe,backtest,"(1, 0, 0)","(0, 0, 0, 7)",643.878,643.578,True,False
PhonePe,backtest,"(1, 0, 1)","(0, 0, 0, 7)",639.046,638.539,True,False
PhonePe,backtest,"(1, 0, 2)","(0, 0, 0, 7)",639.082,638.313,True,False
PhonePe,backtest,"(1, 0, 3)","(0, 0, 0, 7)",640.613,639.522,True,False
PhonePe,backtest,"(2, 0, 0)","(0, 0, 0, 7)",638.573,638.067,True,True
PhonePe,backtest,"(2, 0, 1)","(0, 0, 0, 7)",639.994,639.224,True,False
PhonePe,backtest,"(2, 0, 2)","(0, 0, 0, 7)",640.136,639.045,True,False
PhonePe,backtest,"(2, 0, 3)","(0, 0, 0, 7)",644.253,642.779,True,False
PhonePe,final,"(0, 0, 0)","(0, 0, 0, 7)",1451.146,1451.076,True,False
PhonePe,final,"(0, 0, 1)","(0, 0, 0, 7)",1425.165,1425.023,True,False
PhonePe,final,"(0, 0, 2)","(0, 0, 0, 7)",1415.841,1415.603,True,False
PhonePe,final,"(1, 0, 0)","(0, 0, 0, 7)",1414.555,1414.413,True,True
PhonePe,final,"(1, 0, 1)","(0, 0, 0, 7)",1415.307,1415.069,True,False
PhonePe,final,"(1, 0, 2)","(0, 0, 0, 7)",1416.273,1415.914,True,False
Google Pay,backtest,"(0, 0, 0)","(0, 0, 0, 7)",825.728,825.58,True,False
Google Pay,backtest,"(0, 0, 1)","(0, 0, 0, 7)",819.073,818.773,True,False
Google Pay,backtest,"(1, 0, 0)","(0, 0, 0, 7)",818.134,817.834,True,True
Google Pay,backtest,"(1, 0, 1)","(0, 0, 0, 7)",820.338,819.832,True,False
Google Pay,final,"(0, 0, 0)","(0, 0, 0, 7)",1591.016,1590.945,True,False
Google Pay,final,"(0, 0, 1)","(0, 0, 0, 7)",1570.413,1570.271,True,False
Google Pay,final,"(0, 0, 2)","(0, 0, 0, 7)",1569.07,1568.832,True,False
Google Pay,final,"(1, 0, 0)","(0, 0, 0, 7)",1566.273,1566.131,True,True
Google Pay,final,"(1, 0, 1)","(0, 0, 0, 7)",1568.232,1567.994,True,False
Google Pay,final,"(1, 0, 2)","(0, 0, 0, 7)",1570.342,1569.983,True,False
