domain,day,reviews,neg_reviews,pos_reviews,neg_reviews_filled,issue_crash_bugs_stability,issue_payment_refund,issue_delivery_delay,issue_order_quality_fulfillment,issue_cancellation_return,issue_customer_support,issue_account_login_otp,issue_pricing_charges_fraud,issue_ui_ux_update,feed_gap,source_gap,mean_rating,mean_sentiment,neg_share
Food & Grocery,2026-04-01,3139,565,2436,565.0,8,45,100,22,62,94,0,40,6,False,False,4.0984,0.3085,0.18
Food & Grocery,2026-04-02,3193,590,2458,590.0,8,47,86,21,52,85,1,65,3,False,False,4.0789,0.3086,0.1848
Food & Grocery,2026-04-03,3501,638,2722,638.0,4,51,109,27,68,129,3,58,3,False,False,4.0963,0.3115,0.1822
Food & Grocery,2026-04-04,3373,633,2576,633.0,11,48,108,32,66,117,4,66,2,False,False,4.0587,0.3029,0.1877
Food & Grocery,2026-04-05,3894,714,2994,714.0,15,67,133,35,73,147,0,63,5,False,False,4.0794,0.3094,0.1834
Food & Grocery,2026-04-06,2946,579,2235,579.0,3,46,80,22,49,115,1,58,2,False,False,4.0367,0.2981,0.1965
Food & Grocery,2026-04-07,3195,622,2443,622.0,7,47,82,24,67,122,0,50,5,False,False,4.0548,0.3036,0.1947
Food & Grocery,2026-04-08,3193,626,2444,626.0,4,45,94,31,60,122,1,61,6,False,False,4.0438,0.2995,0.1961
Food & Grocery,2026-04-09,3113,571,2436,571.0,10,43,97,32,67,105,2,59,4,False,False,4.1021,0.3184,0.1834
Food & Grocery,2026-04-10,3064,579,2354,579.0,14,48,83,22,46,108,3,50,5,False,False,4.061,0.3091,0.189
Food & Grocery,2026-04-11,3340,653,2553,653.0,11,47,127,30,76,125,3,55,6,False,False,4.0476,0.2951,0.1955
Food & Grocery,2026-04-12,4147,798,3199,798.0,11,69,125,28,96,157,3,78,5,False,False,4.074,0.3035,0.1924
Food & Grocery,2026-04-13,2893,552,2219,552.0,10,34,93,27,57,105,3,48,4,False,False,4.0581,0.2941,0.1908
Food & Grocery,2026-04-14,3543,680,2702,680.0,9,46,92,27,68,130,1,63,4,False,False,4.0488,0.3094,0.1919
Food & Grocery,2026-04-15,3223,672,2428,672.0,11,45,102,27,72,124,2,51,0,False,False,4.0084,0.2915,0.2085
Food & Grocery,2026-04-16,2911,569,2217,569.0,7,43,98,29,56,127,3,48,3,False,False,4.0382,0.2953,0.1955
Food & Grocery,2026-04-17,3047,613,2326,613.0,13,56,98,30,66,134,2,57,2,False,False,4.0338,0.2988,0.2012
Food & Grocery,2026-04-18,3337,693,2510,693.0,8,51,131,36,84,162,1,56,1,False,False,3.9931,0.2854,0.2077
Food & Grocery,2026-04-19,3989,818,3009,818.0,9,58,136,40,81,183,9,71,6,False,False,4.007,0.2908,0.2051
Food & Grocery,2026-04-20,2883,591,2155,591.0,8,46,98,26,54,113,5,44,2,False,False,4.0045,0.2882,0.205
Food & Grocery,2026-04-21,2001,499,1430,499.0,6,51,101,26,55,114,3,39,2,True,False,3.8461,0.2602,0.2494
Food & Grocery,2026-04-22,1709,495,1156,495.0,5,46,99,29,58,118,2,48,2,True,False,3.7039,0.2262,0.2896
Food & Grocery,2026-04-23,1660,475,1144,475.0,9,50,98,27,67,118,1,40,5,True,False,3.7247,0.2153,0.2861
Food & Grocery,2026-04-24,1601,512,1035,512.0,12,50,94,33,75,121,2,41,3,True,False,3.5896,0.1968,0.3198
Food & Grocery,2026-04-25,1559,505,1015,505.0,4,71,102,39,86,120,0,50,3,True,False,3.5619,0.1978,0.3239
Food & Grocery,2026-04-26,1888,593,1244,593.0,9,67,118,40,93,149,1,68,3,True,False,3.6112,0.1909,0.3141
Food & Grocery,2026-04-27,1615,511,1055,511.0,10,53,104,19,67,108,1,44,3,True,False,3.5981,0.1931,0.3164
Food & Grocery,2026-04-28,1568,452,1060,452.0,9,50,89,26,57,109,1,39,1,True,False,3.6894,0.234,0.2883
Food & Grocery,2026-04-29,1761,520,1182,520.0,12,45,107,25,74,139,1,42,3,True,False,3.6689,0.2163,0.2953
Food & Grocery,2026-04-30,1864,631,1177,631.0,19,65,130,31,77,150,3,54,3,True,False,3.5161,0.1718,0.3385
Food & Grocery,2026-05-01,2061,580,1420,580.0,10,52,123,35,83,170,2,57,1,True,False,3.722,0.2201,0.2814
Food & Grocery,2026-05-02,1873,521,1293,521.0,6,64,113,26,82,147,4,55,2,True,False,3.7341,0.2261,0.2782
Food & Grocery,2026-05-03,2394,580,1745,580.0,6,68,124,33,92,161,2,64,2,True,False,3.8651,0.2633,0.2423
Food & Grocery,2026-05-04,1758,468,1228,468.0,11,44,101,25,64,105,1,51,2,True,False,3.7736,0.2346,0.2662
Food & Grocery,2026-05-05,1945,505,1381,505.0,11,43,105,29,74,131,2,42,5,True,False,3.7984,0.2375,0.2596
Food & Grocery,2026-05-06,2832,595,2134,595.0,7,55,123,29,79,141,0,57,3,False,False,3.9905,0.2851,0.2101
Food & Grocery,2026-05-07,3235,633,2474,633.0,9,60,122,25,84,148,3,57,4,False,False,4.0482,0.2923,0.1957
Food & Grocery,2026-05-08,3395,659,2607,659.0,11,47,117,29,62,129,0,61,6,False,False,4.0521,0.3029,0.1941
Food & Grocery,2026-05-09,3774,718,2903,718.0,5,48,125,33,78,150,2,63,3,False,False,4.0567,0.3035,0.1902
Food & Grocery,2026-05-10,5385,1093,4050,1093.0,17,111,220,69,146,244,6,95,8,False,False,4.0037,0.2852,0.203
Food & Grocery,2026-05-11,3498,654,2704,654.0,6,58,106,34,66,126,3,61,3,False,False,4.0692,0.3021,0.187
Food & Grocery,2026-05-12,2824,603,2109,603.0,8,56,105,27,69,146,2,53,4,False,False,3.982,0.2743,0.2135
Food & Grocery,2026-05-13,2612,636,1885,636.0,9,52,124,34,71,137,0,64,1,False,False,3.8855,0.2561,0.2435
Food & Grocery,2026-05-14,2645,638,1903,638.0,9,60,116,28,86,135,3,59,4,False,False,3.8801,0.2599,0.2412
Food & Grocery,2026-05-15,2647,641,1895,641.0,8,66,109,30,89,158,3,57,3,False,False,3.8795,0.2468,0.2422
Food & Grocery,2026-05-16,2993,691,2185,691.0,9,67,125,45,80,164,3,60,3,False,False,3.9145,0.2742,0.2309
Food & Grocery,2026-05-17,4102,939,3014,939.0,12,69,166,59,98,187,2,85,6,False,False,3.9281,0.2709,0.2289
Food & Grocery,2026-05-18,3422,784,2510,784.0,5,64,114,35,71,152,3,62,4,False,False,3.9313,0.2683,0.2291
Food & Grocery,2026-05-19,2990,625,2243,625.0,8,46,100,39,61,112,3,53,3,False,False,4.0027,0.2787,0.209
Food & Grocery,2026-05-20,3732,714,2869,714.0,15,61,130,34,70,147,6,66,4,False,False,4.0574,0.2906,0.1913
Food & Grocery,2026-05-21,3554,713,2708,713.0,11,55,107,28,68,152,2,55,4,False,False,4.0366,0.2831,0.2006
Food & Grocery,2026-05-22,3541,699,2687,699.0,9,64,115,46,68,161,3,60,3,False,False,4.0311,0.2922,0.1974
Food & Grocery,2026-05-23,3199,633,2414,633.0,11,56,93,35,63,152,2,46,7,False,False,4.0257,0.2908,0.1979
Food & Grocery,2026-05-24,4396,829,3366,829.0,12,74,138,53,94,179,3,84,4,False,False,4.0505,0.301,0.1886
Food & Grocery,2026-05-25,3285,618,2497,618.0,9,49,110,37,60,138,1,62,5,False,False,4.0591,0.3008,0.1881
Food & Grocery,2026-05-26,3445,685,2609,685.0,6,64,113,35,71,105,5,66,4,False,False,4.036,0.2879,0.1988
Food & Grocery,2026-05-27,3446,736,2571,736.0,7,75,114,47,77,137,1,59,4,False,False,3.9858,0.2801,0.2136
Food & Grocery,2026-05-28,4000,804,3042,804.0,16,89,123,45,98,164,2,71,6,False,False,4.0352,0.2927,0.201
Food & Grocery,2026-05-29,3515,744,2616,744.0,12,60,130,33,68,156,2,73,3,False,False,3.9641,0.2794,0.2117
Food & Grocery,2026-05-30,3486,718,2598,718.0,7,54,130,37,78,144,4,71,7,False,False,3.9839,0.2852,0.206
Food & Grocery,2026-05-31,4725,1046,3479,1046.0,16,72,176,62,107,222,6,96,2,False,False,3.9353,0.2761,0.2214
Food & Grocery,2026-06-01,3429,706,2551,706.0,7,60,123,42,73,146,2,50,5,False,False,3.9883,0.2873,0.2059
Food & Grocery,2026-06-02,3465,668,2647,668.0,12,63,104,40,85,125,0,58,9,False,False,4.0603,0.2969,0.1928
Food & Grocery,2026-06-03,3555,626,2790,626.0,11,64,102,31,67,119,1,57,2,False,False,4.1201,0.305,0.1761
Food & Grocery,2026-06-04,3457,652,2655,652.0,8,58,112,33,68,137,3,83,1,False,False,4.0633,0.2904,0.1886
Food & Grocery,2026-06-05,2963,644,2168,644.0,9,51,96,30,72,143,0,52,4,False,False,3.9477,0.2871,0.2173
Food & Grocery,2026-06-06,3257,667,2427,667.0,5,60,105,35,66,136,4,56,3,False,False,4.0062,0.2921,0.2048
Food & Grocery,2026-06-07,3844,808,2866,808.0,17,73,125,50,92,171,3,65,2,False,False,3.9862,0.2771,0.2102
Food & Grocery,2026-06-08,2794,618,2060,618.0,14,61,105,36,68,130,1,57,4,False,False,3.9663,0.2689,0.2212
Food & Grocery,2026-06-09,3009,655,2225,655.0,8,59,97,32,79,131,1,66,1,False,False,3.9714,0.2857,0.2177
Food & Grocery,2026-06-10,2994,665,2172,665.0,8,65,129,37,83,140,2,57,3,False,False,3.9255,0.2679,0.2221
Food & Grocery,2026-06-11,2904,599,2168,599.0,5,40,86,21,78,129,0,47,1,False,False,3.9973,0.2826,0.2063
Food & Grocery,2026-06-12,2994,663,2211,663.0,11,58,100,31,66,110,0,59,4,False,False,3.9492,0.2806,0.2214
Food & Grocery,2026-06-13,3121,706,2265,706.0,7,33,108,42,73,133,4,75,3,False,False,3.9279,0.2762,0.2262
Food & Grocery,2026-06-14,3672,802,2727,802.0,9,66,116,46,80,178,1,71,6,False,False,3.9736,0.2982,0.2184
Food & Grocery,2026-06-15,2724,565,2054,565.0,11,47,104,26,75,115,1,47,2,False,False,4.0154,0.2803,0.2074
Food & Grocery,2026-06-16,2570,546,1906,546.0,7,41,80,43,65,118,1,50,5,False,False,3.9949,0.2893,0.2125
Food & Grocery,2026-06-17,2626,575,1915,575.0,7,48,99,40,57,123,2,46,2,False,False,3.9551,0.2806,0.219
Food & Grocery,2026-06-18,2599,547,1925,547.0,11,48,92,26,47,125,2,48,2,False,False,3.9807,0.2853,0.2105
Food & Grocery,2026-06-19,2689,603,1988,603.0,9,65,101,29,87,127,2,50,2,False,False,3.9498,0.2643,0.2242
Food & Grocery,2026-06-20,2870,591,2146,591.0,5,48,95,30,68,124,1,58,2,False,False,4.0038,0.2879,0.2059
Food & Grocery,2026-06-21,3899,878,2853,878.0,15,74,168,54,114,199,5,70,0,False,False,3.9307,0.262,0.2252
Food & Grocery,2026-06-22,2522,539,1868,539.0,7,45,81,29,73,96,1,46,0,False,False,3.9754,0.2808,0.2137
Food & Grocery,2026-06-23,2605,551,1940,551.0,8,50,81,35,62,123,2,56,0,False,False,3.9873,0.2804,0.2115
Food & Grocery,2026-06-24,2534,563,1865,563.0,12,43,103,22,65,131,1,41,6,False,False,3.942,0.27,0.2222
Food & Grocery,2026-06-25,2662,576,1968,576.0,5,43,101,42,70,124,0,50,3,False,False,3.9624,0.2766,0.2164
Food & Grocery,2026-06-26,2898,619,2149,619.0,7,56,104,40,67,128,1,57,3,False,False,3.9789,0.2731,0.2136
Food & Grocery,2026-06-27,2690,569,2001,569.0,7,54,79,32,68,130,5,63,3,False,False,3.99,0.2856,0.2115
Food & Grocery,2026-06-28,3142,684,2301,684.0,10,61,118,39,70,164,1,63,1,False,False,3.9427,0.2724,0.2177
Food & Grocery,2026-06-29,2422,534,1792,534.0,8,50,82,45,54,133,3,57,3,False,False,3.9558,0.2828,0.2205
Food & Grocery,2026-06-30,2693,562,2008,562.0,9,59,96,30,69,114,1,43,0,False,False,3.9966,0.288,0.2087
Food & Grocery,2026-07-01,2838,632,2090,632.0,9,59,110,45,71,159,0,49,1,False,False,3.9517,0.2658,0.2227
Food & Grocery,2026-07-02,2664,552,1994,552.0,7,43,92,40,60,108,1,40,0,False,False,4.0079,0.2833,0.2072
Food & Grocery,2026-07-03,2827,677,2039,677.0,12,45,113,32,69,163,1,42,2,False,False,3.878,0.2621,0.2395
Food & Grocery,2026-07-04,3014,646,2227,646.0,7,59,113,42,66,147,4,63,2,False,False,3.9609,0.2839,0.2143
Food & Grocery,2026-07-05,3650,823,2664,823.0,17,64,138,57,106,166,3,75,3,False,False,3.9392,0.2643,0.2255
Food & Grocery,2026-07-06,2573,517,1951,517.0,9,47,70,36,60,85,1,45,1,False,False,4.042,0.2944,0.2009
Food & Grocery,2026-07-07,2682,565,2003,565.0,13,58,90,35,64,126,1,52,3,False,False,3.9847,0.2776,0.2107
Food & Grocery,2026-07-08,2780,606,2047,606.0,7,56,100,33,93,117,2,64,3,False,False,3.95,0.2735,0.218
Food & Grocery,2026-07-09,2838,600,2102,600.0,7,66,80,29,67,120,1,56,2,False,False,3.9778,0.2924,0.2114
Food & Grocery,2026-07-10,2872,642,2128,642.0,13,59,110,39,78,123,4,61,3,False,False,3.9572,0.2696,0.2235
Food & Grocery,2026-07-11,3074,663,2274,663.0,13,64,104,45,76,162,1,51,2,False,False,3.9658,0.2724,0.2157
Food & Grocery,2026-07-12,3764,824,2780,824.0,16,69,143,44,105,158,4,69,2,False,False,3.9654,0.287,0.2189
Food & Grocery,2026-07-13,2654,519,2014,519.0,7,62,72,35,74,105,3,46,4,False,False,4.0464,0.2949,0.1956
Food & Grocery,2026-07-14,2655,514,2030,514.0,6,39,85,33,60,98,5,50,3,False,False,4.0565,0.2953,0.1936
Food & Grocery,2026-07-15,2632,572,1940,572.0,8,54,79,39,86,132,0,45,2,False,False,3.9601,0.2803,0.2173
Food & Grocery,2026-07-16,2678,609,1968,609.0,8,57,84,29,70,117,1,40,1,False,False,3.9507,0.2697,0.2274
Food & Grocery,2026-07-17,2562,520,1921,520.0,6,56,85,36,70,98,0,35,6,False,False,4.0078,0.2918,0.203
Food & Grocery,2026-07-18,2793,576,2088,576.0,9,50,83,44,77,128,2,56,3,False,False,4.0093,0.2797,0.2062
Food & Grocery,2026-07-19,3551,723,2661,723.0,7,64,103,55,94,152,2,66,4,False,False,4.0087,0.2856,0.2036
Food & Grocery,2026-07-20,2387,483,1809,483.0,11,39,72,23,50,101,1,37,1,False,False,4.0344,0.2917,0.2023
Food & Grocery,2026-07-21,2414,433,1883,433.0,12,48,66,27,49,91,0,44,4,False,False,4.1094,0.3007,0.1794
Food & Grocery,2026-07-22,2417,519,1805,519.0,13,47,86,29,54,127,3,45,2,False,False,3.9777,0.271,0.2147
Food & Grocery,2026-07-23,2014,483,1452,483.0,6,41,42,27,62,71,1,26,0,False,True,3.8699,0.2442,0.2398
Food & Grocery,2026-07-24,2250,783,1382,948.5,7,43,53,30,51,120,1,33,3,False,True,3.4729,0.1712,0.348
Food & Grocery,2026-07-25,2642,680,1852,680.0,8,48,85,26,57,117,5,31,0,False,True,3.8198,0.2457,0.2574
Food & Grocery,2026-07-26,3316,661,2504,661.0,6,49,107,30,61,119,0,57,4,False,False,4.0326,0.293,0.1993
Food & Grocery,2026-07-27,2371,513,1742,513.0,11,44,90,18,64,109,1,44,3,False,False,3.9625,0.2779,0.2164
Food & Grocery,2026-07-28,2479,524,1847,524.0,12,39,89,38,58,104,1,41,3,False,False,3.9786,0.2683,0.2114
Food & Grocery,2026-07-29,2422,473,1837,473.0,5,42,74,25,61,92,3,42,4,False,False,4.0512,0.2933,0.1953
Food & Grocery,2026-07-30,2399,462,1830,462.0,1,26,68,14,48,91,2,34,3,False,False,4.0546,0.2936,0.1926
Food & Grocery,2026-07-31,2691,576,2006,576.0,7,67,92,33,75,117,1,70,2,False,False,3.9896,0.271,0.214
Food & Grocery,2026-08-01,2848,612,2087,612.0,7,56,107,29,65,133,1,66,3,False,False,3.9614,0.2684,0.2149
Food & Grocery,2026-08-02,3654,825,2684,825.0,15,71,131,43,94,142,3,86,1,False,False,3.9376,0.276,0.2258
Food & Grocery,2026-08-03,2505,595,1792,595.0,10,49,69,32,55,112,1,56,4,False,False,3.8946,0.261,0.2375
Food & Grocery,2026-08-04,2666,626,1923,626.0,8,40,77,35,80,141,4,60,3,False,False,3.8916,0.267,0.2348
Food & Grocery,2026-08-05,2605,600,1876,600.0,11,55,90,26,70,145,4,51,5,False,False,3.9105,0.2673,0.2303
Food & Grocery,2026-08-06,2376,535,1729,535.0,6,45,85,31,64,89,0,46,2,False,False,3.92,0.2672,0.2252
Food & Grocery,2026-08-07,2198,548,1553,548.0,12,47,83,28,50,120,2,54,2,False,False,3.8208,0.2678,0.2493
Food & Grocery,2026-08-08,2728,660,1955,660.0,6,57,119,36,88,126,4,73,2,False,False,3.8545,0.2567,0.2419
Food & Grocery,2026-08-09,3082,789,2149,789.0,15,56,128,44,65,175,3,65,7,False,False,3.782,0.2579,0.256
Food & Grocery,2026-08-10,2491,573,1789,573.0,5,59,101,30,64,126,1,56,5,False,False,3.8868,0.2584,0.23
Food & Grocery,2026-08-11,2678,568,1950,568.0,9,58,100,39,68,121,2,44,3,False,False,3.953,0.2799,0.2121
Food & Grocery,2026-08-12,2592,602,1880,602.0,6,55,88,34,84,137,2,56,0,False,False,3.9089,0.2754,0.2323
Food & Grocery,2026-08-13,2642,595,1928,595.0,11,58,82,33,65,120,4,64,3,False,False,3.9303,0.2674,0.2252
Food & Grocery,2026-08-14,2660,615,1928,615.0,8,59,74,35,65,129,4,30,5,False,False,3.8993,0.2623,0.2312
Food & Grocery,2026-08-15,3922,840,2889,840.0,10,69,121,34,86,167,3,55,3,False,False,3.9653,0.2793,0.2142
Food & Grocery,2026-08-16,3392,794,2435,794.0,14,86,114,52,89,187,6,71,1,False,False,3.8847,0.2705,0.2341
Food & Grocery,2026-08-17,2407,522,1790,522.0,8,37,84,33,49,111,1,47,4,False,False,3.9755,0.2834,0.2169
Food & Grocery,2026-08-18,2427,573,1749,573.0,10,60,88,48,77,124,1,45,0,False,False,3.8978,0.2711,0.2361
Food & Grocery,2026-08-19,2436,531,1800,531.0,9,46,68,32,51,99,4,38,4,False,False,3.9622,0.2749,0.218
Food & Grocery,2026-08-20,2358,543,1723,543.0,9,42,84,32,62,100,1,57,4,False,False,3.9313,0.2713,0.2303
Food & Grocery,2026-08-21,2411,540,1757,540.0,8,55,74,44,86,126,0,44,1,False,False,3.939,0.272,0.224
Food & Grocery,2026-08-22,2652,606,1939,606.0,12,54,77,45,57,127,4,50,3,False,False,3.9302,0.2621,0.2285
Food & Grocery,2026-08-23,3252,733,2394,733.0,16,70,111,65,87,144,1,62,1,False,False,3.9406,0.2714,0.2254
Food & Grocery,2026-08-24,2360,523,1749,523.0,11,39,77,35,60,108,1,50,3,False,False,3.9699,0.2707,0.2216
Food & Grocery,2026-08-25,2327,463,1744,463.0,6,43,72,23,47,88,2,39,2,False,False,4.0202,0.2946,0.199
Food & Grocery,2026-08-26,2794,591,2071,591.0,8,75,84,35,75,124,1,41,2,False,False,3.9853,0.2753,0.2115
Food & Grocery,2026-08-27,2909,657,2128,657.0,18,43,106,38,66,138,2,68,4,False,False,3.9274,0.2775,0.2259
Food & Grocery,2026-08-28,3708,913,2620,913.0,9,68,137,47,110,187,3,67,3,False,False,3.8487,0.2534,0.2462
Food & Grocery,2026-08-29,2722,635,1963,635.0,12,53,89,37,77,125,2,55,1,False,False,3.8946,0.2606,0.2333
Food & Grocery,2026-08-30,3257,719,2394,719.0,11,61,129,48,85,153,5,59,4,False,False,3.9524,0.2731,0.2208
Food & Grocery,2026-08-31,2312,503,1701,503.0,6,50,73,26,66,116,2,49,1,False,False,3.9649,0.281,0.2176
Food & Grocery,2026-09-01,2351,559,1691,559.0,6,55,96,36,56,125,2,61,2,False,False,3.8813,0.2575,0.2378
Food & Grocery,2026-09-02,2598,573,1903,573.0,7,47,94,25,51,116,5,50,5,False,False,3.9446,0.274,0.2206
Food & Grocery,2026-09-03,2605,584,1891,584.0,9,61,97,28,58,128,0,59,2,False,False,3.9386,0.2663,0.2242
Food & Grocery,2026-09-04,3028,652,2234,652.0,13,51,102,44,64,126,1,43,2,False,False,3.9723,0.2718,0.2153
Food & Grocery,2026-09-05,2778,696,1957,696.0,13,67,102,41,86,148,2,60,3,False,False,3.8279,0.2336,0.2505
Food & Grocery,2026-09-06,3163,731,2298,731.0,8,57,103,44,71,149,1,54,3,False,False,3.9042,0.2574,0.2311
Food & Grocery,2026-09-07,2436,554,1777,554.0,8,56,73,28,58,120,6,44,4,False,False,3.9544,0.2631,0.2274
Food & Grocery,2026-09-08,2603,543,1949,543.0,8,60,86,22,63,106,0,47,4,False,False,3.9947,0.266,0.2086
Food & Grocery,2026-09-09,2562,573,1882,573.0,12,48,83,43,71,125,2,57,3,False,False,3.95,0.2598,0.2237
Food & Grocery,2026-09-10,2490,558,1814,558.0,6,51,88,24,61,120,2,44,4,False,False,3.9386,0.2656,0.2241
Food & Grocery,2026-09-11,2716,591,2030,591.0,8,51,85,28,56,122,1,65,1,False,False,3.9727,0.2665,0.2176
Food & Grocery,2026-09-12,2830,652,2058,652.0,7,59,109,50,75,138,3,65,3,False,False,3.918,0.2547,0.2304
Food & Grocery,2026-09-13,3426,752,2505,752.0,11,64,109,48,86,163,3,57,0,False,False,3.9466,0.26,0.2195
Food & Grocery,2026-09-14,3003,702,2187,702.0,15,59,112,44,75,137,2,52,6,False,False,3.9057,0.2551,0.2338
Food & Grocery,2026-09-15,2443,569,1765,569.0,5,56,83,34,77,135,1,48,3,False,False,3.9022,0.2499,0.2329
Food & Grocery,2026-09-16,2274,498,1665,498.0,7,48,84,24,65,107,5,30,6,False,False,3.956,0.2624,0.219
Food & Grocery,2026-09-17,2403,542,1750,542.0,8,54,73,30,80,124,1,41,1,False,False,3.913,0.2656,0.2256
Food & Grocery,2026-09-18,2380,529,1737,529.0,10,62,84,29,67,101,1,55,2,False,False,3.9408,0.2611,0.2223
Food & Grocery,2026-09-19,2474,523,1843,523.0,8,46,67,34,59,98,3,42,2,False,False,3.9858,0.2738,0.2114
Food & Grocery,2026-09-20,3104,668,2288,668.0,8,48,97,42,79,112,5,70,2,False,False,3.9584,0.272,0.2152
Shopping,2026-04-01,3090,483,2483,483.0,11,38,50,20,100,84,11,34,11,False,False,4.2123,0.3419,0.1563
Shopping,2026-04-02,2811,471,2235,471.0,15,48,67,21,109,98,3,49,1,False,False,4.1825,0.3441,0.1676
Shopping,2026-04-03,3126,485,2531,485.0,14,45,55,23,111,92,4,45,7,False,False,4.2278,0.352,0.1552
Shopping,2026-04-04,3005,482,2391,482.0,7,34,53,28,105,105,3,37,9,False,False,4.1814,0.3459,0.1604
Shopping,2026-04-05,3072,427,2511,427.0,13,34,59,12,86,85,6,40,7,False,False,4.2708,0.3645,0.139
Shopping,2026-04-06,2839,478,2253,478.0,10,46,63,30,111,107,7,38,1,False,False,4.1747,0.3396,0.1684
Shopping,2026-04-07,3192,496,2590,496.0,11,33,65,26,123,81,8,39,4,False,False,4.2243,0.3498,0.1554
Shopping,2026-04-08,3032,509,2418,509.0,17,39,56,23,116,99,5,39,7,False,False,4.1933,0.3469,0.1679
Shopping,2026-04-09,3213,509,2581,509.0,17,41,59,21,100,92,4,33,6,False,False,4.206,0.3469,0.1584
Shopping,2026-04-10,2962,423,2426,423.0,12,38,64,25,84,81,8,38,3,False,False,4.2654,0.3631,0.1428
Shopping,2026-04-11,3086,492,2486,492.0,16,51,59,28,127,102,5,37,4,False,False,4.2096,0.3453,0.1594
Shopping,2026-04-12,3182,549,2499,549.0,21,55,75,22,109,117,6,43,4,False,False,4.1537,0.3334,0.1725
Shopping,2026-04-13,2839,518,2221,518.0,14,49,92,29,112,121,11,45,5,False,False,4.1268,0.3303,0.1825
Shopping,2026-04-14,3111,620,2379,620.0,27,50,101,29,114,144,8,45,4,False,False,4.055,0.3135,0.1993
Shopping,2026-04-15,2834,506,2211,506.0,10,39,73,18,106,117,12,44,10,False,False,4.1196,0.3281,0.1785
Shopping,2026-04-16,2864,502,2226,502.0,16,34,70,17,106,121,10,41,6,False,False,4.1261,0.3353,0.1753
Shopping,2026-04-17,2719,518,2078,518.0,18,39,86,16,105,113,6,40,5,False,False,4.0802,0.3257,0.1905
Shopping,2026-04-18,2668,476,2082,476.0,18,43,83,22,120,103,6,45,3,False,False,4.1293,0.3251,0.1784
Shopping,2026-04-19,2821,515,2207,515.0,17,45,79,29,110,105,9,45,7,False,False,4.1092,0.3292,0.1826
Shopping,2026-04-20,2537,462,1974,462.0,9,40,74,23,126,114,5,40,6,False,False,4.1159,0.3275,0.1821
Shopping,2026-04-21,1986,481,1436,481.0,16,63,80,22,146,130,6,63,4,True,False,3.8922,0.2671,0.2422
Shopping,2026-04-22,1649,461,1147,461.0,15,48,83,33,123,123,13,38,0,True,False,3.7811,0.2324,0.2796
Shopping,2026-04-23,1516,403,1084,403.0,15,41,63,21,114,109,7,36,10,True,False,3.8569,0.2507,0.2658
Shopping,2026-04-24,1425,394,1006,394.0,13,46,76,28,115,104,13,47,2,True,False,3.8105,0.2354,0.2765
Shopping,2026-04-25,1301,426,854,426.0,14,47,82,30,130,126,6,38,5,True,False,3.6318,0.1891,0.3274
Shopping,2026-04-26,1382,413,944,413.0,14,42,67,21,113,113,11,42,4,True,False,3.7323,0.2208,0.2988
Shopping,2026-04-27,1330,406,896,406.0,10,39,70,22,96,117,7,40,5,True,False,3.6902,0.2178,0.3053
Shopping,2026-04-28,1284,414,848,414.0,15,41,66,30,125,129,5,37,4,True,False,3.6449,0.2048,0.3224
Shopping,2026-04-29,1265,393,855,393.0,7,36,81,24,116,109,8,40,5,True,False,3.6838,0.2037,0.3107
Shopping,2026-04-30,1151,402,736,402.0,13,37,68,19,104,115,8,49,6,True,False,3.5317,0.1749,0.3493
Shopping,2026-05-01,1287,426,835,426.0,11,37,63,31,108,123,6,37,4,True,False,3.603,0.2023,0.331
Shopping,2026-05-02,1382,410,949,410.0,13,43,71,24,96,127,10,41,1,True,False,3.7417,0.231,0.2967
Shopping,2026-05-03,1769,449,1271,449.0,16,44,65,26,116,123,6,51,4,True,False,3.8842,0.2579,0.2538
Shopping,2026-05-04,1478,384,1062,384.0,13,31,58,16,94,97,7,36,5,True,False,3.866,0.2669,0.2598
Shopping,2026-05-05,1590,416,1142,416.0,29,30,58,17,105,108,4,37,6,True,False,3.8592,0.2572,0.2616
Shopping,2026-05-06,2389,438,1863,438.0,16,29,81,20,117,105,5,38,6,False,False,4.1235,0.3189,0.1833
Shopping,2026-05-07,2839,483,2259,483.0,12,45,62,25,123,108,7,41,5,False,False,4.1638,0.3385,0.1701
Shopping,2026-05-08,3479,556,2753,556.0,15,41,67,20,126,106,6,37,7,False,False,4.1744,0.3461,0.1598
Shopping,2026-05-09,3819,643,3024,643.0,16,45,82,22,130,131,8,56,7,False,False,4.1527,0.349,0.1684
Shopping,2026-05-10,3418,548,2744,548.0,9,55,76,33,126,127,6,61,6,False,False,4.2031,0.3449,0.1603
Shopping,2026-05-11,3327,548,2646,548.0,12,48,78,27,140,120,7,50,7,False,False,4.1782,0.3409,0.1647
Shopping,2026-05-12,3298,575,2567,575.0,14,56,78,24,130,115,13,58,6,False,False,4.1377,0.3329,0.1743
Shopping,2026-05-13,3262,581,2543,581.0,12,43,76,23,120,135,5,47,4,False,False,4.1303,0.3346,0.1781
Shopping,2026-05-14,3210,559,2512,559.0,13,41,93,33,115,116,3,43,5,False,False,4.1427,0.3363,0.1741
Shopping,2026-05-15,3122,558,2433,558.0,15,39,90,21,119,128,8,60,7,False,False,4.1191,0.3323,0.1787
Shopping,2026-05-16,3353,586,2618,586.0,15,51,94,27,138,142,7,48,4,False,False,4.1369,0.3305,0.1748
Shopping,2026-05-17,3443,574,2742,574.0,11,42,69,26,129,135,7,46,2,False,False,4.185,0.3368,0.1667
Shopping,2026-05-18,3077,544,2401,544.0,13,42,86,25,138,136,5,48,4,False,False,4.1232,0.3151,0.1768
Shopping,2026-05-19,2996,604,2295,604.0,11,52,113,23,160,135,8,47,3,False,False,4.0621,0.31,0.2016
Shopping,2026-05-20,2852,582,2164,582.0,11,62,79,24,141,144,4,49,2,False,False,4.0389,0.3057,0.2041
Shopping,2026-05-21,2873,576,2184,576.0,16,45,73,22,125,141,7,48,7,False,False,4.0466,0.3077,0.2005
Shopping,2026-05-22,2684,538,2042,538.0,13,45,96,24,129,142,7,48,4,False,False,4.0548,0.3104,0.2004
Shopping,2026-05-23,2403,492,1802,492.0,14,41,75,19,125,122,5,41,5,False,False,4.0233,0.3147,0.2047
Shopping,2026-05-24,2791,554,2133,554.0,15,43,79,25,135,116,10,48,6,False,False,4.0609,0.3073,0.1985
Shopping,2026-05-25,2581,517,1952,517.0,8,46,87,20,127,133,6,44,5,False,False,4.0403,0.3061,0.2003
Shopping,2026-05-26,2567,531,1934,531.0,9,48,97,20,128,131,5,39,5,False,False,4.0086,0.3053,0.2069
Shopping,2026-05-27,2471,520,1867,520.0,12,50,79,24,133,122,5,47,3,False,False,4.0137,0.3155,0.2104
Shopping,2026-05-28,3043,579,2345,579.0,16,58,86,25,151,131,6,49,4,False,False,4.0851,0.322,0.1903
Shopping,2026-05-29,3018,507,2401,507.0,12,38,71,22,115,95,5,35,4,False,False,4.1749,0.34,0.168
Shopping,2026-05-30,3014,510,2388,510.0,9,39,70,23,115,105,2,43,1,False,False,4.1619,0.3336,0.1692
Shopping,2026-05-31,3058,494,2435,494.0,20,33,59,24,94,104,7,43,5,False,False,4.1959,0.3535,0.1615
Shopping,2026-06-01,3067,552,2390,552.0,20,50,71,25,130,122,7,54,7,False,False,4.1203,0.3302,0.18
Shopping,2026-06-02,3163,508,2546,508.0,12,52,80,24,118,120,7,56,10,False,False,4.2039,0.3562,0.1606
Shopping,2026-06-03,3200,534,2549,534.0,17,50,75,18,132,137,5,56,6,False,False,4.1775,0.3438,0.1669
Shopping,2026-06-04,3139,535,2486,535.0,19,49,62,20,120,120,5,55,7,False,False,4.1564,0.3348,0.1704
Shopping,2026-06-05,3176,521,2541,521.0,9,43,76,22,117,117,5,53,8,False,False,4.1899,0.3417,0.164
Shopping,2026-06-06,3157,535,2508,535.0,11,40,80,32,134,147,5,48,8,False,False,4.1647,0.3408,0.1695
Shopping,2026-06-07,3650,545,2974,545.0,14,55,77,28,131,119,4,56,4,False,False,4.2465,0.357,0.1493
Shopping,2026-06-08,3093,534,2441,534.0,12,42,87,21,148,133,8,41,4,False,False,4.161,0.3352,0.1726
Shopping,2026-06-09,3051,576,2357,576.0,7,64,93,24,128,134,10,46,6,False,False,4.0977,0.3274,0.1888
Shopping,2026-06-10,2959,557,2286,557.0,16,43,83,27,143,137,6,46,1,False,False,4.0859,0.3208,0.1882
Shopping,2026-06-11,3066,571,2379,571.0,13,48,102,23,144,145,12,42,5,False,False,4.0998,0.3264,0.1862
Shopping,2026-06-12,2973,536,2335,536.0,16,42,79,18,125,115,8,42,6,False,False,4.147,0.3345,0.1803
Shopping,2026-06-13,2971,564,2308,564.0,15,44,86,25,146,143,7,45,3,False,False,4.104,0.3265,0.1898
Shopping,2026-06-14,3162,584,2462,584.0,20,46,83,30,146,144,6,56,6,False,False,4.1138,0.3304,0.1847
Shopping,2026-06-15,2969,563,2298,563.0,14,50,99,39,164,120,7,35,3,False,False,4.099,0.3293,0.1896
Shopping,2026-06-16,2835,538,2177,538.0,17,46,97,27,137,139,8,44,4,False,False,4.079,0.3127,0.1898
Shopping,2026-06-17,2872,543,2229,543.0,18,52,85,21,137,135,8,54,2,False,False,4.0864,0.3219,0.1891
Shopping,2026-06-18,2981,565,2296,565.0,17,41,87,16,142,125,5,43,5,False,False,4.0916,0.3308,0.1895
Shopping,2026-06-19,2747,498,2141,498.0,16,36,87,30,124,112,8,30,12,False,False,4.1165,0.3282,0.1813
Shopping,2026-06-20,2899,607,2195,607.0,18,45,98,28,148,136,14,51,4,False,False,4.0286,0.313,0.2094
Shopping,2026-06-21,2846,534,2189,534.0,19,47,80,29,120,127,6,47,9,False,False,4.0945,0.3158,0.1876
Shopping,2026-06-22,2779,504,2181,504.0,6,41,72,26,120,108,2,48,7,False,False,4.1364,0.3341,0.1814
Shopping,2026-06-23,2773,462,2198,462.0,11,40,71,21,109,105,8,41,2,False,False,4.1746,0.3332,0.1666
Shopping,2026-06-24,2661,482,2080,482.0,10,52,75,31,125,115,6,51,4,False,False,4.1236,0.3339,0.1811
Shopping,2026-06-25,2693,534,2081,534.0,9,42,90,29,128,119,9,43,3,False,False,4.0802,0.3129,0.1983
Shopping,2026-06-26,2638,513,2024,513.0,9,48,66,26,122,115,5,44,2,False,False,4.0678,0.3176,0.1945
Shopping,2026-06-27,2635,474,2042,474.0,10,50,64,17,117,110,4,47,2,False,False,4.1177,0.3284,0.1799
Shopping,2026-06-28,2720,505,2101,505.0,14,49,72,23,120,122,9,50,3,False,False,4.1026,0.319,0.1857
Shopping,2026-06-29,2580,531,1937,531.0,17,44,99,24,116,141,7,35,2,False,False,4.0124,0.3109,0.2058
Shopping,2026-06-30,2745,478,2148,478.0,21,59,73,30,127,110,1,29,6,False,False,4.1457,0.3256,0.1741
Shopping,2026-07-01,2937,460,2365,460.0,13,45,57,24,106,105,7,37,9,False,False,4.2111,0.3399,0.1566
Shopping,2026-07-02,2911,521,2263,521.0,15,45,71,29,128,108,14,50,5,False,False,4.1209,0.3375,0.179
Shopping,2026-07-03,3305,531,2648,531.0,22,37,57,25,106,107,5,49,4,False,False,4.2018,0.3474,0.1607
Shopping,2026-07-04,5149,767,4173,767.0,25,60,82,25,164,124,8,69,7,False,False,4.242,0.3583,0.149
Shopping,2026-07-05,4521,675,3671,675.0,13,51,91,28,129,129,9,64,8,False,False,4.24,0.3567,0.1493
Shopping,2026-07-06,3562,600,2855,600.0,21,50,84,28,142,126,9,53,4,False,False,4.1858,0.3349,0.1684
Shopping,2026-07-07,3121,583,2421,583.0,7,51,85,18,133,122,5,45,8,False,False,4.1044,0.3318,0.1868
Shopping,2026-07-08,3179,580,2464,580.0,11,56,71,28,147,123,11,41,4,False,False,4.1151,0.3284,0.1824
Shopping,2026-07-09,3385,650,2617,650.0,12,57,108,20,156,154,9,57,5,False,False,4.0774,0.3216,0.192
Shopping,2026-07-10,3103,600,2381,600.0,13,45,94,20,143,151,9,51,3,False,False,4.0767,0.3105,0.1934
Shopping,2026-07-11,3137,690,2337,690.0,16,53,135,27,163,192,11,43,5,False,False,3.9787,0.2975,0.22
Shopping,2026-07-12,3335,641,2596,641.0,22,47,102,20,157,160,11,47,4,False,False,4.105,0.319,0.1922
Shopping,2026-07-13,3060,651,2295,651.0,20,63,109,32,143,139,12,52,6,False,False,3.9925,0.3027,0.2127
Shopping,2026-07-14,3048,628,2300,628.0,16,64,111,25,166,145,11,47,8,False,False,4.0331,0.3005,0.206
Shopping,2026-07-15,3033,589,2301,589.0,19,56,103,24,160,153,14,52,7,False,False,4.0626,0.3171,0.1942
Shopping,2026-07-16,2787,541,2120,541.0,15,42,88,30,137,130,9,43,4,False,False,4.0567,0.3135,0.1941
Shopping,2026-07-17,2850,558,2177,558.0,11,50,93,22,151,124,7,42,7,False,False,4.0744,0.3114,0.1958
Shopping,2026-07-18,2948,612,2224,612.0,16,69,97,34,159,130,9,53,3,False,False,4.0166,0.3022,0.2076
Shopping,2026-07-19,3077,611,2358,611.0,15,55,91,21,152,150,9,46,3,False,False,4.0582,0.3146,0.1986
Shopping,2026-07-20,2626,513,2007,513.0,12,45,79,20,144,116,6,42,3,False,False,4.0758,0.3183,0.1954
Shopping,2026-07-21,2595,523,1988,523.0,13,57,95,24,122,124,10,40,3,False,False,4.0551,0.3136,0.2015
Shopping,2026-07-22,2494,477,1918,477.0,9,51,80,19,148,111,6,37,2,False,False,4.0681,0.3131,0.1913
Shopping,2026-07-23,2714,540,2065,540.0,25,54,84,24,133,126,11,43,9,False,False,4.052,0.3076,0.199
Shopping,2026-07-24,2580,430,2047,430.0,6,43,68,16,119,102,2,35,2,False,False,4.1768,0.3265,0.1667
Shopping,2026-07-25,2700,514,2078,514.0,14,43,85,22,120,121,9,43,7,False,False,4.0833,0.3133,0.1904
Shopping,2026-07-26,2968,532,2321,532.0,11,53,93,20,152,121,9,50,3,False,False,4.1334,0.3356,0.1792
Shopping,2026-07-27,2609,522,1983,522.0,15,58,74,30,145,114,5,38,5,False,False,4.059,0.308,0.2001
Shopping,2026-07-28,2548,463,1989,463.0,15,35,73,13,140,109,4,37,5,False,False,4.1182,0.318,0.1817
Shopping,2026-07-29,2669,491,2060,491.0,10,45,69,25,121,110,10,36,7,False,False,4.109,0.3282,0.184
Shopping,2026-07-30,2709,476,2111,476.0,10,51,70,22,104,102,10,39,1,False,False,4.1288,0.3282,0.1757
Shopping,2026-07-31,2832,472,2233,472.0,9,38,80,20,102,103,9,48,2,False,False,4.178,0.3317,0.1667
Shopping,2026-08-01,2981,503,2364,503.0,12,50,68,18,120,116,7,42,7,False,False,4.1704,0.3376,0.1687
Shopping,2026-08-02,3487,550,2816,550.0,12,56,72,24,121,111,10,25,10,False,False,4.2269,0.359,0.1577
Shopping,2026-08-03,2769,481,2181,481.0,6,36,78,25,91,88,7,40,4,False,False,4.1531,0.3192,0.1737
Shopping,2026-08-04,2979,537,2343,537.0,15,47,62,23,137,125,4,34,4,False,False,4.1406,0.324,0.1803
Shopping,2026-08-05,3052,538,2373,538.0,10,53,69,21,125,109,6,33,6,False,False,4.1327,0.3373,0.1763
Shopping,2026-08-06,2961,523,2313,523.0,13,43,71,10,104,119,7,29,3,False,False,4.1368,0.3428,0.1766
Shopping,2026-08-07,3416,611,2669,611.0,20,56,80,29,127,107,8,53,5,False,False,4.1359,0.3402,0.1789
Shopping,2026-08-08,4211,655,3363,655.0,12,49,81,24,149,135,6,78,7,False,False,4.2054,0.351,0.1555
Shopping,2026-08-09,3837,654,3049,654.0,13,55,104,31,136,139,7,59,10,False,False,4.1702,0.3327,0.1704
Shopping,2026-08-10,3309,599,2581,599.0,11,45,83,22,126,125,3,43,9,False,False,4.1248,0.328,0.181
Shopping,2026-08-11,3178,626,2435,626.0,19,49,112,22,150,141,10,39,6,False,False,4.0611,0.3151,0.197
Shopping,2026-08-12,3140,640,2379,640.0,15,58,130,33,159,172,5,68,7,False,False,4.0433,0.3072,0.2038
Shopping,2026-08-13,3036,679,2229,679.0,14,68,114,25,137,158,7,55,4,False,False,3.9545,0.2967,0.2236
Shopping,2026-08-14,3105,681,2303,681.0,15,60,130,39,159,172,8,61,6,False,False,3.9749,0.2978,0.2193
Shopping,2026-08-15,3068,607,2343,607.0,16,52,96,33,137,140,14,30,8,False,False,4.0535,0.3056,0.1978
Shopping,2026-08-16,3734,662,2963,662.0,7,55,103,36,158,150,10,53,1,False,False,4.1486,0.3364,0.1773
Shopping,2026-08-17,2844,637,2096,637.0,11,54,131,27,163,171,8,51,3,False,False,3.9487,0.2928,0.224
Shopping,2026-08-18,2943,752,2094,752.0,16,81,143,32,190,202,10,60,6,False,False,3.8495,0.257,0.2555
Shopping,2026-08-19,2769,607,2058,607.0,9,63,122,28,163,159,11,49,5,False,False,3.9798,0.3054,0.2192
Shopping,2026-08-20,2710,620,1986,620.0,20,56,123,32,148,172,10,57,2,False,False,3.9384,0.2805,0.2288
Shopping,2026-08-21,2629,612,1919,612.0,8,48,112,35,157,166,10,53,8,False,False,3.9312,0.2881,0.2328
Shopping,2026-08-22,2777,678,2008,678.0,18,67,136,24,179,169,10,63,5,False,False,3.8859,0.2759,0.2441
Shopping,2026-08-23,2903,669,2137,669.0,9,62,124,31,162,182,10,57,7,False,False,3.9538,0.2896,0.2305
Shopping,2026-08-24,2586,644,1847,644.0,19,64,125,30,165,170,13,57,5,False,False,3.8662,0.2585,0.249
Shopping,2026-08-25,2538,601,1838,601.0,11,46,103,27,143,151,7,47,6,False,False,3.9059,0.2748,0.2368
Shopping,2026-08-26,2494,599,1803,599.0,15,69,102,38,179,150,11,51,4,False,False,3.8966,0.2732,0.2402
Shopping,2026-08-27,2205,591,1536,591.0,14,77,108,29,139,150,8,42,5,False,False,3.7941,0.2508,0.268
Shopping,2026-08-28,2121,514,1521,514.0,14,36,97,27,125,121,8,32,6,False,False,3.8845,0.2709,0.2423
Shopping,2026-08-29,2355,529,1746,529.0,17,56,94,31,128,129,4,39,9,False,False,3.9584,0.2868,0.2246
Shopping,2026-08-30,2616,567,1950,567.0,15,54,91,24,126,121,8,47,9,False,False,3.9977,0.2874,0.2167
Shopping,2026-08-31,2298,521,1706,521.0,10,48,88,21,135,123,4,41,5,False,False,3.9591,0.2901,0.2267
Shopping,2026-09-01,2694,561,2024,561.0,15,61,81,39,152,143,4,51,6,False,False,4.013,0.2995,0.2082
Shopping,2026-09-02,2744,537,2104,537.0,14,49,78,27,117,114,3,40,9,False,False,4.0754,0.2978,0.1957
Shopping,2026-09-03,2784,564,2106,564.0,8,67,79,26,133,110,9,49,4,False,False,4.0395,0.2917,0.2026
Shopping,2026-09-04,2642,599,1949,599.0,23,54,82,30,129,126,9,57,16,False,False,3.9606,0.2776,0.2267
Shopping,2026-09-05,2569,517,1955,517.0,14,42,57,19,121,118,6,50,7,False,False,4.0436,0.2989,0.2012
Shopping,2026-09-06,3401,599,2692,599.0,15,55,89,30,159,125,7,51,10,False,False,4.1688,0.3149,0.1761
Shopping,2026-09-07,2677,558,2023,558.0,18,46,92,26,127,129,7,31,8,False,False,4.0318,0.2957,0.2084
Shopping,2026-09-08,2752,620,2055,620.0,10,60,88,35,146,139,7,49,6,False,False,3.9797,0.2865,0.2253
Shopping,2026-09-09,2681,548,2019,548.0,16,66,88,34,132,138,7,56,7,False,False,4.0291,0.3008,0.2044
Shopping,2026-09-10,2564,509,1966,509.0,7,50,73,16,141,118,4,46,13,False,False,4.0554,0.3028,0.1985
Shopping,2026-09-11,2590,498,2001,498.0,21,49,85,32,124,113,7,40,6,False,False,4.0907,0.3058,0.1923
Shopping,2026-09-12,2623,530,1992,530.0,9,50,74,18,121,106,13,41,9,False,False,4.0286,0.3028,0.2021
Shopping,2026-09-13,2756,563,2109,563.0,13,45,76,21,135,128,5,53,8,False,False,4.057,0.2968,0.2043
Shopping,2026-09-14,2598,526,1970,526.0,17,46,75,20,120,124,7,42,6,False,False,4.0485,0.2884,0.2025
Shopping,2026-09-15,2413,524,1791,524.0,21,54,84,24,150,119,3,48,6,False,False,3.9785,0.2916,0.2172
Shopping,2026-09-16,2539,510,1939,510.0,9,44,71,15,106,110,8,48,6,False,False,4.0563,0.3048,0.2009
Shopping,2026-09-17,2669,532,2013,532.0,13,50,75,30,126,114,4,47,9,False,False,4.0255,0.2946,0.1993
Shopping,2026-09-18,2548,509,1943,509.0,24,58,65,21,112,106,11,44,2,False,False,4.0534,0.3052,0.1998
Shopping,2026-09-19,2891,527,2260,527.0,15,55,75,31,110,129,5,34,7,False,False,4.1162,0.3197,0.1823
Shopping,2026-09-20,3008,529,2361,529.0,17,40,72,22,104,127,4,40,9,False,False,4.1496,0.3242,0.1759
Payments,2026-04-01,1710,197,1442,197.0,17,10,0,0,2,12,5,5,8,False,False,4.3643,0.3575,0.1152
Payments,2026-04-02,1237,118,1069,118.0,16,8,0,0,7,11,4,4,1,False,False,4.4203,0.3709,0.0954
Payments,2026-04-03,1294,152,1096,152.0,8,8,1,0,4,19,1,4,8,False,False,4.3779,0.3753,0.1175
Payments,2026-04-04,1163,149,960,149.0,16,6,1,0,3,11,3,10,7,False,False,4.3113,0.3586,0.1281
Payments,2026-04-05,1007,113,852,113.0,9,7,0,0,3,14,0,6,1,False,False,4.3665,0.3763,0.1122
Payments,2026-04-06,975,119,817,119.0,7,6,0,0,2,10,4,5,1,False,False,4.3477,0.3553,0.1221
Payments,2026-04-07,1111,118,947,118.0,11,6,0,1,1,15,2,13,6,False,False,4.414,0.363,0.1062
Payments,2026-04-08,1147,127,976,127.0,9,9,1,1,0,11,3,18,3,False,False,4.4011,0.3803,0.1107
Payments,2026-04-09,1003,150,813,150.0,15,7,0,0,3,13,1,38,3,False,False,4.2403,0.3465,0.1496
Payments,2026-04-10,1004,116,851,116.0,8,3,0,0,0,10,2,11,4,False,False,4.3845,0.3654,0.1155
Payments,2026-04-11,1148,119,973,119.0,6,7,1,0,2,8,3,17,4,False,False,4.4068,0.3843,0.1037
Payments,2026-04-12,895,92,775,92.0,6,4,2,0,0,3,0,8,1,False,False,4.4358,0.3797,0.1028
Payments,2026-04-13,1011,182,797,182.0,2,11,1,0,0,38,3,5,1,False,False,4.1128,0.3389,0.18
Payments,2026-04-14,914,118,763,118.0,7,7,1,1,1,12,2,9,2,False,False,4.3086,0.3606,0.1291
Payments,2026-04-15,767,88,637,88.0,6,5,0,1,3,11,2,7,1,False,False,4.3233,0.3664,0.1147
Payments,2026-04-16,719,100,584,100.0,5,8,1,0,1,15,1,8,2,False,False,4.2587,0.3473,0.1391
Payments,2026-04-17,1022,112,875,112.0,8,5,1,0,2,6,0,5,4,False,False,4.3816,0.3884,0.1096
Payments,2026-04-18,958,96,836,96.0,4,9,0,0,4,14,2,5,0,False,False,4.452,0.3782,0.1002
Payments,2026-04-19,785,86,669,86.0,6,4,1,0,0,9,3,10,3,False,False,4.3988,0.3893,0.1096
Payments,2026-04-20,850,105,723,105.0,5,5,0,0,3,12,2,7,4,False,False,4.36,0.3714,0.1235
Payments,2026-04-21,772,86,653,86.0,9,6,2,0,0,14,1,9,5,False,False,4.3912,0.3562,0.1114
Payments,2026-04-22,824,108,688,108.0,11,7,0,1,2,12,1,8,5,False,False,4.3143,0.3475,0.1311
Payments,2026-04-23,772,100,643,100.0,10,1,1,0,2,9,1,4,1,False,False,4.3342,0.3552,0.1295
Payments,2026-04-24,784,116,646,116.0,16,8,3,0,2,9,1,7,4,False,False,4.2602,0.3392,0.148
Payments,2026-04-25,782,123,628,123.0,16,10,1,0,1,9,2,12,5,False,False,4.2084,0.3275,0.1573
Payments,2026-04-26,741,108,606,108.0,18,7,0,0,2,8,2,9,4,False,False,4.2888,0.3533,0.1457
Payments,2026-04-27,799,110,648,110.0,17,4,0,0,5,12,3,14,1,False,False,4.259,0.3603,0.1377
Payments,2026-04-28,763,88,644,88.0,6,5,0,0,1,8,2,7,2,False,False,4.3696,0.3856,0.1153
Payments,2026-04-29,779,116,635,116.0,16,8,0,0,0,14,2,7,4,False,False,4.2464,0.3425,0.1489
Payments,2026-04-30,732,105,604,105.0,17,6,1,0,2,8,2,10,5,False,False,4.2814,0.3378,0.1434
Payments,2026-05-01,832,120,688,120.0,12,3,0,0,2,12,3,7,5,False,False,4.2801,0.3534,0.1442
Payments,2026-05-02,860,110,712,110.0,15,4,0,1,1,5,2,5,1,False,False,4.3198,0.3633,0.1279
Payments,2026-05-03,878,110,725,110.0,16,4,1,0,3,10,0,8,8,False,False,4.2938,0.3597,0.1253
Payments,2026-05-04,841,137,677,137.0,22,7,1,0,1,5,0,9,3,False,False,4.2104,0.3388,0.1629
Payments,2026-05-05,866,147,682,147.0,10,4,0,1,3,12,0,8,5,False,False,4.1674,0.3223,0.1697
Payments,2026-05-06,1023,137,849,137.0,20,5,4,0,2,18,4,7,5,False,False,4.2903,0.3432,0.1339
Payments,2026-05-07,779,108,637,108.0,12,5,1,0,1,12,3,7,3,False,False,4.258,0.3546,0.1386
Payments,2026-05-08,852,143,676,143.0,17,8,1,1,4,11,3,9,1,False,False,4.1421,0.3339,0.1678
Payments,2026-05-09,876,118,724,118.0,11,4,0,0,1,9,3,4,7,False,False,4.3059,0.3454,0.1347
Payments,2026-05-10,810,122,659,122.0,11,6,0,0,3,10,1,5,3,False,False,4.2383,0.3467,0.1506
Payments,2026-05-11,1002,124,843,124.0,8,5,1,1,1,10,2,5,4,False,False,4.3293,0.3661,0.1238
Payments,2026-05-12,985,114,829,114.0,7,6,0,0,2,9,0,8,5,False,False,4.3828,0.3741,0.1157
Payments,2026-05-13,943,119,800,119.0,12,5,0,0,0,7,3,10,4,False,False,4.351,0.3633,0.1262
Payments,2026-05-14,964,129,805,129.0,13,5,1,0,3,12,2,9,4,False,False,4.3319,0.3518,0.1338
Payments,2026-05-15,1070,133,898,133.0,13,3,0,0,3,13,2,7,4,False,False,4.3523,0.3655,0.1243
Payments,2026-05-16,1050,131,885,131.0,12,5,1,0,1,18,6,9,2,False,False,4.3562,0.3718,0.1248
Payments,2026-05-17,977,123,820,123.0,18,4,0,0,3,17,4,8,3,False,False,4.3409,0.3443,0.1259
Payments,2026-05-18,1733,399,1271,399.0,130,4,0,0,3,26,10,7,25,False,False,3.9567,0.2758,0.2302
Payments,2026-05-19,1154,219,884,219.0,46,6,1,0,3,18,3,15,7,False,False,4.0737,0.3171,0.1898
Payments,2026-05-20,952,160,754,160.0,24,2,0,0,0,12,6,12,7,False,False,4.1681,0.323,0.1681
Payments,2026-05-21,699,123,546,123.0,17,6,1,0,2,15,5,9,2,False,False,4.1631,0.304,0.176
Payments,2026-05-22,726,110,587,110.0,11,8,0,0,2,17,5,10,4,False,False,4.2314,0.3382,0.1515
Payments,2026-05-23,967,107,823,107.0,8,8,1,0,4,14,5,8,8,False,False,4.4085,0.3709,0.1107
Payments,2026-05-24,836,101,707,101.0,8,5,0,1,4,18,8,5,3,False,False,4.3684,0.3662,0.1208
Payments,2026-05-25,812,110,664,110.0,14,5,1,0,4,14,6,6,1,False,False,4.2931,0.3643,0.1355
Payments,2026-05-26,824,107,691,107.0,14,5,0,0,3,12,6,6,0,False,False,4.341,0.3501,0.1299
Payments,2026-05-27,777,89,662,89.0,8,1,0,1,2,10,4,5,2,False,False,4.4092,0.375,0.1145
Payments,2026-05-28,647,91,535,91.0,10,1,0,0,2,7,6,4,1,False,False,4.2782,0.3515,0.1406
Payments,2026-05-29,838,105,699,105.0,14,2,1,0,1,10,3,2,4,False,False,4.3389,0.3434,0.1253
Payments,2026-05-30,826,90,710,90.0,6,3,1,0,0,12,2,9,4,False,False,4.4237,0.3728,0.109
Payments,2026-05-31,679,92,554,92.0,9,6,0,0,2,14,2,4,3,False,False,4.2769,0.3515,0.1355
Payments,2026-06-01,1020,118,869,118.0,13,7,1,0,3,8,4,8,3,False,False,4.3882,0.3713,0.1157
Payments,2026-06-02,944,120,797,120.0,12,4,0,0,2,18,2,11,5,False,False,4.3538,0.3532,0.1271
Payments,2026-06-03,928,92,801,92.0,4,3,0,0,2,7,2,7,3,False,False,4.444,0.3814,0.0991
Payments,2026-06-04,981,121,831,121.0,8,3,0,0,2,21,4,12,3,False,False,4.37,0.3583,0.1233
Payments,2026-06-05,919,105,776,105.0,8,4,2,0,0,11,2,4,2,False,False,4.3722,0.3625,0.1143
Payments,2026-06-06,912,102,777,102.0,8,3,0,1,1,15,0,9,4,False,False,4.3772,0.3759,0.1118
Payments,2026-06-07,832,109,698,109.0,13,5,0,0,3,14,0,2,4,False,False,4.3329,0.3776,0.131
Payments,2026-06-08,959,124,800,124.0,13,4,1,0,4,9,2,5,4,False,False,4.318,0.3638,0.1293
Payments,2026-06-09,857,108,716,108.0,11,8,0,0,5,13,2,6,1,False,False,4.3314,0.3558,0.126
Payments,2026-06-10,761,134,600,134.0,11,9,1,1,6,22,5,14,0,False,False,4.1445,0.3064,0.1761
Payments,2026-06-11,866,114,713,114.0,15,7,1,1,0,9,4,5,1,False,False,4.2968,0.3487,0.1316
Payments,2026-06-12,905,111,759,111.0,10,2,0,0,4,11,3,7,5,False,False,4.3304,0.3632,0.1227
Payments,2026-06-13,795,105,667,105.0,6,2,0,0,0,4,5,8,2,False,False,4.3346,0.3596,0.1321
Payments,2026-06-14,765,109,623,109.0,11,4,0,1,2,10,4,15,3,False,False,4.2549,0.3374,0.1425
Payments,2026-06-15,893,98,759,98.0,12,5,3,0,1,5,3,5,4,False,False,4.3976,0.3562,0.1097
Payments,2026-06-16,864,118,713,118.0,9,1,1,0,1,10,4,6,2,False,False,4.3137,0.3565,0.1366
Payments,2026-06-17,862,144,699,144.0,7,6,0,0,2,9,2,7,3,False,False,4.2251,0.3255,0.1671
Payments,2026-06-18,817,120,675,120.0,9,4,0,1,3,11,8,8,1,False,False,4.2889,0.3436,0.1469
Payments,2026-06-19,940,148,763,148.0,5,6,2,1,6,9,6,8,8,False,False,4.2447,0.3459,0.1574
Payments,2026-06-20,896,140,729,140.0,9,7,0,0,1,12,1,10,5,False,False,4.2221,0.3435,0.1562
Payments,2026-06-21,778,126,632,126.0,14,3,2,0,4,13,2,7,4,False,False,4.2173,0.3281,0.162
Payments,2026-06-22,826,133,652,133.0,15,7,2,0,1,10,2,8,1,False,False,4.1852,0.3375,0.161
Payments,2026-06-23,874,106,742,106.0,13,6,0,0,2,12,1,5,2,False,False,4.3673,0.3857,0.1213
Payments,2026-06-24,815,105,679,105.0,10,6,0,0,1,13,6,1,8,False,False,4.335,0.3621,0.1288
Payments,2026-06-25,866,104,734,104.0,6,5,1,0,2,14,2,6,2,False,False,4.3672,0.3749,0.1201
Payments,2026-06-26,658,97,535,97.0,10,3,0,0,2,8,2,6,3,False,False,4.2492,0.3287,0.1474
Payments,2026-06-27,780,106,648,106.0,7,13,0,1,2,14,1,4,4,False,False,4.3103,0.344,0.1359
Payments,2026-06-28,667,92,556,92.0,12,5,0,0,1,7,3,8,1,False,False,4.3179,0.3385,0.1379
Payments,2026-06-29,748,116,609,116.0,14,3,1,0,1,10,4,5,3,False,False,4.2407,0.35,0.1551
Payments,2026-06-30,789,103,657,103.0,7,7,1,0,3,15,3,4,2,False,False,4.3232,0.3513,0.1305
Payments,2026-07-01,1067,129,904,129.0,15,3,1,0,2,23,4,10,3,False,False,4.3683,0.3663,0.1209
Payments,2026-07-02,910,115,767,115.0,16,4,0,1,1,9,3,5,10,False,False,4.3363,0.3652,0.1264
Payments,2026-07-03,642,112,514,112.0,15,8,0,1,1,9,4,6,4,False,False,4.1791,0.3335,0.1745
Payments,2026-07-04,682,96,553,96.0,12,5,2,0,3,18,2,13,7,False,False,4.2552,0.3516,0.1408
Payments,2026-07-05,655,101,531,101.0,10,4,0,0,6,16,3,5,4,False,False,4.2305,0.3597,0.1542
Payments,2026-07-06,691,92,580,92.0,10,7,0,0,3,11,1,4,3,False,False,4.3155,0.3587,0.1331
Payments,2026-07-07,950,113,804,113.0,9,4,0,0,0,11,1,9,3,False,False,4.3737,0.3556,0.1189
Payments,2026-07-08,1008,120,861,120.0,7,5,0,0,0,14,0,6,4,False,False,4.376,0.3649,0.119
Payments,2026-07-09,933,109,788,109.0,11,2,0,0,0,9,2,5,3,False,False,4.3816,0.3721,0.1168
Payments,2026-07-10,1066,128,912,128.0,12,7,1,0,2,8,2,11,2,False,False,4.4024,0.3535,0.1201
Payments,2026-07-11,902,100,768,100.0,5,7,0,0,4,11,3,10,1,False,False,4.4013,0.3585,0.1109
Payments,2026-07-12,898,121,745,121.0,9,7,1,1,3,11,5,6,3,False,False,4.3029,0.3552,0.1347
Payments,2026-07-13,679,95,557,95.0,5,7,3,0,1,9,4,8,2,False,False,4.2695,0.3548,0.1399
Payments,2026-07-14,837,101,703,101.0,14,1,0,0,2,6,1,3,3,False,False,4.368,0.3565,0.1207
Payments,2026-07-15,781,107,636,107.0,8,6,3,0,2,11,2,9,2,False,False,4.2843,0.3462,0.137
Payments,2026-07-16,1073,148,896,148.0,6,7,1,0,4,21,2,6,2,False,False,4.3047,0.3488,0.1379
Payments,2026-07-17,692,98,571,98.0,5,0,1,0,2,9,0,10,6,False,False,4.2688,0.3552,0.1416
Payments,2026-07-18,895,111,759,111.0,6,5,0,0,2,9,2,4,3,False,False,4.3743,0.3655,0.124
Payments,2026-07-19,804,88,686,88.0,8,8,0,0,1,6,1,1,5,False,False,4.4154,0.3916,0.1095
Payments,2026-07-20,768,94,648,94.0,4,6,1,0,1,8,2,3,1,False,False,4.3529,0.3749,0.1224
Payments,2026-07-21,680,87,571,87.0,6,1,0,1,1,8,0,4,2,False,False,4.347,0.363,0.1279
Payments,2026-07-22,839,78,748,78.0,7,3,0,0,1,7,2,8,3,False,False,4.522,0.3833,0.093
Payments,2026-07-23,648,97,529,97.0,8,4,0,0,1,11,0,6,2,False,False,4.2207,0.3519,0.1497
Payments,2026-07-24,794,81,687,81.0,6,2,0,0,0,9,2,7,0,False,False,4.4446,0.3858,0.102
Payments,2026-07-25,660,83,557,83.0,6,0,0,0,3,4,3,7,2,False,False,4.3697,0.3708,0.1258
Payments,2026-07-26,724,78,618,78.0,6,3,0,1,1,5,3,5,1,False,False,4.4074,0.3619,0.1077
Payments,2026-07-27,731,75,635,75.0,9,1,1,0,0,12,1,8,4,False,False,4.4569,0.3991,0.1026
Payments,2026-07-28,780,90,663,90.0,7,5,1,0,1,12,3,5,2,False,False,4.3975,0.3693,0.1154
Payments,2026-07-29,851,83,742,83.0,6,1,0,1,1,5,1,7,4,False,False,4.4594,0.3769,0.0975
Payments,2026-07-30,813,105,678,105.0,8,8,1,0,1,12,4,8,2,False,False,4.337,0.3627,0.1292
Payments,2026-07-31,919,88,811,88.0,11,3,1,0,2,7,5,5,3,False,False,4.4918,0.3917,0.0958
Payments,2026-08-01,1011,94,877,94.0,11,2,0,0,3,7,2,4,2,False,False,4.4708,0.3886,0.093
Payments,2026-08-02,826,97,692,97.0,9,5,0,1,3,11,7,7,3,False,False,4.3717,0.3766,0.1174
Payments,2026-08-03,917,96,789,96.0,12,3,1,0,3,12,7,7,2,False,False,4.4308,0.357,0.1047
Payments,2026-08-04,937,103,807,103.0,6,1,2,1,2,9,1,7,4,False,False,4.4354,0.3699,0.1099
Payments,2026-08-05,887,99,761,99.0,6,1,0,0,0,11,3,6,3,False,False,4.407,0.3697,0.1116
Payments,2026-08-06,843,94,718,94.0,5,3,1,0,2,7,3,8,2,False,False,4.395,0.3608,0.1115
Payments,2026-08-07,692,100,569,100.0,8,6,0,0,0,8,1,5,2,False,False,4.2645,0.3444,0.1445
Payments,2026-08-08,706,103,587,103.0,7,4,0,0,3,7,3,11,2,False,False,4.3088,0.347,0.1459
Payments,2026-08-09,681,85,575,85.0,5,1,0,0,3,11,2,15,2,False,False,4.3436,0.3573,0.1248
Payments,2026-08-10,1089,107,956,107.0,7,3,1,1,2,15,3,7,2,False,False,4.4812,0.3838,0.0983
Payments,2026-08-11,961,102,823,102.0,12,4,0,0,1,3,7,2,7,False,False,4.409,0.3708,0.1061
Payments,2026-08-12,760,97,633,97.0,6,4,0,0,2,18,3,7,1,False,False,4.3197,0.3393,0.1276
Payments,2026-08-13,886,93,769,93.0,4,7,1,0,1,9,5,4,3,False,False,4.4537,0.382,0.105
Payments,2026-08-14,897,87,783,87.0,9,1,2,0,0,10,2,8,3,False,False,4.4693,0.3705,0.097
Payments,2026-08-15,750,75,652,75.0,3,6,0,0,2,7,0,6,3,False,False,4.48,0.3601,0.1
Payments,2026-08-16,866,89,757,89.0,11,6,1,0,4,9,1,9,0,False,False,4.4631,0.3884,0.1028
Payments,2026-08-17,787,91,671,91.0,8,5,2,0,3,12,1,7,3,False,False,4.385,0.3662,0.1156
Payments,2026-08-18,806,92,682,92.0,13,7,1,1,1,9,2,6,1,False,False,4.3921,0.3549,0.1141
Payments,2026-08-19,841,94,714,94.0,12,6,1,0,3,14,1,4,3,False,False,4.4031,0.383,0.1118
Payments,2026-08-20,815,89,706,89.0,11,9,1,0,2,8,1,7,3,False,False,4.438,0.369,0.1092
Payments,2026-08-21,729,96,608,96.0,9,4,2,0,0,5,0,5,3,False,False,4.3347,0.3694,0.1317
Payments,2026-08-22,732,91,620,91.0,6,3,0,0,1,8,4,5,1,False,False,4.3729,0.3726,0.1243
Payments,2026-08-23,690,84,585,84.0,7,1,0,1,2,8,1,10,1,False,False,4.3652,0.36,0.1217
Payments,2026-08-24,723,89,601,89.0,7,6,1,0,2,11,6,4,5,False,False,4.314,0.3634,0.1231
Payments,2026-08-25,673,85,571,85.0,10,4,1,0,1,10,6,7,0,False,False,4.3625,0.3678,0.1263
Payments,2026-08-26,625,74,532,74.0,5,2,2,0,3,10,2,6,4,False,False,4.3808,0.3523,0.1184
Payments,2026-08-27,710,79,607,79.0,15,1,1,0,1,10,2,4,6,False,False,4.4268,0.382,0.1113
Payments,2026-08-28,704,92,590,92.0,9,6,1,0,1,7,4,4,0,False,False,4.3338,0.3618,0.1307
Payments,2026-08-29,716,76,621,76.0,10,5,1,0,2,13,5,6,4,False,False,4.4344,0.3643,0.1061
Payments,2026-08-30,760,99,640,99.0,12,6,0,0,2,13,2,9,3,False,False,4.3487,0.3693,0.1303
Payments,2026-08-31,813,105,686,105.0,10,11,0,0,1,12,2,8,5,False,False,4.3542,0.3612,0.1292
Payments,2026-09-01,994,121,841,121.0,6,5,0,0,2,15,1,10,5,False,False,4.3712,0.3601,0.1217
Payments,2026-09-02,978,116,825,116.0,16,5,0,0,2,14,3,7,3,False,False,4.3814,0.342,0.1186
Payments,2026-09-03,1015,124,859,124.0,8,4,0,0,1,20,4,7,3,False,False,4.3744,0.3427,0.1222
Payments,2026-09-04,1182,147,1006,147.0,9,5,1,0,2,11,6,4,4,False,False,4.3757,0.3422,0.1244
Payments,2026-09-05,1177,172,954,172.0,15,8,1,0,4,16,1,8,2,False,False,4.277,0.3235,0.1461
Payments,2026-09-06,1187,167,979,167.0,19,12,2,0,1,18,3,12,3,False,False,4.2982,0.34,0.1407
Payments,2026-09-07,1248,162,1036,162.0,18,4,0,0,6,11,6,4,4,False,False,4.3173,0.3256,0.1298
Payments,2026-09-08,1160,144,969,144.0,12,4,0,0,3,11,1,4,4,False,False,4.3396,0.3555,0.1241
Payments,2026-09-09,1126,149,934,149.0,18,3,0,0,2,17,6,7,6,False,False,4.341,0.3372,0.1323
Payments,2026-09-10,1108,151,916,151.0,19,3,0,0,2,12,6,4,6,False,False,4.2988,0.3149,0.1363
Payments,2026-09-11,975,140,798,140.0,24,3,1,0,0,19,6,6,6,False,False,4.28,0.3256,0.1436
Payments,2026-09-12,1054,140,871,140.0,28,7,1,1,3,15,6,11,6,False,False,4.315,0.3263,0.1328
Payments,2026-09-13,960,129,806,129.0,23,5,3,0,3,13,5,9,6,False,False,4.326,0.3334,0.1344
Payments,2026-09-14,900,111,757,111.0,15,2,1,0,2,9,4,6,4,False,False,4.3656,0.3309,0.1233
Payments,2026-09-15,983,141,807,141.0,20,3,1,0,1,13,4,4,4,False,False,4.2757,0.3174,0.1434
Payments,2026-09-16,1214,181,988,181.0,16,5,1,0,3,15,3,6,5,False,False,4.262,0.3263,0.1491
Payments,2026-09-17,1014,171,809,171.0,10,4,1,0,0,12,1,8,6,False,False,4.1972,0.3358,0.1686
Payments,2026-09-18,1115,277,813,277.0,12,7,0,0,1,10,1,10,6,False,False,3.9023,0.2588,0.2484
Payments,2026-09-19,975,139,810,139.0,8,2,1,0,1,10,1,3,4,False,False,4.2985,0.3241,0.1426
Payments,2026-09-20,880,99,756,99.0,4,2,1,0,3,6,4,4,1,False,False,4.4102,0.3733,0.1125
