app_name,week,week_start,week_end,forecast,lower_80,upper_80,lower_95,upper_95,last_4_weeks_avg,change_vs_last_4_weeks_pct
Swiggy,1,2026-09-21,2026-09-27,1037.3,888.9,1180.0,804.7,1266.2,973.2,6.6
Swiggy,2,2026-09-28,2026-10-04,1040.8,893.9,1182.8,815.3,1270.4,973.2,6.9
Swiggy,3,2026-10-05,2026-10-11,1041.1,889.6,1200.8,811.0,1282.8,973.2,7.0
Swiggy,4,2026-10-12,2026-10-18,1041.3,887.6,1186.9,807.1,1269.5,973.2,7.0
Zomato,1,2026-09-21,2026-09-27,977.1,810.7,1151.0,714.6,1240.8,1054.5,-7.3
Zomato,2,2026-09-28,2026-10-04,1054.4,855.1,1262.7,745.9,1365.6,1054.5,-0.0
Zomato,3,2026-10-05,2026-10-11,1068.9,849.0,1284.6,734.6,1412.5,1054.5,1.4
Zomato,4,2026-10-12,2026-10-18,1071.8,859.7,1288.7,744.7,1425.3,1054.5,1.6
Blinkit,1,2026-09-21,2026-09-27,1711.1,1488.2,1928.7,1373.8,2048.2,1849.2,-7.5
Blinkit,2,2026-09-28,2026-10-04,1734.7,1457.3,2025.8,1288.2,2179.1,1849.2,-6.2
Blinkit,3,2026-10-05,2026-10-11,1740.0,1401.5,2072.7,1233.4,2264.3,1849.2,-5.9
Blinkit,4,2026-10-12,2026-10-18,1745.2,1364.0,2125.9,1143.6,2317.4,1849.2,-5.6
Domino's,1,2026-09-21,2026-09-27,412.7,327.3,495.3,285.2,540.7,386.2,6.9
Domino's,2,2026-09-28,2026-10-04,412.2,326.6,493.5,287.1,533.8,386.2,6.7
Domino's,3,2026-10-05,2026-10-11,412.5,328.5,493.9,292.4,533.5,386.2,6.8
Domino's,4,2026-10-12,2026-10-18,412.8,328.7,494.9,278.1,538.9,386.2,6.9
Myntra,1,2026-09-21,2026-09-27,370.9,317.8,423.8,290.7,446.7,414.2,-10.5
Myntra,2,2026-09-28,2026-10-04,362.3,282.6,442.2,242.0,478.7,414.2,-12.5
Myntra,3,2026-10-05,2026-10-11,355.8,269.4,437.3,225.0,484.6,414.2,-14.1
Myntra,4,2026-10-12,2026-10-18,354.3,271.9,439.0,228.4,482.5,414.2,-14.5
Flipkart,1,2026-09-21,2026-09-27,1829.6,1595.5,2055.5,1476.6,2169.1,1972.8,-7.3
Flipkart,2,2026-09-28,2026-10-04,1925.6,1640.2,2209.9,1492.4,2354.9,1972.8,-2.4
Flipkart,3,2026-10-05,2026-10-11,1965.1,1658.1,2254.5,1489.3,2412.9,1972.8,-0.4
Flipkart,4,2026-10-12,2026-10-18,1981.5,1680.1,2268.8,1501.6,2424.3,1972.8,0.4
Amazon,1,2026-09-21,2026-09-27,713.6,641.7,785.8,601.9,829.4,757.8,-5.8
Amazon,2,2026-09-28,2026-10-04,714.7,634.6,796.1,584.3,839.8,757.8,-5.7
Amazon,3,2026-10-05,2026-10-11,715.2,628.4,802.3,581.0,845.7,757.8,-5.6
Amazon,4,2026-10-12,2026-10-18,715.3,632.3,803.5,582.1,848.9,757.8,-5.6
Meesho,1,2026-09-21,2026-09-27,737.0,675.6,800.8,640.3,833.9,711.8,3.5
Meesho,2,2026-09-28,2026-10-04,730.0,664.7,791.7,629.8,820.6,711.8,2.6
Meesho,3,2026-10-05,2026-10-11,730.0,665.5,792.8,631.1,827.0,711.8,2.6
Meesho,4,2026-10-12,2026-10-18,730.0,668.1,792.3,637.9,826.6,711.8,2.6
Paytm,1,2026-09-21,2026-09-27,136.0,74.6,204.6,46.0,241.2,348.2,-61.0
Paytm,2,2026-09-28,2026-10-04,109.3,30.8,199.9,6.4,242.5,348.2,-68.6
Paytm,3,2026-10-05,2026-10-11,202.7,105.4,295.6,65.7,341.3,348.2,-41.8
Paytm,4,2026-10-12,2026-10-18,309.8,202.1,406.5,155.5,457.2,348.2,-11.0
PhonePe,1,2026-09-21,2026-09-27,348.3,270.3,430.9,226.0,471.1,385.2,-9.6
PhonePe,2,2026-09-28,2026-10-04,352.6,271.0,427.8,232.2,473.0,385.2,-8.5
PhonePe,3,2026-10-05,2026-10-11,352.6,273.4,430.6,230.9,469.6,385.2,-8.5
PhonePe,4,2026-10-12,2026-10-18,352.6,272.9,432.3,231.6,473.6,385.2,-8.5
Google Pay,1,2026-09-21,2026-09-27,191.9,105.0,309.9,62.8,366.0,186.5,2.9
Google Pay,2,2026-09-28,2026-10-04,190.8,104.7,304.9,60.5,365.3,186.5,2.3
Google Pay,3,2026-10-05,2026-10-11,190.8,99.5,303.4,63.3,361.7,186.5,2.3
Google Pay,4,2026-10-12,2026-10-18,190.8,106.3,302.7,67.4,357.4,186.5,2.3
