app_name,lag,acf
Swiggy,0,1.0
Swiggy,1,0.03471601301744125
Swiggy,2,0.07403660037725254
Swiggy,3,-0.010979758720601493
Swiggy,4,0.0469789699997403
Swiggy,5,-0.07787909068330681
Swiggy,6,-0.050004392564835326
Swiggy,7,-0.05392465226184453
Swiggy,8,0.06736233130592317
Swiggy,9,0.04434629175714112
Swiggy,10,0.004472626494187431
Swiggy,11,0.15601179191759731
Swiggy,12,0.07404032611622018
Swiggy,13,0.03900007665072633
Swiggy,14,-0.04290261121793192
Swiggy,15,0.03893652654513814
Swiggy,16,0.07555134320054395
Swiggy,17,0.035753293499654476
Swiggy,18,-0.018039990591057854
Swiggy,19,0.08569092690716662
Swiggy,20,-0.04201154860293337
Swiggy,21,0.058548375348758404
Swiggy,22,-0.04227953986961044
Swiggy,23,0.025450374208479266
Swiggy,24,0.028973952308722486
Swiggy,25,0.07664828031274754
Swiggy,26,-0.01873888244880419
Swiggy,27,-0.0715631789355676
Swiggy,28,-0.01336657442596795
Zomato,0,1.0
Zomato,1,0.018098572377333172
Zomato,2,0.034935734551699814
Zomato,3,0.06261228403270365
Zomato,4,0.039267427282444436
Zomato,5,-0.0021291956611320982
Zomato,6,0.06963452946233363
Zomato,7,0.009238651810779056
Zomato,8,-0.022092718726924934
Zomato,9,-0.11603972307051204
Zomato,10,0.050680354564170256
Zomato,11,0.11104272353190407
Zomato,12,-0.06611144160590235
Zomato,13,-0.03819592426786206
Zomato,14,0.046437250509561115
Zomato,15,-0.013019603454352234
Zomato,16,-0.1282727495196713
Zomato,17,-0.10045046274232075
Zomato,18,0.02069123674928221
Zomato,19,-0.0674492917236045
Zomato,20,-0.029504445793680546
Zomato,21,0.09409849478201238
Zomato,22,-0.09735719561446446
Zomato,23,-0.09908710469730729
Zomato,24,-0.04299623410728116
Zomato,25,-0.023206362648981117
Zomato,26,0.003499730466732292
Zomato,27,-0.13664772372126952
Zomato,28,-0.044500791355571355
Blinkit,0,1.0
Blinkit,1,0.0021507815223763527
Blinkit,2,-0.04616139179266766
Blinkit,3,-0.01209334370782201
Blinkit,4,0.044120872067375264
Blinkit,5,-0.07314565396497971
Blinkit,6,-0.11389076474249928
Blinkit,7,0.12373651424396331
Blinkit,8,0.034515689944106503
Blinkit,9,0.04095509648293846
Blinkit,10,0.06393252322753347
Blinkit,11,-0.00799762037215492
Blinkit,12,-0.06626606075308343
Blinkit,13,0.18317447619103422
Blinkit,14,-0.04941070465460571
Blinkit,15,-0.15832702711703725
Blinkit,16,0.046895519115273336
Blinkit,17,0.07477126589359967
Blinkit,18,0.07983861066173796
Blinkit,19,-0.1737475206326555
Blinkit,20,0.05318996049505688
Blinkit,21,-0.02347181202535553
Blinkit,22,0.030303431649402524
Blinkit,23,-0.013855699555454471
Blinkit,24,-0.07185271327676197
Blinkit,25,0.04318902715553852
Blinkit,26,0.0028068061267907786
Blinkit,27,0.02027213775117693
Blinkit,28,-0.07390884665322747
Domino's,0,1.0
Domino's,1,0.009568406324084885
Domino's,2,0.029010691651915707
Domino's,3,0.006209629532828348
Domino's,4,0.021671989252032793
Domino's,5,-0.049869040398912934
Domino's,6,-0.03314824628940157
Domino's,7,-0.07943311448530549
Domino's,8,-0.017499900740189825
Domino's,9,-0.006996517216994437
Domino's,10,-0.049169393736356606
Domino's,11,0.003456009769619681
Domino's,12,-0.06075814564156293
Domino's,13,0.29890855799806054
Domino's,14,-0.025108982064688787
Domino's,15,0.0272835702801118
Domino's,16,-0.009699131056091876
Domino's,17,0.09073292792238326
Domino's,18,-0.007748370828601741
Domino's,19,0.022920186539423366
Domino's,20,-0.09870611558748313
Domino's,21,0.11015809583753489
Domino's,22,0.029202427680520376
Domino's,23,-0.04327566266703844
Domino's,24,-0.026453152876372916
Domino's,25,-0.08095966431374566
Domino's,26,0.02353733121821229
Domino's,27,-0.021428978163007706
Domino's,28,0.07158834634080515
Myntra,0,1.0
Myntra,1,-0.001919215167520804
Myntra,2,0.013883359640679164
Myntra,3,-0.02891997073632848
Myntra,4,0.018436974648978543
Myntra,5,0.041794334926660404
Myntra,6,-0.03168009913253821
Myntra,7,-0.04236740188120482
Myntra,8,-0.01667064369644799
Myntra,9,0.17667671512860078
Myntra,10,0.07084564498755942
Myntra,11,-0.2579295331559337
Myntra,12,0.08605283431821753
Myntra,13,-0.02394513168486481
Myntra,14,0.05707774500203108
Myntra,15,-0.09094920600229066
Myntra,16,0.045494365512666
Myntra,17,0.056958728089393756
Myntra,18,-0.04316081940179753
Myntra,19,0.026286133222363072
Myntra,20,-0.08606188891484766
Myntra,21,0.05976372056027366
Myntra,22,0.08170018601323233
Myntra,23,-0.10499517421941727
Myntra,24,-0.014312351669996613
Myntra,25,-0.07540196798249196
Myntra,26,0.0808184522031053
Myntra,27,-0.043059523302421444
Myntra,28,0.05377183591696533
Flipkart,0,1.0
Flipkart,1,0.023704412112920376
Flipkart,2,-0.01977010770509547
Flipkart,3,-0.11711824012264167
Flipkart,4,0.07687815171002493
Flipkart,5,0.0733285041327072
Flipkart,6,0.039071544691653665
Flipkart,7,0.04714844760987231
Flipkart,8,0.1553051764017473
Flipkart,9,-0.04457264112687426
Flipkart,10,-0.07812214070178186
Flipkart,11,-0.11353590049960992
Flipkart,12,-0.020142703283629656
Flipkart,13,-0.029055349632769515
Flipkart,14,0.14325981285296685
Flipkart,15,-0.09229445576570727
Flipkart,16,-0.07723449882763318
Flipkart,17,-0.10882632460960821
Flipkart,18,-0.1505379233386151
Flipkart,19,-0.04487581020003939
Flipkart,20,-0.04742870540440708
Flipkart,21,0.10772366914361145
Flipkart,22,-0.05992951596310112
Flipkart,23,-0.008876218288446175
Flipkart,24,-0.023758203041757332
Flipkart,25,0.04082175701816717
Flipkart,26,-0.09787648744975253
Flipkart,27,0.03229446004967007
Flipkart,28,-0.006704039844691206
Amazon,0,1.0
Amazon,1,0.023901731154807072
Amazon,2,-0.04269092070215784
Amazon,3,-0.09752405399295808
Amazon,4,0.09436385170872955
Amazon,5,0.034810307521845885
Amazon,6,0.0580464804936858
Amazon,7,0.0046457246706586896
Amazon,8,-0.020553480201568247
Amazon,9,0.10064602839643216
Amazon,10,-0.051805104208903316
Amazon,11,-0.08451919378609224
Amazon,12,-0.0994540075213128
Amazon,13,-0.10096203099192003
Amazon,14,0.06622535690079363
Amazon,15,-0.0604588032275254
Amazon,16,0.04387324533279175
Amazon,17,0.014972089589149258
Amazon,18,-0.09040019895626077
Amazon,19,-0.025218714118556206
Amazon,20,-0.006459477642555216
Amazon,21,-0.01562437493939737
Amazon,22,-0.01539854130649702
Amazon,23,-0.015505762950562201
Amazon,24,0.0009816674097878925
Amazon,25,0.011565852964523069
Amazon,26,0.10644488105017244
Amazon,27,0.03491975021885851
Amazon,28,0.13826022084543574
Meesho,0,1.0
Meesho,1,-0.008629525522576778
Meesho,2,0.005544247461565781
Meesho,3,-0.02959479991542943
Meesho,4,0.052731831724509605
Meesho,5,0.03699010732179001
Meesho,6,-0.03679504626442856
Meesho,7,0.08881340507120647
Meesho,8,0.06222788090006311
Meesho,9,0.04839763447801725
Meesho,10,0.003790225837846254
Meesho,11,-0.2053781971144166
Meesho,12,-0.07076471716199514
Meesho,13,0.03140036389707674
Meesho,14,0.007015319840867441
Meesho,15,-0.09444248431203776
Meesho,16,-0.0667466150812245
Meesho,17,-0.021468695613934174
Meesho,18,-0.03437722161427448
Meesho,19,0.15991034746717223
Meesho,20,-0.15417940418847886
Meesho,21,0.015450031166918371
Meesho,22,0.002538840200388777
Meesho,23,-0.09549859762005597
Meesho,24,-0.049562452813125
Meesho,25,-0.0851747592099995
Meesho,26,0.17557992423642108
Meesho,27,-0.07067693016629514
Meesho,28,0.03623833430150097
Paytm,0,1.0
Paytm,1,-0.08730326307896082
Paytm,2,-0.010449359227426203
Paytm,3,0.07608168875310323
Paytm,4,-0.023483219318931263
Paytm,5,-0.05708477529463905
Paytm,6,0.03923688603503375
Paytm,7,-0.027332388631122723
Paytm,8,-0.01166335409370169
Paytm,9,0.003090889026273399
Paytm,10,0.019138826748629007
Paytm,11,0.015020659047310123
Paytm,12,-0.05338376123823971
Paytm,13,0.020441156516543258
Paytm,14,-0.020588179298182484
Paytm,15,-0.04214090560665172
Paytm,16,-0.01720561063484313
Paytm,17,0.023715198270073585
Paytm,18,-0.02725563771922007
Paytm,19,0.0723524298392489
Paytm,20,0.04815106069284069
Paytm,21,0.000393618864475945
Paytm,22,0.027790064807203394
Paytm,23,-0.12689477782369848
Paytm,24,0.07954453543655426
Paytm,25,-0.08899838595170292
Paytm,26,0.010491021821959537
Paytm,27,-0.013844101233962323
Paytm,28,-0.006860222693055664
PhonePe,0,1.0
PhonePe,1,-0.05087489330320394
PhonePe,2,0.11012201793387304
PhonePe,3,-0.009064352960917081
PhonePe,4,-0.057052588190137234
PhonePe,5,-0.04174243463222583
PhonePe,6,0.002052394861717943
PhonePe,7,0.09119481354481336
PhonePe,8,-0.07625681392550811
PhonePe,9,0.029995499435947256
PhonePe,10,0.01657411779566993
PhonePe,11,-0.007382233789079169
PhonePe,12,0.15125609988845684
PhonePe,13,0.10826247730457088
PhonePe,14,-0.049599966791373906
PhonePe,15,-0.04061671025316367
PhonePe,16,0.011151546290741403
PhonePe,17,0.005393379854979392
PhonePe,18,0.08272210221595083
PhonePe,19,0.008898372724998585
PhonePe,20,-0.15108891814319494
PhonePe,21,0.10646461280495889
PhonePe,22,-0.1314589575121031
PhonePe,23,-0.020824786701160215
PhonePe,24,-0.03125017578573453
PhonePe,25,0.027913395989444457
PhonePe,26,-0.07444928048088659
PhonePe,27,-0.03943399682370962
PhonePe,28,0.05072646108334302
Google Pay,0,1.0
Google Pay,1,-0.009387487876316082
Google Pay,2,0.02148523612507992
Google Pay,3,0.012887420192624791
Google Pay,4,0.02470515085890825
Google Pay,5,-0.016493311562873886
Google Pay,6,-0.005469535362628753
Google Pay,7,0.019280330950839985
Google Pay,8,-0.02588265150855747
Google Pay,9,-0.01211496809649917
Google Pay,10,-0.01347783617130835
Google Pay,11,7.60744434057517e-05
Google Pay,12,-0.023230924152594895
Google Pay,13,0.04619087607239423
Google Pay,14,0.014108914880649512
Google Pay,15,0.06492934024662446
Google Pay,16,-0.007944888429575307
Google Pay,17,0.02677014004735613
Google Pay,18,0.039100252148378374
Google Pay,19,0.022810392865381075
Google Pay,20,0.042193932986408986
Google Pay,21,0.05684216208451463
Google Pay,22,0.07007354389346365
Google Pay,23,-0.01153040410319524
Google Pay,24,0.05303187168838212
Google Pay,25,0.018457682022697392
Google Pay,26,0.022369924214473834
Google Pay,27,-0.01946832490329377
Google Pay,28,0.011248725076173785
