app_name,order,seasonal_order,residual_count,ljung_box_lag,ljung_box_statistic,ljung_box_pvalue,autocorrelation_flag_p_lt_0_05
Swiggy,"(0, 0, 1)","(1, 0, 1, 7)",173,14,10.668660481327326,0.7118468403134355,False
Zomato,"(2, 1, 1)","(1, 0, 1, 7)",173,14,6.777112336371317,0.942962623881341,False
Blinkit,"(1, 1, 1)","(1, 0, 1, 7)",173,14,11.398310258723193,0.6545010923355022,False
Domino's,"(0, 0, 1)","(1, 0, 1, 7)",173,14,18.443112392800394,0.1873378573980652,False
Myntra,"(3, 0, 2)","(0, 0, 0, 7)",173,14,19.970443019356402,0.13107604305787374,False
Flipkart,"(1, 0, 1)","(0, 0, 0, 7)",173,14,16.467168853386077,0.28568465119643804,False
Amazon,"(1, 0, 1)","(0, 0, 0, 7)",173,14,11.859453611104021,0.6175887263284947,False
Meesho,"(0, 0, 2)","(0, 0, 0, 7)",173,14,11.547191615220473,0.6426158248507348,False
Paytm,"(2, 0, 2)","(0, 0, 0, 7)",173,14,3.5081993401252243,0.9977702232347536,False
PhonePe,"(1, 0, 0)","(0, 0, 0, 7)",173,14,6.801509753463267,0.9420927112385751,False
Google Pay,"(1, 0, 0)","(0, 0, 0, 7)",173,14,1.0463487251864088,0.9999986509564412,False
