app_name,series,adf_statistic,p_value,lags_used,n_obs,critical_5pct,stationary_at_5pct
Swiggy,level,-4.201,0.0007,7,165,-2.879,True
Swiggy,diff1,-6.849,0.0,12,159,-2.88,True
Swiggy,diff7,-4.026,0.0013,14,151,-2.881,True
Swiggy,diff1_diff7,-6.586,0.0,13,151,-2.881,True
Zomato,level,-2.749,0.0659,14,158,-2.88,False
Zomato,diff1,-3.716,0.0039,14,157,-2.88,True
Zomato,diff7,-3.979,0.0015,14,151,-2.881,True
Zomato,diff1_diff7,-5.857,0.0,14,150,-2.881,True
Blinkit,level,-2.595,0.094,14,158,-2.88,False
Blinkit,diff1,-7.152,0.0,6,165,-2.879,True
Blinkit,diff7,-3.12,0.0251,14,151,-2.881,True
Blinkit,diff1_diff7,-5.084,0.0,14,150,-2.881,True
Domino's,level,-9.741,0.0,0,172,-2.878,True
Domino's,diff1,-7.149,0.0,12,159,-2.88,True
Domino's,diff7,-6.155,0.0,13,152,-2.881,True
Domino's,diff1_diff7,-5.982,0.0,14,150,-2.881,True
Myntra,level,-2.936,0.0413,10,162,-2.88,True
Myntra,diff1,-3.748,0.0035,10,161,-2.88,True
Myntra,diff7,-5.104,0.0,13,152,-2.881,True
Myntra,diff1_diff7,-4.709,0.0001,14,150,-2.881,True
Flipkart,level,-3.165,0.0221,1,171,-2.879,True
Flipkart,diff1,-9.798,0.0,2,169,-2.879,True
Flipkart,diff7,-4.441,0.0003,14,151,-2.881,True
Flipkart,diff1_diff7,-4.545,0.0002,13,151,-2.881,True
Amazon,level,-3.706,0.004,3,169,-2.879,True
Amazon,diff1,-12.754,0.0,2,169,-2.879,True
Amazon,diff7,-4.982,0.0,13,152,-2.881,True
Amazon,diff1_diff7,-5.754,0.0,14,150,-2.881,True
Meesho,level,-7.132,0.0,1,171,-2.879,True
Meesho,diff1,-8.412,0.0,6,165,-2.879,True
Meesho,diff7,-5.706,0.0,13,152,-2.881,True
Meesho,diff1_diff7,-5.971,0.0,14,150,-2.881,True
Paytm,level,-3.213,0.0192,1,171,-2.879,True
Paytm,diff1,-12.941,0.0,1,170,-2.879,True
Paytm,diff7,-3.594,0.0059,14,151,-2.881,True
Paytm,diff1_diff7,-4.763,0.0001,14,150,-2.881,True
PhonePe,level,-8.223,0.0,0,172,-2.878,True
PhonePe,diff1,-6.496,0.0,10,161,-2.88,True
PhonePe,diff7,-3.403,0.0109,14,151,-2.881,True
PhonePe,diff1_diff7,-5.795,0.0,14,150,-2.881,True
Google Pay,level,-8.756,0.0,0,172,-2.878,True
Google Pay,diff1,-8.143,0.0,5,166,-2.879,True
Google Pay,diff7,-6.38,0.0,13,152,-2.881,True
Google Pay,diff1_diff7,-6.195,0.0,14,150,-2.881,True
