app_name,day,observed,trend,seasonal,resid
Swiggy,2026-04-01,138.0,153.749,-10.496,-5.253
Swiggy,2026-04-02,155.0,153.711,-6.49,7.779
Swiggy,2026-04-03,164.0,153.752,-2.86,13.108
Swiggy,2026-04-04,155.0,153.881,11.347,-10.228
Swiggy,2026-04-05,199.0,154.065,50.233,-5.298
Swiggy,2026-04-06,141.0,154.262,-9.749,-3.513
Swiggy,2026-04-07,120.0,154.42,-35.145,0.725
Swiggy,2026-04-08,159.0,154.624,-6.097,10.473
Swiggy,2026-04-09,131.0,156.167,-4.432,-20.735
Swiggy,2026-04-10,147.0,158.127,-0.987,-10.139
Swiggy,2026-04-11,178.0,160.065,10.176,7.76
Swiggy,2026-04-12,205.0,161.797,41.386,1.817
Swiggy,2026-04-13,114.0,163.741,-9.888,-39.853
Swiggy,2026-04-14,132.0,166.055,-33.931,-0.125
Swiggy,2026-04-15,168.0,167.983,-1.131,1.147
Swiggy,2026-04-16,175.0,168.399,-2.114,8.716
Swiggy,2026-04-17,146.0,167.117,1.171,-22.288
Swiggy,2026-04-18,193.0,164.394,8.729,19.878
Swiggy,2026-04-19,217.0,160.895,31.889,24.216
Swiggy,2026-04-20,159.0,157.332,-10.161,11.829
Swiggy,2026-04-21,118.0,153.61,-32.635,-2.976
Swiggy,2026-04-22,136.0,149.362,3.525,-16.887
Swiggy,2026-04-23,130.0,144.967,1.707,-16.674
Swiggy,2026-04-24,152.0,141.244,3.497,7.259
Swiggy,2026-04-25,137.0,139.088,7.019,-9.107
Swiggy,2026-04-26,156.0,138.373,21.096,-3.469
Swiggy,2026-04-27,121.0,138.499,-9.732,-7.767
Swiggy,2026-04-28,109.0,138.675,-31.598,1.923
Swiggy,2026-04-29,151.0,138.623,4.566,7.811
Swiggy,2026-04-30,151.0,138.906,5.485,6.609
Swiggy,2026-05-01,155.0,140.12,8.69,6.19
Swiggy,2026-05-02,129.0,142.05,4.897,-17.947
Swiggy,2026-05-03,146.0,144.193,18.118,-16.311
Swiggy,2026-05-04,128.0,146.46,-12.277,-6.183
Swiggy,2026-05-05,114.0,149.208,-29.919,-5.289
Swiggy,2026-05-06,176.0,152.777,1.085,22.138
Swiggy,2026-05-07,169.0,156.897,8.225,3.878
Swiggy,2026-05-08,164.0,160.839,9.071,-5.91
Swiggy,2026-05-09,179.0,164.095,4.738,10.166
Swiggy,2026-05-10,294.0,166.817,20.848,106.335
Swiggy,2026-05-11,157.0,169.209,-11.651,-0.558
Swiggy,2026-05-12,148.0,171.495,-28.334,4.839
Swiggy,2026-05-13,161.0,173.875,-5.223,-7.652
Swiggy,2026-05-14,179.0,175.644,10.026,-6.67
Swiggy,2026-05-15,187.0,176.319,6.886,3.795
Swiggy,2026-05-16,193.0,176.328,3.322,13.35
Swiggy,2026-05-17,210.0,175.948,27.178,6.874
Swiggy,2026-05-18,181.0,175.094,-11.173,17.078
Swiggy,2026-05-19,143.0,173.68,-23.116,-7.564
Swiggy,2026-05-20,149.0,171.466,-12.728,-9.738
Swiggy,2026-05-21,185.0,169.053,8.19,7.757
Swiggy,2026-05-22,172.0,167.47,6.84,-2.311
Swiggy,2026-05-23,147.0,167.132,-0.455,-19.678
Swiggy,2026-05-24,200.0,167.599,31.057,1.344
Swiggy,2026-05-25,140.0,168.382,-9.208,-19.174
Swiggy,2026-05-26,154.0,169.193,-16.523,1.33
Swiggy,2026-05-27,171.0,169.962,-15.53,16.568
Swiggy,2026-05-28,182.0,170.488,3.727,7.784
Swiggy,2026-05-29,179.0,169.931,8.349,0.719
Swiggy,2026-05-30,166.0,168.033,-4.018,1.985
Swiggy,2026-05-31,290.0,165.067,30.675,94.257
Swiggy,2026-06-01,158.0,161.179,-9.481,6.301
Swiggy,2026-06-02,154.0,156.949,-12.078,9.129
Swiggy,2026-06-03,124.0,153.072,-14.369,-14.702
Swiggy,2026-06-04,143.0,149.711,-3.165,-3.546
Swiggy,2026-06-05,155.0,147.041,8.729,-0.771
Swiggy,2026-06-06,134.0,145.18,0.373,-11.553
Swiggy,2026-06-07,169.0,144.128,32.16,-7.288
Swiggy,2026-06-08,134.0,144.117,-9.129,-0.988
Swiggy,2026-06-09,137.0,144.778,-13.134,5.355
Swiggy,2026-06-10,139.0,145.455,-14.621,8.166
Swiggy,2026-06-11,122.0,145.736,-7.424,-16.312
Swiggy,2026-06-12,160.0,145.265,7.423,7.313
Swiggy,2026-06-13,164.0,144.01,4.207,15.783
Swiggy,2026-06-14,178.0,142.239,35.662,0.099
Swiggy,2026-06-15,135.0,140.506,-11.362,5.856
Swiggy,2026-06-16,115.0,139.19,-17.307,-6.882
Swiggy,2026-06-17,110.0,138.034,-10.953,-17.081
Swiggy,2026-06-18,130.0,136.898,-7.337,0.438
Swiggy,2026-06-19,131.0,136.457,6.198,-11.655
Swiggy,2026-06-20,145.0,136.993,5.237,2.771
Swiggy,2026-06-21,193.0,138.357,38.491,16.152
Swiggy,2026-06-22,116.0,140.102,-15.398,-8.704
Swiggy,2026-06-23,113.0,141.556,-20.368,-8.187
Swiggy,2026-06-24,145.0,142.763,-7.564,9.8
Swiggy,2026-06-25,144.0,144.11,-3.584,3.474
Swiggy,2026-06-26,154.0,145.49,4.795,3.714
Swiggy,2026-06-27,144.0,146.868,4.201,-7.069
Swiggy,2026-06-28,176.0,147.727,40.928,-12.656
Swiggy,2026-06-29,136.0,147.803,-20.884,9.081
Swiggy,2026-06-30,142.0,147.666,-23.058,17.392
Swiggy,2026-07-01,142.0,147.595,-3.188,-2.406
Swiggy,2026-07-02,107.0,147.586,-0.437,-40.149
Swiggy,2026-07-03,151.0,147.493,4.896,-1.389
Swiggy,2026-07-04,146.0,147.015,3.745,-4.759
Swiggy,2026-07-05,191.0,146.454,38.561,5.985
Swiggy,2026-07-06,115.0,146.71,-22.913,-8.798
Swiggy,2026-07-07,120.0,147.765,-23.304,-4.461
Swiggy,2026-07-08,150.0,148.649,-0.039,1.39
Swiggy,2026-07-09,149.0,148.818,1.661,-1.479
Swiggy,2026-07-10,160.0,148.421,2.953,8.626
Swiggy,2026-07-11,166.0,147.641,4.707,13.651
Swiggy,2026-07-12,189.0,146.468,34.977,7.554
Swiggy,2026-07-13,119.0,144.567,-21.961,-3.605
Swiggy,2026-07-14,112.0,141.864,-24.394,-5.47
Swiggy,2026-07-15,141.0,138.849,1.748,0.403
Swiggy,2026-07-16,142.0,136.185,4.879,0.935
Swiggy,2026-07-17,130.0,134.328,-1.684,-2.644
Swiggy,2026-07-18,134.0,133.238,7.161,-6.399
Swiggy,2026-07-19,155.0,132.73,34.103,-11.833
Swiggy,2026-07-20,118.0,132.615,-17.714,3.099
Swiggy,2026-07-21,114.0,132.5,-22.75,4.249
Swiggy,2026-07-22,140.0,132.484,4.336,3.18
Swiggy,2026-07-23,210.0,132.831,-4.762,81.93
Swiggy,2026-07-24,469.0,133.198,-7.838,343.639
Swiggy,2026-07-25,244.0,133.329,7.55,103.121
Swiggy,2026-07-26,163.0,133.499,36.615,-7.113
Swiggy,2026-07-27,125.0,133.799,-12.101,3.302
Swiggy,2026-07-28,114.0,134.929,-20.919,-0.009
Swiggy,2026-07-29,112.0,137.291,6.936,-32.228
Swiggy,2026-07-30,90.0,139.62,-9.291,-40.328
Swiggy,2026-07-31,130.0,141.523,-13.908,2.386
Swiggy,2026-08-01,156.0,142.916,7.478,5.606
Swiggy,2026-08-02,192.0,143.741,42.76,5.499
Swiggy,2026-08-03,131.0,143.732,-10.768,-1.963
Swiggy,2026-08-04,198.0,143.033,-18.104,73.071
Swiggy,2026-08-05,155.0,142.614,6.606,5.779
Swiggy,2026-08-06,122.0,142.56,-18.244,-2.316
Swiggy,2026-08-07,113.0,142.692,-14.88,-14.812
Swiggy,2026-08-08,142.0,143.098,10.206,-11.304
Swiggy,2026-08-09,197.0,143.9,47.837,5.263
Swiggy,2026-08-10,143.0,145.035,-14.927,12.893
Swiggy,2026-08-11,124.0,146.172,-16.579,-5.593
Swiggy,2026-08-12,156.0,146.959,3.291,5.75
Swiggy,2026-08-13,135.0,146.973,-15.552,3.58
Swiggy,2026-08-14,136.0,145.65,-10.723,1.074
Swiggy,2026-08-15,163.0,143.164,9.826,10.01
Swiggy,2026-08-16,191.0,140.266,46.548,4.187
Swiggy,2026-08-17,106.0,137.283,-18.708,-12.575
Swiggy,2026-08-18,137.0,134.246,-16.387,19.141
Swiggy,2026-08-19,118.0,131.354,-1.573,-11.782
Swiggy,2026-08-20,109.0,128.615,-10.43,-9.186
Swiggy,2026-08-21,125.0,126.5,-4.063,2.563
Swiggy,2026-08-22,133.0,125.602,12.027,-4.629
Swiggy,2026-08-23,165.0,125.992,40.402,-1.394
Swiggy,2026-08-24,105.0,127.502,-22.622,0.121
Swiggy,2026-08-25,98.0,129.564,-13.734,-17.831
Swiggy,2026-08-26,125.0,131.581,-4.816,-1.766
Swiggy,2026-08-27,143.0,133.719,-9.501,18.783
Swiggy,2026-08-28,191.0,136.246,-0.479,55.233
Swiggy,2026-08-29,150.0,138.96,13.192,-2.152
Swiggy,2026-08-30,177.0,141.663,34.09,1.247
Swiggy,2026-08-31,122.0,143.938,-17.864,-4.073
Swiggy,2026-09-01,136.0,145.048,-11.482,2.435
Swiggy,2026-09-02,146.0,144.844,-5.086,6.242
Swiggy,2026-09-03,136.0,143.796,-11.175,3.379
Swiggy,2026-09-04,149.0,142.42,-1.648,8.228
Swiggy,2026-09-05,169.0,140.826,8.066,20.108
Swiggy,2026-09-06,156.0,139.12,33.073,-16.193
Swiggy,2026-09-07,114.0,137.413,-10.842,-12.571
Swiggy,2026-09-08,128.0,136.015,-8.957,0.942
Swiggy,2026-09-09,127.0,135.355,-4.912,-3.443
Swiggy,2026-09-10,114.0,135.659,-12.853,-8.807
Swiggy,2026-09-11,132.0,136.725,-2.891,-1.833
Swiggy,2026-09-12,144.0,137.922,2.732,3.346
Swiggy,2026-09-13,178.0,138.686,31.331,7.983
Swiggy,2026-09-14,147.0,138.172,-3.248,12.075
Swiggy,2026-09-15,132.0,137.615,-5.971,0.356
Swiggy,2026-09-16,133.0,137.025,-4.785,0.76
Swiggy,2026-09-17,124.0,136.336,-15.278,2.942
Swiggy,2026-09-18,129.0,135.524,-4.82,-1.704
Swiggy,2026-09-19,124.0,134.58,-3.164,-7.416
Swiggy,2026-09-20,164.0,133.512,30.26,0.228
Zomato,2026-04-01,152.0,186.611,-21.121,-13.491
Zomato,2026-04-02,162.0,187.721,-32.589,6.869
Zomato,2026-04-03,182.0,188.713,-8.657,1.944
Zomato,2026-04-04,193.0,189.587,6.25,-2.837
Zomato,2026-04-05,204.0,190.324,12.845,0.83
Zomato,2026-04-06,192.0,190.897,-2.668,3.771
Zomato,2026-04-07,232.0,191.238,34.096,6.666
Zomato,2026-04-08,191.0,191.093,-14.097,14.005
Zomato,2026-04-09,164.0,189.596,-23.65,-1.945
Zomato,2026-04-10,174.0,187.969,-10.376,-3.593
Zomato,2026-04-11,194.0,185.992,4.651,3.357
Zomato,2026-04-12,247.0,183.721,16.153,47.126
Zomato,2026-04-13,165.0,181.239,-2.924,-13.315
Zomato,2026-04-14,200.0,178.734,18.691,2.575
Zomato,2026-04-15,182.0,175.999,-7.591,13.592
Zomato,2026-04-16,154.0,172.219,-13.648,-4.57
Zomato,2026-04-17,187.0,167.256,-12.263,32.007
Zomato,2026-04-18,167.0,161.416,2.486,3.098
Zomato,2026-04-19,233.0,155.353,19.352,58.295
Zomato,2026-04-20,156.0,149.601,-4.248,10.647
Zomato,2026-04-21,132.0,144.275,4.68,-16.955
Zomato,2026-04-22,131.0,139.51,-2.148,-6.362
Zomato,2026-04-23,102.0,135.418,-2.378,-31.04
Zomato,2026-04-24,111.0,132.404,-13.417,-7.987
Zomato,2026-04-25,134.0,130.711,-0.861,4.15
Zomato,2026-04-26,153.0,130.019,23.674,-0.693
Zomato,2026-04-27,135.0,130.169,-5.312,10.143
Zomato,2026-04-28,114.0,130.609,-8.172,-8.437
Zomato,2026-04-29,126.0,130.944,-1.407,-3.538
Zomato,2026-04-30,148.0,131.156,11.0,5.844
Zomato,2026-05-01,118.0,131.712,-14.615,0.903
Zomato,2026-05-02,121.0,133.08,-3.13,-8.95
Zomato,2026-05-03,159.0,135.244,24.015,-0.259
Zomato,2026-05-04,116.0,138.174,-15.616,-6.558
Zomato,2026-05-05,125.0,141.998,-7.901,-9.097
Zomato,2026-05-06,147.0,146.57,2.021,-1.591
Zomato,2026-05-07,185.0,147.912,17.193,19.894
Zomato,2026-05-08,207.0,147.904,-10.326,69.422
Zomato,2026-05-09,220.0,148.013,-7.566,79.552
Zomato,2026-05-10,292.0,148.305,25.798,117.897
Zomato,2026-05-11,188.0,149.054,-26.835,65.781
Zomato,2026-05-12,152.0,148.78,-2.894,6.114
Zomato,2026-05-13,151.0,146.145,2.088,2.766
Zomato,2026-05-14,138.0,144.361,17.813,-24.175
Zomato,2026-05-15,127.0,144.044,-3.272,-13.772
Zomato,2026-05-16,142.0,146.48,-10.262,5.783
Zomato,2026-05-17,170.0,151.159,30.151,-11.31
Zomato,2026-05-18,113.0,156.147,-33.783,-9.364
Zomato,2026-05-19,108.0,161.638,-1.144,-52.494
Zomato,2026-05-20,199.0,167.706,-3.191,34.485
Zomato,2026-05-21,190.0,173.899,12.199,3.902
Zomato,2026-05-22,196.0,180.19,3.397,12.413
Zomato,2026-05-23,158.0,186.604,-8.501,-20.103
Zomato,2026-05-24,234.0,191.809,36.166,6.025
Zomato,2026-05-25,160.0,195.642,-33.109,-2.533
Zomato,2026-05-26,203.0,198.795,-3.086,7.291
Zomato,2026-05-27,189.0,201.323,-8.79,-3.533
Zomato,2026-05-28,222.0,202.807,2.82,16.373
Zomato,2026-05-29,217.0,202.966,8.509,5.525
Zomato,2026-05-30,201.0,201.782,-5.525,4.743
Zomato,2026-05-31,249.0,199.882,42.606,6.512
Zomato,2026-06-01,177.0,197.821,-24.863,4.042
Zomato,2026-06-02,180.0,195.989,-8.567,-7.422
Zomato,2026-06-03,169.0,194.544,-12.401,-13.143
Zomato,2026-06-04,173.0,193.602,-6.085,-14.516
Zomato,2026-06-05,201.0,193.209,9.111,-1.32
Zomato,2026-06-06,197.0,193.217,0.643,3.14
Zomato,2026-06-07,242.0,193.408,44.675,3.917
Zomato,2026-06-08,184.0,193.44,-21.117,11.677
Zomato,2026-06-09,180.0,192.793,-11.906,-0.887
Zomato,2026-06-10,196.0,191.213,-11.771,16.558
Zomato,2026-06-11,173.0,188.732,-13.148,-2.583
Zomato,2026-06-12,192.0,185.454,9.252,-2.706
Zomato,2026-06-13,189.0,181.563,5.616,1.821
Zomato,2026-06-14,218.0,177.454,42.027,-1.481
Zomato,2026-06-15,154.0,173.522,-21.716,2.194
Zomato,2026-06-16,156.0,169.811,-12.804,-1.007
Zomato,2026-06-17,155.0,166.379,-9.02,-2.36
Zomato,2026-06-18,145.0,163.554,-13.563,-4.991
Zomato,2026-06-19,170.0,161.464,9.884,-1.348
Zomato,2026-06-20,169.0,160.3,7.248,1.452
Zomato,2026-06-21,255.0,159.832,41.56,53.607
Zomato,2026-06-22,114.0,159.485,-24.551,-20.934
Zomato,2026-06-23,153.0,159.044,-13.652,7.608
Zomato,2026-06-24,143.0,158.742,-8.226,-7.517
Zomato,2026-06-25,160.0,158.524,-13.422,14.898
Zomato,2026-06-26,177.0,158.497,10.409,8.094
Zomato,2026-06-27,161.0,158.243,10.021,-7.263
Zomato,2026-06-28,191.0,157.423,43.508,-9.931
Zomato,2026-06-29,146.0,156.349,-28.806,18.457
Zomato,2026-06-30,130.0,155.559,-16.559,-9.0
Zomato,2026-07-01,156.0,155.092,-7.473,8.381
Zomato,2026-07-02,133.0,155.347,-12.698,-9.649
Zomato,2026-07-03,156.0,155.97,9.779,-9.749
Zomato,2026-07-04,171.0,156.716,12.726,1.558
Zomato,2026-07-05,213.0,157.966,46.07,8.964
Zomato,2026-07-06,119.0,159.888,-26.941,-13.947
Zomato,2026-07-07,160.0,162.07,-25.258,23.188
Zomato,2026-07-08,149.0,163.965,-2.937,-12.029
Zomato,2026-07-09,151.0,164.973,-12.961,-1.011
Zomato,2026-07-10,185.0,165.277,7.12,12.603
Zomato,2026-07-11,187.0,165.12,16.772,5.108
Zomato,2026-07-12,221.0,164.091,45.077,11.831
Zomato,2026-07-13,136.0,161.785,-23.609,-2.176
Zomato,2026-07-14,120.0,158.535,-30.569,-7.967
Zomato,2026-07-15,165.0,154.825,-2.67,12.845
Zomato,2026-07-16,143.0,151.203,-15.6,7.398
Zomato,2026-07-17,137.0,148.288,7.723,-19.011
Zomato,2026-07-18,160.0,146.124,20.06,-6.184
Zomato,2026-07-19,172.0,145.238,44.248,-17.486
Zomato,2026-07-20,136.0,145.387,-18.498,9.111
Zomato,2026-07-21,97.0,145.868,-30.807,-18.061
Zomato,2026-07-22,148.0,146.823,-5.099,6.276
Zomato,2026-07-23,22.0,148.439,-21.299,-105.14
Zomato,2026-07-24,165.5,149.906,6.533,9.061
Zomato,2026-07-25,180.0,151.101,22.436,6.463
Zomato,2026-07-26,189.0,152.055,45.233,-8.288
Zomato,2026-07-27,132.0,152.723,-13.195,-7.528
Zomato,2026-07-28,149.0,153.349,-28.987,24.638
Zomato,2026-07-29,129.0,154.737,-9.892,-15.845
Zomato,2026-07-30,127.0,156.758,-27.373,-2.386
Zomato,2026-07-31,165.0,159.236,4.692,1.072
Zomato,2026-08-01,175.0,161.816,27.786,-14.603
Zomato,2026-08-02,223.0,164.258,49.363,9.379
Zomato,2026-08-03,167.0,166.937,-14.489,14.552
Zomato,2026-08-04,143.0,169.903,-22.36,-4.544
Zomato,2026-08-05,163.0,172.413,-16.157,6.744
Zomato,2026-08-06,131.0,174.08,-29.553,-13.526
Zomato,2026-08-07,175.0,174.756,0.555,-0.311
Zomato,2026-08-08,218.0,174.813,29.793,13.394
Zomato,2026-08-09,237.0,174.87,52.929,9.202
Zomato,2026-08-10,155.0,174.988,-17.284,-2.704
Zomato,2026-08-11,154.0,174.561,-18.499,-2.062
Zomato,2026-08-12,149.0,173.412,-16.673,-7.74
Zomato,2026-08-13,156.0,171.725,-24.459,8.734
Zomato,2026-08-14,165.0,169.994,-5.193,0.199
Zomato,2026-08-15,206.0,168.437,29.42,8.143
Zomato,2026-08-16,210.0,166.7,52.367,-9.067
Zomato,2026-08-17,141.0,164.342,-21.232,-2.109
Zomato,2026-08-18,153.0,161.597,-16.93,8.333
Zomato,2026-08-19,146.0,158.843,-15.899,3.056
Zomato,2026-08-20,140.0,156.421,-17.874,1.453
Zomato,2026-08-21,144.0,154.269,-5.837,-4.432
Zomato,2026-08-22,162.0,152.143,28.372,-18.515
Zomato,2026-08-23,206.0,149.914,47.456,8.631
Zomato,2026-08-24,122.0,148.085,-22.97,-3.115
Zomato,2026-08-25,131.0,146.845,-16.834,0.988
Zomato,2026-08-26,133.0,145.99,-14.289,1.299
Zomato,2026-08-27,127.0,145.435,-15.003,-3.433
Zomato,2026-08-28,199.0,145.073,-4.131,58.058
Zomato,2026-08-29,172.0,145.03,26.344,0.626
Zomato,2026-08-30,185.0,145.74,42.334,-3.074
Zomato,2026-08-31,124.0,147.131,-15.542,-7.589
Zomato,2026-09-01,127.0,148.949,-19.18,-2.769
Zomato,2026-09-02,134.0,150.898,-14.381,-2.517
Zomato,2026-09-03,170.0,152.801,-15.844,33.043
Zomato,2026-09-04,154.0,154.802,-2.778,1.976
Zomato,2026-09-05,189.0,156.838,24.926,7.236
Zomato,2026-09-06,198.0,158.678,37.328,1.993
Zomato,2026-09-07,144.0,159.92,-6.359,-9.561
Zomato,2026-09-08,137.0,160.253,-21.427,-1.826
Zomato,2026-09-09,156.0,159.981,-15.631,11.65
Zomato,2026-09-10,140.0,159.3,-15.98,-3.32
Zomato,2026-09-11,163.0,157.946,-1.884,6.938
Zomato,2026-09-12,189.0,155.877,22.372,10.751
Zomato,2026-09-13,178.0,152.898,33.068,-7.966
Zomato,2026-09-14,167.0,148.21,3.597,15.193
Zomato,2026-09-15,124.0,143.741,-23.649,3.908
Zomato,2026-09-16,117.0,139.288,-16.992,-5.297
Zomato,2026-09-17,120.0,134.757,-16.369,1.612
Zomato,2026-09-18,125.0,130.134,-1.269,-3.864
Zomato,2026-09-19,136.0,125.426,19.306,-8.731
Zomato,2026-09-20,157.0,120.66,28.816,7.525
Blinkit,2026-04-01,231.0,224.933,9.858,-3.791
Blinkit,2026-04-02,221.0,223.878,-7.141,4.263
Blinkit,2026-04-03,219.0,222.82,-4.93,1.11
Blinkit,2026-04-04,228.0,221.761,10.044,-3.804
Blinkit,2026-04-05,255.0,220.695,29.088,5.217
Blinkit,2026-04-06,199.0,219.618,-17.571,-3.047
Blinkit,2026-04-07,204.0,218.5,-11.193,-3.307
Blinkit,2026-04-08,223.0,217.277,-1.291,7.014
Blinkit,2026-04-09,207.0,216.215,-8.048,-1.167
Blinkit,2026-04-10,207.0,215.237,-5.447,-2.79
Blinkit,2026-04-11,220.0,214.365,3.764,1.871
Blinkit,2026-04-12,251.0,214.577,43.998,-7.575
Blinkit,2026-04-13,205.0,215.829,-12.045,1.216
Blinkit,2026-04-14,259.0,217.057,-13.393,55.336
Blinkit,2026-04-15,244.0,218.248,-12.053,37.805
Blinkit,2026-04-16,182.0,219.465,-8.604,-28.861
Blinkit,2026-04-17,218.0,220.588,-6.063,3.475
Blinkit,2026-04-18,229.0,221.774,-2.54,9.766
Blinkit,2026-04-19,281.0,222.085,60.113,-1.198
Blinkit,2026-04-20,216.0,220.902,-7.495,2.593
Blinkit,2026-04-21,213.0,219.14,-15.731,9.59
Blinkit,2026-04-22,187.0,217.829,-23.322,-7.507
Blinkit,2026-04-23,206.0,217.262,-9.77,-1.492
Blinkit,2026-04-24,204.0,217.373,-6.734,-6.639
Blinkit,2026-04-25,196.0,218.405,-8.886,-13.519
Blinkit,2026-04-26,235.0,220.415,78.233,-63.648
Blinkit,2026-04-27,222.0,223.183,-5.526,4.343
Blinkit,2026-04-28,201.0,226.67,-17.745,-7.925
Blinkit,2026-04-29,193.0,230.544,-30.751,-6.793
Blinkit,2026-04-30,241.0,233.925,-10.753,17.828
Blinkit,2026-05-01,237.0,236.255,-10.692,11.437
Blinkit,2026-05-02,221.0,238.088,-14.113,-2.976
Blinkit,2026-05-03,222.0,239.967,97.256,-115.224
Blinkit,2026-05-04,193.0,241.912,-9.424,-39.488
Blinkit,2026-05-05,219.0,243.482,-25.07,0.588
Blinkit,2026-05-06,215.0,244.835,-24.506,-5.329
Blinkit,2026-05-07,227.0,246.972,-15.525,-4.446
Blinkit,2026-05-08,230.0,250.531,-15.65,-4.881
Blinkit,2026-05-09,238.0,255.029,-15.851,-1.178
Blinkit,2026-05-10,376.0,259.923,114.658,1.419
Blinkit,2026-05-11,250.0,265.297,-17.177,1.88
Blinkit,2026-05-12,243.0,271.192,-26.613,-1.579
Blinkit,2026-05-13,263.0,277.371,-12.406,-1.965
Blinkit,2026-05-14,260.0,283.652,-19.186,-4.467
Blinkit,2026-05-15,268.0,288.926,-20.051,-0.875
Blinkit,2026-05-16,289.0,291.286,-14.78,12.494
Blinkit,2026-05-17,486.0,292.845,104.713,88.442
Blinkit,2026-05-18,419.0,294.48,-20.364,144.884
Blinkit,2026-05-19,313.0,295.994,-25.779,42.786
Blinkit,2026-05-20,316.0,297.085,-2.124,21.039
Blinkit,2026-05-21,274.0,297.651,-15.469,-8.182
Blinkit,2026-05-22,278.0,296.583,-23.696,5.113
Blinkit,2026-05-23,273.0,295.733,-11.766,-10.966
Blinkit,2026-05-24,324.0,295.452,92.307,-63.759
Blinkit,2026-05-25,264.0,294.935,-18.58,-12.355
Blinkit,2026-05-26,274.0,294.357,-26.134,5.777
Blinkit,2026-05-27,305.0,294.221,3.049,7.73
Blinkit,2026-05-28,298.0,294.119,-11.442,15.323
Blinkit,2026-05-29,263.0,293.355,-23.554,-6.801
Blinkit,2026-05-30,280.0,291.476,-6.645,-4.831
Blinkit,2026-05-31,373.0,288.892,80.099,4.009
Blinkit,2026-06-01,290.0,285.985,-18.305,22.32
Blinkit,2026-06-02,253.0,283.019,-27.367,-2.651
Blinkit,2026-06-03,273.0,280.239,4.241,-11.48
Blinkit,2026-06-04,273.0,277.553,-9.284,4.731
Blinkit,2026-06-05,249.0,274.901,-18.772,-7.129
Blinkit,2026-06-06,280.0,272.47,-1.508,9.038
Blinkit,2026-06-07,329.0,270.536,70.0,-11.536
Blinkit,2026-06-08,256.0,269.083,-16.635,3.552
Blinkit,2026-06-09,282.0,267.513,-29.697,44.185
Blinkit,2026-06-10,271.0,265.466,3.377,2.157
Blinkit,2026-06-11,250.0,263.17,-10.862,-2.307
Blinkit,2026-06-12,253.0,260.7,-9.932,2.232
Blinkit,2026-06-13,279.0,257.985,-2.16,23.175
Blinkit,2026-06-14,318.0,254.895,66.772,-3.667
Blinkit,2026-06-15,226.0,251.587,-21.527,-4.059
Blinkit,2026-06-16,217.0,248.252,-29.288,-1.964
Blinkit,2026-06-17,254.0,244.86,3.735,5.405
Blinkit,2026-06-18,219.0,241.655,-11.681,-10.974
Blinkit,2026-06-19,246.0,239.114,-1.429,8.315
Blinkit,2026-06-20,223.0,237.343,-5.349,-8.994
Blinkit,2026-06-21,306.0,235.822,68.502,1.676
Blinkit,2026-06-22,261.0,234.19,-26.264,53.073
Blinkit,2026-06-23,245.0,232.769,-28.6,40.831
Blinkit,2026-06-24,230.0,232.21,2.527,-4.737
Blinkit,2026-06-25,224.0,232.694,-10.528,1.833
Blinkit,2026-06-26,233.0,234.241,0.337,-1.577
Blinkit,2026-06-27,208.0,237.131,-7.577,-21.554
Blinkit,2026-06-28,263.0,241.539,73.319,-51.858
Blinkit,2026-06-29,212.0,246.298,-28.458,-5.84
Blinkit,2026-06-30,225.0,250.421,-26.1,0.678
Blinkit,2026-07-01,258.0,254.141,-2.687,6.546
Blinkit,2026-07-02,260.0,257.578,-9.223,11.646
Blinkit,2026-07-03,329.0,260.022,-4.037,73.016
Blinkit,2026-07-04,268.0,261.239,-5.889,12.65
Blinkit,2026-07-05,336.0,261.921,78.434,-4.355
Blinkit,2026-07-06,239.0,261.851,-28.431,5.58
Blinkit,2026-07-07,233.0,260.892,-22.683,-5.209
Blinkit,2026-07-08,251.0,259.44,-9.685,1.245
Blinkit,2026-07-09,241.0,257.934,-7.929,-9.004
Blinkit,2026-07-10,254.0,256.296,-11.122,8.826
Blinkit,2026-07-11,254.0,254.416,-1.323,0.908
Blinkit,2026-07-12,341.0,251.619,83.638,5.742
Blinkit,2026-07-13,222.0,247.967,-25.075,-0.892
Blinkit,2026-07-14,238.0,243.931,-20.352,14.42
Blinkit,2026-07-15,221.0,239.419,-16.741,-1.678
Blinkit,2026-07-16,277.0,234.239,-8.698,51.458
Blinkit,2026-07-17,204.0,228.938,-15.17,-9.768
Blinkit,2026-07-18,224.0,224.021,-1.374,1.354
Blinkit,2026-07-19,309.0,219.755,81.364,7.881
Blinkit,2026-07-20,189.0,216.768,-17.933,-9.835
Blinkit,2026-07-21,176.0,215.138,-14.722,-24.417
Blinkit,2026-07-22,187.0,214.493,-19.488,-8.004
Blinkit,2026-07-23,214.0,214.245,-8.67,8.426
Blinkit,2026-07-24,254.0,214.064,-19.228,59.164
Blinkit,2026-07-25,212.0,214.409,-3.448,1.039
Blinkit,2026-07-26,250.0,215.576,72.25,-37.826
Blinkit,2026-07-27,208.0,216.81,-9.324,0.514
Blinkit,2026-07-28,209.0,217.853,-11.654,2.801
Blinkit,2026-07-29,196.0,219.311,-17.29,-6.02
Blinkit,2026-07-30,202.0,221.868,-5.823,-14.045
Blinkit,2026-07-31,208.0,225.046,-22.653,5.608
Blinkit,2026-08-01,216.0,228.258,-2.95,-9.308
Blinkit,2026-08-02,293.0,230.949,60.184,1.867
Blinkit,2026-08-03,248.0,233.214,-4.047,18.832
Blinkit,2026-08-04,231.0,234.99,-8.608,4.617
Blinkit,2026-08-05,232.0,236.131,-14.183,10.051
Blinkit,2026-08-06,234.0,236.793,-5.102,2.309
Blinkit,2026-08-07,205.0,237.255,-22.686,-9.569
Blinkit,2026-08-08,235.0,237.664,-1.46,-1.204
Blinkit,2026-08-09,273.0,238.448,50.02,-15.468
Blinkit,2026-08-10,237.0,240.083,-2.249,-0.835
Blinkit,2026-08-11,232.0,242.549,-6.365,-4.184
Blinkit,2026-08-12,234.0,245.355,-10.448,-0.906
Blinkit,2026-08-13,252.0,248.028,-4.008,7.98
Blinkit,2026-08-14,228.0,250.156,-20.989,-1.166
Blinkit,2026-08-15,270.0,251.697,-1.604,19.907
Blinkit,2026-08-16,305.0,252.72,44.32,7.96
Blinkit,2026-08-17,242.0,253.265,-4.172,-7.092
Blinkit,2026-08-18,250.0,253.307,-7.279,3.972
Blinkit,2026-08-19,238.0,253.081,-6.121,-8.96
Blinkit,2026-08-20,244.0,252.929,-7.726,-1.202
Blinkit,2026-08-21,240.0,253.475,-13.602,0.127
Blinkit,2026-08-22,249.0,255.177,-1.653,-4.524
Blinkit,2026-08-23,295.0,257.385,42.248,-4.633
Blinkit,2026-08-24,257.0,257.554,-4.699,4.145
Blinkit,2026-08-25,199.0,256.773,-9.683,-48.09
Blinkit,2026-08-26,281.0,256.511,-4.258,28.747
Blinkit,2026-08-27,348.0,256.856,-11.573,102.717
Blinkit,2026-08-28,387.0,257.663,-11.928,141.265
Blinkit,2026-08-29,247.0,257.847,-3.288,-7.558
Blinkit,2026-08-30,297.0,256.804,42.554,-2.358
Blinkit,2026-08-31,205.0,256.086,2.753,-53.839
Blinkit,2026-09-01,246.0,256.665,-9.243,-1.422
Blinkit,2026-09-02,259.0,257.363,-10.872,12.509
Blinkit,2026-09-03,237.0,257.67,-9.827,-10.843
Blinkit,2026-09-04,309.0,258.037,-12.931,63.895
Blinkit,2026-09-05,265.0,258.597,-7.549,13.952
Blinkit,2026-09-06,303.0,259.546,44.74,-1.286
Blinkit,2026-09-07,256.0,260.802,9.985,-14.787
Blinkit,2026-09-08,239.0,262.298,-7.649,-15.648
Blinkit,2026-09-09,256.0,264.116,-18.767,10.651
Blinkit,2026-09-10,256.0,265.703,-7.746,-1.957
Blinkit,2026-09-11,261.0,266.477,-13.097,7.62
Blinkit,2026-09-12,262.0,266.252,-12.191,7.939
Blinkit,2026-09-13,321.0,264.437,46.648,9.914
Blinkit,2026-09-14,288.0,259.254,17.085,11.661
Blinkit,2026-09-15,263.0,254.004,-5.638,14.635
Blinkit,2026-09-16,206.0,248.675,-28.31,-14.364
Blinkit,2026-09-17,248.0,243.155,-4.497,9.341
Blinkit,2026-09-18,221.0,237.439,-13.469,-2.97
Blinkit,2026-09-19,208.0,231.527,-17.113,-6.414
Blinkit,2026-09-20,272.0,225.436,48.803,-2.239
Domino's,2026-04-01,44.0,56.009,-13.349,1.34
Domino's,2026-04-02,52.0,57.024,-2.823,-2.202
Domino's,2026-04-03,73.0,58.031,-17.884,32.853
Domino's,2026-04-04,57.0,59.028,-3.853,1.825
Domino's,2026-04-05,56.0,60.014,40.985,-44.999
Domino's,2026-04-06,47.0,60.984,-7.586,-6.398
Domino's,2026-04-07,66.0,61.945,0.374,3.68
Domino's,2026-04-08,53.0,62.949,-9.997,0.048
Domino's,2026-04-09,69.0,63.855,-3.984,9.129
Domino's,2026-04-10,51.0,64.765,-10.866,-2.899
Domino's,2026-04-11,61.0,65.237,-3.017,-1.22
Domino's,2026-04-12,95.0,65.341,31.78,-2.121
Domino's,2026-04-13,68.0,65.337,-4.911,7.574
Domino's,2026-04-14,89.0,65.315,-3.13,26.816
Domino's,2026-04-15,78.0,65.098,-6.318,19.22
Domino's,2026-04-16,58.0,64.338,-4.771,-1.567
Domino's,2026-04-17,62.0,62.927,-4.763,3.836
Domino's,2026-04-18,104.0,60.933,-1.891,44.958
Domino's,2026-04-19,87.0,58.106,22.516,6.377
Domino's,2026-04-20,60.0,54.952,-2.464,7.512
Domino's,2026-04-21,36.0,51.822,-6.027,-9.796
Domino's,2026-04-22,41.0,48.59,-2.569,-5.021
Domino's,2026-04-23,37.0,45.308,-5.406,-2.902
Domino's,2026-04-24,45.0,42.67,0.536,1.794
Domino's,2026-04-25,38.0,40.926,-0.265,-2.661
Domino's,2026-04-26,49.0,40.302,13.746,-5.047
Domino's,2026-04-27,33.0,40.745,-0.758,-6.987
Domino's,2026-04-28,28.0,41.47,-10.858,-2.612
Domino's,2026-04-29,50.0,42.343,1.155,6.502
Domino's,2026-04-30,91.0,43.668,-4.532,51.864
Domino's,2026-05-01,70.0,45.441,1.266,23.293
Domino's,2026-05-02,50.0,47.423,1.546,1.031
Domino's,2026-05-03,53.0,49.294,9.294,-5.588
Domino's,2026-05-04,31.0,50.806,-1.478,-18.328
Domino's,2026-05-05,47.0,52.322,-6.52,1.198
Domino's,2026-05-06,57.0,54.077,1.462,1.461
Domino's,2026-05-07,52.0,55.715,-3.346,-0.369
Domino's,2026-05-08,58.0,57.187,-0.655,1.468
Domino's,2026-05-09,81.0,58.454,1.579,20.967
Domino's,2026-05-10,131.0,59.458,7.856,63.686
Domino's,2026-05-11,59.0,60.387,-1.434,0.047
Domino's,2026-05-12,60.0,61.307,-4.059,2.752
Domino's,2026-05-13,61.0,62.184,-0.065,-1.119
Domino's,2026-05-14,61.0,62.919,-0.855,-1.064
Domino's,2026-05-15,59.0,63.367,-3.62,-0.747
Domino's,2026-05-16,67.0,63.433,1.517,2.05
Domino's,2026-05-17,73.0,63.218,9.143,0.639
Domino's,2026-05-18,71.0,62.791,-1.59,9.799
Domino's,2026-05-19,61.0,62.293,-3.943,2.651
Domino's,2026-05-20,50.0,61.711,-0.074,-11.638
Domino's,2026-05-21,64.0,61.034,1.572,1.394
Domino's,2026-05-22,53.0,60.425,-7.401,-0.023
Domino's,2026-05-23,55.0,60.063,1.837,-6.899
Domino's,2026-05-24,71.0,60.294,10.866,-0.16
Domino's,2026-05-25,54.0,61.308,-4.643,-2.664
Domino's,2026-05-26,54.0,62.731,-3.815,-4.915
Domino's,2026-05-27,71.0,64.451,-0.159,6.708
Domino's,2026-05-28,102.0,65.76,1.681,34.559
Domino's,2026-05-29,85.0,65.029,-5.458,25.428
Domino's,2026-05-30,71.0,64.537,1.537,4.926
Domino's,2026-05-31,134.0,64.618,13.776,55.606
Domino's,2026-06-01,81.0,64.438,-8.279,24.841
Domino's,2026-06-02,81.0,63.213,-3.883,21.67
Domino's,2026-06-03,60.0,61.253,0.495,-1.748
Domino's,2026-06-04,63.0,59.357,0.284,3.36
Domino's,2026-06-05,39.0,57.925,-4.622,-14.303
Domino's,2026-06-06,56.0,57.364,1.816,-3.18
Domino's,2026-06-07,68.0,57.242,17.721,-6.963
Domino's,2026-06-08,44.0,57.309,-10.752,-2.557
Domino's,2026-06-09,56.0,57.639,-4.045,2.406
Domino's,2026-06-10,59.0,58.38,-1.478,2.099
Domino's,2026-06-11,54.0,59.366,-2.361,-3.005
Domino's,2026-06-12,58.0,60.185,-3.938,1.752
Domino's,2026-06-13,74.0,60.671,0.941,12.388
Domino's,2026-06-14,88.0,60.782,26.773,0.445
Domino's,2026-06-15,50.0,60.567,-11.158,0.591
Domino's,2026-06-16,58.0,60.124,-5.88,3.757
Domino's,2026-06-17,56.0,59.399,-4.344,0.945
Domino's,2026-06-18,53.0,58.295,-4.168,-1.128
Domino's,2026-06-19,56.0,56.979,-1.995,1.017
Domino's,2026-06-20,54.0,55.734,1.668,-3.402
Domino's,2026-06-21,124.0,54.732,25.515,43.753
Domino's,2026-06-22,48.0,53.977,-10.449,4.472
Domino's,2026-06-23,40.0,53.439,-6.608,-6.831
Domino's,2026-06-24,45.0,53.02,-4.262,-3.758
Domino's,2026-06-25,48.0,52.7,-3.307,-1.393
Domino's,2026-06-26,55.0,52.569,-4.452,6.883
Domino's,2026-06-27,56.0,52.578,2.646,0.776
Domino's,2026-06-28,54.0,52.572,26.46,-25.032
Domino's,2026-06-29,40.0,52.795,-10.494,-2.301
Domino's,2026-06-30,65.0,53.057,-7.204,19.147
Domino's,2026-07-01,76.0,53.127,-4.249,27.122
Domino's,2026-07-02,52.0,53.151,-1.924,0.773
Domino's,2026-07-03,41.0,53.555,-6.295,-6.261
Domino's,2026-07-04,61.0,54.399,3.664,2.937
Domino's,2026-07-05,83.0,55.229,27.313,0.458
Domino's,2026-07-06,44.0,55.609,-11.02,-0.589
Domino's,2026-07-07,52.0,55.54,-6.779,3.24
Domino's,2026-07-08,56.0,55.258,-3.778,4.52
Domino's,2026-07-09,59.0,54.764,-2.162,6.398
Domino's,2026-07-10,43.0,54.032,-5.469,-5.563
Domino's,2026-07-11,56.0,53.163,4.642,-1.805
Domino's,2026-07-12,73.0,52.202,21.041,-0.243
Domino's,2026-07-13,42.0,51.312,-9.804,0.493
Domino's,2026-07-14,44.0,50.712,-4.327,-2.385
Domino's,2026-07-15,45.0,50.412,-3.741,-1.672
Domino's,2026-07-16,47.0,50.229,-4.252,1.023
Domino's,2026-07-17,49.0,50.056,0.252,-1.308
Domino's,2026-07-18,58.0,49.863,4.432,3.705
Domino's,2026-07-19,87.0,49.712,15.242,22.047
Domino's,2026-07-20,40.0,49.469,-7.939,-1.53
Domino's,2026-07-21,46.0,49.077,-3.283,0.206
Domino's,2026-07-22,44.0,48.79,-7.636,2.846
Domino's,2026-07-23,37.0,48.793,-7.865,-3.928
Domino's,2026-07-24,60.0,49.023,9.02,1.957
Domino's,2026-07-25,44.0,49.455,4.769,-10.224
Domino's,2026-07-26,59.0,50.02,14.632,-5.651
Domino's,2026-07-27,48.0,50.784,-9.113,6.33
Domino's,2026-07-28,52.0,51.893,-3.15,3.257
Domino's,2026-07-29,36.0,53.337,-10.506,-6.831
Domino's,2026-07-30,43.0,54.807,-10.45,-1.357
Domino's,2026-07-31,73.0,56.164,16.518,0.318
Domino's,2026-08-01,65.0,57.27,4.52,3.21
Domino's,2026-08-02,117.0,58.231,15.344,43.425
Domino's,2026-08-03,49.0,59.09,-12.469,2.379
Domino's,2026-08-04,54.0,59.772,-4.758,-1.015
Domino's,2026-08-05,50.0,60.142,-14.312,4.17
Domino's,2026-08-06,48.0,60.323,-9.959,-2.364
Domino's,2026-08-07,55.0,60.403,22.384,-27.787
Domino's,2026-08-08,65.0,60.468,6.118,-1.586
Domino's,2026-08-09,82.0,60.438,18.813,2.749
Domino's,2026-08-10,38.0,60.382,-15.868,-6.514
Domino's,2026-08-11,58.0,60.254,-9.217,6.962
Domino's,2026-08-12,63.0,59.598,-18.139,21.541
Domino's,2026-08-13,52.0,58.22,-8.529,2.309
Domino's,2026-08-14,86.0,56.757,27.727,1.516
Domino's,2026-08-15,201.0,55.469,8.798,136.733
Domino's,2026-08-16,88.0,54.071,19.822,14.107
Domino's,2026-08-17,33.0,52.623,-15.058,-4.566
Domino's,2026-08-18,33.0,51.331,-11.281,-7.05
Domino's,2026-08-19,29.0,50.064,-18.608,-2.456
Domino's,2026-08-20,50.0,49.08,-6.754,7.674
Domino's,2026-08-21,31.0,48.587,15.285,-32.872
Domino's,2026-08-22,62.0,48.257,13.511,0.231
Domino's,2026-08-23,67.0,47.981,19.095,-0.076
Domino's,2026-08-24,39.0,47.716,-7.684,-1.032
Domino's,2026-08-25,35.0,47.328,-11.584,-0.745
Domino's,2026-08-26,52.0,46.913,-19.051,24.138
Domino's,2026-08-27,39.0,46.787,-6.104,-1.683
Domino's,2026-08-28,136.0,46.983,2.824,86.192
Domino's,2026-08-29,66.0,47.291,14.381,4.328
Domino's,2026-08-30,60.0,47.639,18.144,-5.783
Domino's,2026-08-31,52.0,48.113,7.958,-4.071
Domino's,2026-09-01,50.0,48.819,-11.466,12.647
Domino's,2026-09-02,34.0,49.727,-18.614,2.887
Domino's,2026-09-03,41.0,50.553,-7.411,-2.142
Domino's,2026-09-04,40.0,51.171,-6.153,-5.018
Domino's,2026-09-05,73.0,51.746,7.839,13.415
Domino's,2026-09-06,74.0,52.141,16.975,4.884
Domino's,2026-09-07,40.0,52.513,23.607,-36.12
Domino's,2026-09-08,39.0,53.135,-10.743,-3.391
Domino's,2026-09-09,34.0,53.903,-18.267,-1.635
Domino's,2026-09-10,48.0,54.591,-9.023,2.432
Domino's,2026-09-11,35.0,55.336,-12.436,-7.9
Domino's,2026-09-12,57.0,56.349,0.937,-0.286
Domino's,2026-09-13,75.0,57.635,15.309,2.056
Domino's,2026-09-14,100.0,58.801,39.264,1.935
Domino's,2026-09-15,50.0,59.811,-10.409,0.599
Domino's,2026-09-16,42.0,60.786,-18.473,-0.313
Domino's,2026-09-17,50.0,61.742,-10.794,-0.948
Domino's,2026-09-18,54.0,62.681,-16.813,8.131
Domino's,2026-09-19,55.0,63.602,-6.663,-1.94
Domino's,2026-09-20,75.0,64.492,13.343,-2.834
Myntra,2026-04-01,44.0,44.109,4.304,-4.414
Myntra,2026-04-02,48.0,45.324,0.073,2.603
Myntra,2026-04-03,51.0,46.513,1.361,3.126
Myntra,2026-04-04,45.0,47.68,0.013,-2.693
Myntra,2026-04-05,40.0,48.814,-7.559,-1.255
Myntra,2026-04-06,54.0,49.908,1.412,2.681
Myntra,2026-04-07,54.0,50.948,1.439,1.613
Myntra,2026-04-08,61.0,51.889,3.637,5.475
Myntra,2026-04-09,46.0,52.499,1.379,-7.878
Myntra,2026-04-10,36.0,53.065,-1.639,-15.427
Myntra,2026-04-11,58.0,53.572,-0.466,4.894
Myntra,2026-04-12,53.0,53.971,-5.454,4.483
Myntra,2026-04-13,51.0,54.329,1.177,-4.507
Myntra,2026-04-14,53.0,54.584,2.576,-4.16
Myntra,2026-04-15,62.0,54.618,2.878,4.504
Myntra,2026-04-16,63.0,54.373,2.375,6.252
Myntra,2026-04-17,48.0,53.993,-4.542,-1.451
Myntra,2026-04-18,53.0,53.531,-0.904,0.373
Myntra,2026-04-19,47.0,52.742,-3.173,-2.569
Myntra,2026-04-20,56.0,51.503,0.969,3.529
Myntra,2026-04-21,57.0,50.02,3.485,3.495
Myntra,2026-04-22,48.0,48.501,1.648,-2.148
Myntra,2026-04-23,30.0,46.995,4.045,-21.04
Myntra,2026-04-24,39.0,45.357,-7.257,0.9
Myntra,2026-04-25,41.0,43.686,-1.812,-0.874
Myntra,2026-04-26,41.0,42.114,-1.278,0.164
Myntra,2026-04-27,39.0,40.857,1.101,-2.958
Myntra,2026-04-28,46.0,39.989,4.454,1.557
Myntra,2026-04-29,30.0,39.416,1.011,-10.427
Myntra,2026-04-30,44.0,39.044,3.376,1.58
Myntra,2026-05-01,30.0,38.974,-6.74,-2.235
Myntra,2026-05-02,36.0,39.153,-2.899,-0.254
Myntra,2026-05-03,40.0,39.413,0.541,0.046
Myntra,2026-05-04,42.0,39.646,1.211,1.143
Myntra,2026-05-05,43.0,39.887,4.838,-1.725
Myntra,2026-05-06,48.0,40.091,1.001,6.908
Myntra,2026-05-07,40.0,40.25,-0.456,0.206
Myntra,2026-05-08,32.0,40.244,-4.644,-3.6
Myntra,2026-05-09,35.0,40.027,-3.365,-1.662
Myntra,2026-05-10,45.0,39.795,1.371,3.834
Myntra,2026-05-11,42.0,39.743,1.311,0.947
Myntra,2026-05-12,43.0,39.814,4.333,-1.146
Myntra,2026-05-13,41.0,39.927,2.407,-1.334
Myntra,2026-05-14,31.0,40.049,-2.513,-6.535
Myntra,2026-05-15,42.0,40.098,-1.886,3.788
Myntra,2026-05-16,41.0,40.109,-4.815,5.706
Myntra,2026-05-17,39.0,40.169,1.177,-2.346
Myntra,2026-05-18,39.0,40.176,2.045,-3.22
Myntra,2026-05-19,49.0,40.148,2.355,6.497
Myntra,2026-05-20,42.0,40.189,1.809,0.002
Myntra,2026-05-21,35.0,40.348,-1.01,-4.338
Myntra,2026-05-22,41.0,40.751,0.127,0.122
Myntra,2026-05-23,29.0,41.408,-4.684,-7.724
Myntra,2026-05-24,43.0,42.23,-0.682,1.452
Myntra,2026-05-25,47.0,43.197,2.286,1.517
Myntra,2026-05-26,43.0,44.34,0.096,-1.436
Myntra,2026-05-27,47.0,45.527,0.784,0.689
Myntra,2026-05-28,51.0,46.536,3.727,0.736
Myntra,2026-05-29,51.0,47.374,-1.537,5.163
Myntra,2026-05-30,42.0,48.232,-3.475,-2.756
Myntra,2026-05-31,47.0,49.25,-1.331,-0.919
Myntra,2026-06-01,54.0,50.433,1.681,1.886
Myntra,2026-06-02,41.0,51.682,-1.883,-8.799
Myntra,2026-06-03,50.0,53.091,0.204,-3.295
Myntra,2026-06-04,67.0,54.769,8.78,3.452
Myntra,2026-06-05,50.0,56.73,-5.524,-1.206
Myntra,2026-06-06,70.0,58.746,-0.883,12.137
Myntra,2026-06-07,48.0,60.577,-0.061,-12.516
Myntra,2026-06-08,63.0,62.072,0.155,0.772
Myntra,2026-06-09,64.0,63.169,-2.361,3.192
Myntra,2026-06-10,68.0,63.824,-1.583,5.759
Myntra,2026-06-11,78.0,64.023,10.565,3.412
Myntra,2026-06-12,53.0,63.766,-8.54,-2.226
Myntra,2026-06-13,63.0,63.292,1.958,-2.25
Myntra,2026-06-14,70.0,62.633,1.568,5.8
Myntra,2026-06-15,57.0,61.925,-1.061,-3.864
Myntra,2026-06-16,59.0,61.104,0.079,-2.183
Myntra,2026-06-17,57.0,60.08,-3.992,0.912
Myntra,2026-06-18,71.0,58.975,8.768,3.257
Myntra,2026-06-19,67.0,57.681,-9.025,18.344
Myntra,2026-06-20,74.0,56.171,2.147,15.682
Myntra,2026-06-21,57.0,54.563,4.428,-1.991
Myntra,2026-06-22,53.0,52.775,-0.917,1.141
Myntra,2026-06-23,56.0,50.746,1.383,3.871
Myntra,2026-06-24,40.0,48.686,-6.133,-2.553
Myntra,2026-06-25,49.0,46.828,5.78,-3.608
Myntra,2026-06-26,35.0,44.994,-7.042,-2.952
Myntra,2026-06-27,45.0,43.163,2.147,-0.31
Myntra,2026-06-28,52.0,41.472,3.857,6.67
Myntra,2026-06-29,39.0,40.064,0.246,-1.31
Myntra,2026-06-30,42.0,39.012,1.394,1.593
Myntra,2026-07-01,25.0,38.269,-6.586,-6.683
Myntra,2026-07-02,39.0,37.74,3.268,-2.008
Myntra,2026-07-03,33.0,37.649,-3.528,-1.121
Myntra,2026-07-04,36.0,38.176,2.959,-5.135
Myntra,2026-07-05,38.0,39.344,1.469,-2.812
Myntra,2026-07-06,45.0,40.975,0.752,3.274
Myntra,2026-07-07,36.0,42.771,0.602,-7.372
Myntra,2026-07-08,45.0,44.424,-5.983,6.559
Myntra,2026-07-09,47.0,45.959,2.27,-1.229
Myntra,2026-07-10,53.0,47.256,-0.335,6.079
Myntra,2026-07-11,55.0,48.25,3.308,3.443
Myntra,2026-07-12,48.0,48.919,-1.218,0.299
Myntra,2026-07-13,45.0,49.245,0.92,-5.165
Myntra,2026-07-14,54.0,49.12,-0.492,5.372
Myntra,2026-07-15,41.0,48.745,-4.211,-3.533
Myntra,2026-07-16,54.0,48.104,1.614,4.282
Myntra,2026-07-17,49.0,47.37,1.373,0.257
Myntra,2026-07-18,54.0,46.492,2.765,4.742
Myntra,2026-07-19,36.0,45.381,-1.463,-7.919
Myntra,2026-07-20,52.0,44.06,-0.493,8.433
Myntra,2026-07-21,37.0,42.842,0.363,-6.204
Myntra,2026-07-22,42.0,41.782,-3.876,4.094
Myntra,2026-07-23,39.0,41.043,2.116,-4.159
Myntra,2026-07-24,40.0,40.543,1.32,-1.863
Myntra,2026-07-25,35.0,40.23,1.511,-6.741
Myntra,2026-07-26,46.0,40.132,-0.827,6.695
Myntra,2026-07-27,36.0,40.395,-1.701,-2.694
Myntra,2026-07-28,48.0,40.871,0.24,6.889
Myntra,2026-07-29,33.0,41.505,-1.902,-6.603
Myntra,2026-07-30,43.0,42.075,3.5,-2.575
Myntra,2026-07-31,45.0,42.592,0.454,1.954
Myntra,2026-08-01,45.0,43.269,-1.394,3.125
Myntra,2026-08-02,42.0,44.232,0.429,-2.661
Myntra,2026-08-03,42.0,45.376,-3.096,-0.28
Myntra,2026-08-04,43.0,46.632,0.688,-4.319
Myntra,2026-08-05,48.0,47.77,0.704,-0.474
Myntra,2026-08-06,58.0,48.919,3.177,5.904
Myntra,2026-08-07,49.0,50.274,0.409,-1.683
Myntra,2026-08-08,48.0,51.782,-2.594,-1.188
Myntra,2026-08-09,57.0,53.162,-0.95,4.788
Myntra,2026-08-10,46.0,53.908,-1.062,-6.846
Myntra,2026-08-11,56.0,54.129,-1.002,2.873
Myntra,2026-08-12,63.0,54.511,3.594,4.895
Myntra,2026-08-13,84.0,55.087,1.862,27.051
Myntra,2026-08-14,81.0,55.647,0.349,25.004
Myntra,2026-08-15,49.0,56.112,-2.575,-4.537
Myntra,2026-08-16,51.0,56.504,-1.796,-3.709
Myntra,2026-08-17,67.0,56.758,-1.019,11.261
Myntra,2026-08-18,93.0,57.481,-1.373,36.891
Myntra,2026-08-19,63.0,58.916,6.295,-2.211
Myntra,2026-08-20,58.0,60.134,-0.416,-1.718
Myntra,2026-08-21,62.0,60.93,2.414,-1.344
Myntra,2026-08-22,65.0,61.459,-3.033,6.574
Myntra,2026-08-23,91.0,61.798,-2.608,31.81
Myntra,2026-08-24,67.0,61.689,-2.731,8.042
Myntra,2026-08-25,55.0,61.26,-0.178,-6.081
Myntra,2026-08-26,70.0,60.688,6.68,2.632
Myntra,2026-08-27,87.0,59.899,-2.658,29.759
Myntra,2026-08-28,41.0,58.917,5.446,-23.363
Myntra,2026-08-29,54.0,58.09,-1.836,-2.254
Myntra,2026-08-30,56.0,57.439,-1.765,0.326
Myntra,2026-08-31,45.0,56.935,-7.72,-4.215
Myntra,2026-09-01,60.0,56.491,1.487,2.022
Myntra,2026-09-02,63.0,56.218,3.537,3.245
Myntra,2026-09-03,52.0,56.35,-2.434,-1.916
Myntra,2026-09-04,67.0,56.969,8.171,1.861
Myntra,2026-09-05,52.0,57.812,0.529,-6.341
Myntra,2026-09-06,44.0,58.649,1.53,-16.179
Myntra,2026-09-07,41.0,59.378,-13.077,-5.301
Myntra,2026-09-08,69.0,60.098,2.575,6.327
Myntra,2026-09-09,64.0,60.956,-0.398,3.443
Myntra,2026-09-10,61.0,61.725,-2.336,1.612
Myntra,2026-09-11,74.0,61.982,10.388,1.63
Myntra,2026-09-12,67.0,61.531,2.865,2.603
Myntra,2026-09-13,65.0,60.686,5.093,-0.779
Myntra,2026-09-14,46.0,59.691,-18.495,4.804
Myntra,2026-09-15,59.0,58.79,3.771,-3.561
Myntra,2026-09-16,49.0,57.871,-4.673,-4.198
Myntra,2026-09-17,55.0,56.932,-2.087,0.155
Myntra,2026-09-18,67.0,55.991,12.344,-1.334
Myntra,2026-09-19,62.0,55.062,5.588,1.35
Myntra,2026-09-20,65.0,54.159,8.901,1.94
Flipkart,2026-04-01,270.0,237.636,12.8,19.563
Flipkart,2026-04-02,235.0,239.566,-1.665,-2.901
Flipkart,2026-04-03,254.0,241.713,14.205,-1.918
Flipkart,2026-04-04,229.0,244.052,-15.337,0.285
Flipkart,2026-04-05,232.0,246.559,1.361,-15.921
Flipkart,2026-04-06,222.0,249.223,-24.058,-3.165
Flipkart,2026-04-07,268.0,252.104,20.463,-4.567
Flipkart,2026-04-08,246.0,255.578,2.759,-12.337
Flipkart,2026-04-09,272.0,259.566,-5.871,18.305
Flipkart,2026-04-10,216.0,262.969,11.535,-58.504
Flipkart,2026-04-11,259.0,265.596,-9.261,2.665
Flipkart,2026-04-12,290.0,267.392,4.799,17.809
Flipkart,2026-04-13,259.0,267.989,-10.405,1.417
Flipkart,2026-04-14,294.0,266.617,12.689,14.694
Flipkart,2026-04-15,253.0,262.959,-6.228,-3.732
Flipkart,2026-04-16,244.0,257.442,-8.9,-4.542
Flipkart,2026-04-17,275.0,250.276,8.623,16.101
Flipkart,2026-04-18,237.0,241.589,-3.491,-1.098
Flipkart,2026-04-19,258.0,231.877,7.898,18.225
Flipkart,2026-04-20,235.0,221.981,1.811,11.208
Flipkart,2026-04-21,211.0,212.519,5.348,-6.866
Flipkart,2026-04-22,181.0,203.662,-12.998,-9.664
Flipkart,2026-04-23,165.0,195.545,-12.513,-18.032
Flipkart,2026-04-24,159.0,188.511,6.237,-35.748
Flipkart,2026-04-25,189.0,182.903,0.946,5.152
Flipkart,2026-04-26,175.0,179.272,9.524,-13.796
Flipkart,2026-04-27,187.0,177.641,10.413,-1.054
Flipkart,2026-04-28,173.0,177.681,-2.996,-1.685
Flipkart,2026-04-29,167.0,178.81,-9.892,-1.918
Flipkart,2026-04-30,167.0,180.667,-8.249,-5.417
Flipkart,2026-05-01,183.0,184.264,-5.007,3.743
Flipkart,2026-05-02,188.0,190.037,6.618,-8.655
Flipkart,2026-05-03,195.0,196.821,5.949,-7.77
Flipkart,2026-05-04,152.0,205.05,5.807,-58.857
Flipkart,2026-05-05,185.0,216.21,-3.414,-27.796
Flipkart,2026-05-06,219.0,229.295,-2.623,-7.672
Flipkart,2026-05-07,247.0,242.732,1.617,2.651
Flipkart,2026-05-08,328.0,256.923,-10.262,81.339
Flipkart,2026-05-09,380.0,271.383,5.123,103.494
Flipkart,2026-05-10,298.0,284.772,6.009,7.219
Flipkart,2026-05-11,307.0,296.866,-4.243,14.378
Flipkart,2026-05-12,313.0,307.104,-2.107,8.003
Flipkart,2026-05-13,344.0,313.374,-0.078,30.704
Flipkart,2026-05-14,334.0,315.745,12.593,5.663
Flipkart,2026-05-15,292.0,316.77,-10.86,-13.911
Flipkart,2026-05-16,343.0,317.045,1.193,24.762
Flipkart,2026-05-17,324.0,316.275,6.977,0.747
Flipkart,2026-05-18,288.0,314.368,-12.888,-13.479
Flipkart,2026-05-19,324.0,311.667,0.746,11.587
Flipkart,2026-05-20,314.0,308.331,0.628,5.041
Flipkart,2026-05-21,323.0,304.214,17.937,0.848
Flipkart,2026-05-22,305.0,299.634,-9.954,15.32
Flipkart,2026-05-23,273.0,295.419,1.029,-23.449
Flipkart,2026-05-24,305.0,291.312,3.566,10.122
Flipkart,2026-05-25,259.0,287.328,-15.093,-13.235
Flipkart,2026-05-26,279.0,283.809,1.834,-6.643
Flipkart,2026-05-27,270.0,281.246,-2.001,-9.244
Flipkart,2026-05-28,319.0,279.826,15.287,23.887
Flipkart,2026-05-29,268.0,279.253,0.867,-12.121
Flipkart,2026-05-30,277.0,278.81,-2.407,0.597
Flipkart,2026-05-31,271.0,278.686,1.366,-9.052
Flipkart,2026-06-01,283.0,278.508,-11.451,15.943
Flipkart,2026-06-02,278.0,278.082,-1.811,1.729
Flipkart,2026-06-03,272.0,277.533,-5.617,0.084
Flipkart,2026-06-04,276.0,277.167,11.363,-12.53
Flipkart,2026-06-05,295.0,277.025,3.772,14.203
Flipkart,2026-06-06,278.0,277.402,3.546,-2.949
Flipkart,2026-06-07,270.0,278.33,2.139,-10.469
Flipkart,2026-06-08,266.0,279.644,-4.83,-8.813
Flipkart,2026-06-09,314.0,281.367,-9.644,42.277
Flipkart,2026-06-10,279.0,283.43,-6.189,1.759
Flipkart,2026-06-11,287.0,285.485,5.095,-3.58
Flipkart,2026-06-12,298.0,287.5,1.11,9.39
Flipkart,2026-06-13,298.0,288.91,15.983,-6.894
Flipkart,2026-06-14,303.0,288.839,3.73,10.431
Flipkart,2026-06-15,298.0,287.538,-3.972,14.433
Flipkart,2026-06-16,268.0,285.823,-16.317,-1.507
Flipkart,2026-06-17,276.0,283.355,-8.165,0.81
Flipkart,2026-06-18,289.0,279.937,0.587,8.476
Flipkart,2026-06-19,249.0,276.18,-2.004,-25.177
Flipkart,2026-06-20,308.0,272.462,33.006,2.532
Flipkart,2026-06-21,285.0,269.312,2.537,13.151
Flipkart,2026-06-22,253.0,266.752,-1.323,-12.429
Flipkart,2026-06-23,228.0,264.619,-19.35,-17.269
Flipkart,2026-06-24,259.0,263.332,-12.536,8.204
Flipkart,2026-06-25,259.0,262.936,0.367,-4.303
Flipkart,2026-06-26,260.0,263.047,-6.72,3.673
Flipkart,2026-06-27,226.0,264.522,30.837,-69.359
Flipkart,2026-06-28,252.0,267.628,2.04,-17.669
Flipkart,2026-06-29,273.0,271.369,2.282,-0.651
Flipkart,2026-06-30,260.0,276.092,-12.519,-3.573
Flipkart,2026-07-01,239.0,283.365,-13.219,-31.146
Flipkart,2026-07-02,285.0,292.658,-2.575,-5.083
Flipkart,2026-07-03,302.0,302.316,-10.261,9.945
Flipkart,2026-07-04,451.0,311.684,30.198,109.117
Flipkart,2026-07-05,396.0,319.961,3.973,72.066
Flipkart,2026-07-06,338.0,327.366,4.388,6.246
Flipkart,2026-07-07,349.0,333.829,-6.046,21.217
Flipkart,2026-07-08,324.0,338.802,-14.15,-0.652
Flipkart,2026-07-09,366.0,340.844,-7.903,33.059
Flipkart,2026-07-10,318.0,340.422,-14.692,-7.73
Flipkart,2026-07-11,370.0,338.945,28.104,2.951
Flipkart,2026-07-12,344.0,336.581,10.5,-3.081
Flipkart,2026-07-13,347.0,333.187,5.634,8.178
Flipkart,2026-07-14,328.0,329.133,-2.132,0.998
Flipkart,2026-07-15,332.0,324.267,-11.27,19.004
Flipkart,2026-07-16,300.0,318.702,-10.241,-8.461
Flipkart,2026-07-17,298.0,312.191,-21.821,7.629
Flipkart,2026-07-18,320.0,305.076,19.832,-4.908
Flipkart,2026-07-19,334.0,297.744,21.409,14.847
Flipkart,2026-07-20,282.0,290.817,5.143,-13.96
Flipkart,2026-07-21,283.0,284.681,-3.484,1.803
Flipkart,2026-07-22,254.0,279.556,-5.364,-20.193
Flipkart,2026-07-23,261.0,275.121,-15.623,1.502
Flipkart,2026-07-24,240.0,271.734,-20.41,-11.325
Flipkart,2026-07-25,284.0,269.276,15.534,-0.81
Flipkart,2026-07-26,293.0,267.354,26.267,-0.622
Flipkart,2026-07-27,286.0,265.66,0.851,19.489
Flipkart,2026-07-28,244.0,264.332,-4.602,-15.73
Flipkart,2026-07-29,269.0,263.438,-5.945,11.507
Flipkart,2026-07-30,244.0,263.665,-18.353,-1.313
Flipkart,2026-07-31,230.0,264.939,-10.743,-24.195
Flipkart,2026-08-01,270.0,267.201,12.892,-10.093
Flipkart,2026-08-02,290.0,271.193,26.033,-7.226
Flipkart,2026-08-03,258.0,277.335,-1.745,-17.59
Flipkart,2026-08-04,290.0,285.307,-5.0,9.693
Flipkart,2026-08-05,285.0,294.575,-7.14,-2.435
Flipkart,2026-08-06,267.0,303.882,-16.302,-20.58
Flipkart,2026-08-07,324.0,312.464,-0.961,12.497
Flipkart,2026-08-08,350.0,320.798,7.652,21.551
Flipkart,2026-08-09,360.0,328.927,22.192,8.881
Flipkart,2026-08-10,334.0,336.119,-4.417,2.298
Flipkart,2026-08-11,328.0,341.805,-1.161,-12.644
Flipkart,2026-08-12,333.0,345.657,-7.069,-5.589
Flipkart,2026-08-13,353.0,348.241,-14.417,19.175
Flipkart,2026-08-14,383.0,350.229,5.497,27.275
Flipkart,2026-08-15,348.0,351.675,-1.344,-2.33
Flipkart,2026-08-16,371.0,352.283,19.075,-0.358
Flipkart,2026-08-17,347.0,351.508,-2.979,-1.529
Flipkart,2026-08-18,369.0,348.994,1.177,18.83
Flipkart,2026-08-19,341.0,345.442,-5.763,1.321
Flipkart,2026-08-20,331.0,341.3,-7.905,-2.394
Flipkart,2026-08-21,341.0,336.774,3.96,0.265
Flipkart,2026-08-22,374.0,331.514,-9.748,52.233
Flipkart,2026-08-23,343.0,325.386,14.316,3.298
Flipkart,2026-08-24,329.0,318.758,0.478,9.764
Flipkart,2026-08-25,310.0,312.176,7.445,-9.621
Flipkart,2026-08-26,313.0,305.483,-2.766,10.283
Flipkart,2026-08-27,293.0,298.893,-4.721,-1.172
Flipkart,2026-08-28,279.0,293.039,-5.588,-8.451
Flipkart,2026-08-29,262.0,288.494,-14.496,-11.998
Flipkart,2026-08-30,292.0,285.605,10.385,-3.99
Flipkart,2026-08-31,276.0,284.497,5.986,-14.483
Flipkart,2026-09-01,295.0,284.518,12.145,-1.664
Flipkart,2026-09-02,275.0,285.381,3.105,-13.487
Flipkart,2026-09-03,293.0,286.855,-5.598,11.743
Flipkart,2026-09-04,306.0,288.316,-15.853,33.537
Flipkart,2026-09-05,278.0,289.106,-10.965,-0.14
Flipkart,2026-09-06,294.0,288.599,4.148,1.252
Flipkart,2026-09-07,302.0,287.055,10.309,4.636
Flipkart,2026-09-08,316.0,285.14,14.866,15.994
Flipkart,2026-09-09,287.0,283.003,8.637,-4.64
Flipkart,2026-09-10,242.0,280.732,-5.505,-33.227
Flipkart,2026-09-11,234.0,278.449,-24.778,-19.67
Flipkart,2026-09-12,279.0,276.126,-7.019,9.893
Flipkart,2026-09-13,282.0,274.143,-3.378,11.236
Flipkart,2026-09-14,288.0,272.587,14.696,0.717
Flipkart,2026-09-15,280.0,270.553,17.656,-8.209
Flipkart,2026-09-16,290.0,268.365,14.255,7.38
Flipkart,2026-09-17,265.0,266.102,-6.034,4.932
Flipkart,2026-09-18,237.0,263.774,-34.02,7.245
Flipkart,2026-09-19,254.0,261.362,-2.433,-4.93
Flipkart,2026-09-20,240.0,258.834,-11.043,-7.792
Amazon,2026-04-01,81.0,89.074,-2.008,-6.066
Amazon,2026-04-02,98.0,89.401,4.496,4.103
Amazon,2026-04-03,90.0,89.741,-4.22,4.479
Amazon,2026-04-04,96.0,90.11,3.429,2.461
Amazon,2026-04-05,74.0,90.504,-10.979,-5.525
Amazon,2026-04-06,99.0,90.892,9.613,-1.506
Amazon,2026-04-07,90.0,91.222,0.746,-1.968
Amazon,2026-04-08,98.0,91.448,-2.161,8.713
Amazon,2026-04-09,93.0,92.489,3.042,-2.531
Amazon,2026-04-10,84.0,93.628,-3.861,-5.767
Amazon,2026-04-11,79.0,94.324,1.562,-16.886
Amazon,2026-04-12,93.0,94.717,-5.621,3.904
Amazon,2026-04-13,110.0,95.112,4.386,10.502
Amazon,2026-04-14,122.0,95.701,3.58,22.719
Amazon,2026-04-15,95.0,96.401,-2.562,1.161
Amazon,2026-04-16,92.0,96.75,1.807,-6.557
Amazon,2026-04-17,95.0,96.496,-3.117,1.621
Amazon,2026-04-18,95.0,96.133,-0.372,-0.76
Amazon,2026-04-19,100.0,95.893,-0.649,4.756
Amazon,2026-04-20,88.0,95.775,-0.286,-7.488
Amazon,2026-04-21,105.0,95.669,6.159,3.172
Amazon,2026-04-22,132.0,95.533,-3.616,40.083
Amazon,2026-04-23,100.0,95.367,0.79,3.843
Amazon,2026-04-24,84.0,95.235,-1.513,-9.721
Amazon,2026-04-25,96.0,95.122,-1.883,2.761
Amazon,2026-04-26,99.0,95.062,3.625,0.313
Amazon,2026-04-27,87.0,94.896,-5.467,-2.429
Amazon,2026-04-28,106.0,94.693,8.907,2.4
Amazon,2026-04-29,88.0,94.336,-7.23,0.894
Amazon,2026-04-30,95.0,93.737,2.421,-1.159
Amazon,2026-05-01,102.0,92.897,0.794,8.31
Amazon,2026-05-02,87.0,92.037,-1.803,-3.234
Amazon,2026-05-03,97.0,91.229,2.618,3.153
Amazon,2026-05-04,82.0,90.499,-5.138,-3.361
Amazon,2026-05-05,95.0,90.198,8.221,-3.419
Amazon,2026-05-06,78.0,90.525,-8.956,-3.569
Amazon,2026-05-07,92.0,91.364,3.761,-3.125
Amazon,2026-05-08,94.0,92.622,1.921,-0.543
Amazon,2026-05-09,125.0,94.435,-2.94,33.504
Amazon,2026-05-10,97.0,96.93,0.644,-0.574
Amazon,2026-05-11,97.0,99.761,-1.841,-0.92
Amazon,2026-05-12,109.0,102.475,8.403,-1.878
Amazon,2026-05-13,94.0,104.988,-6.987,-4.001
Amazon,2026-05-14,124.0,107.268,3.478,13.255
Amazon,2026-05-15,115.0,109.292,-1.297,7.005
Amazon,2026-05-16,111.0,110.72,-4.257,4.537
Amazon,2026-05-17,105.0,111.236,-0.833,-5.403
Amazon,2026-05-18,120.0,110.692,1.64,7.668
Amazon,2026-05-19,122.0,109.264,8.423,4.312
Amazon,2026-05-20,114.0,107.223,-4.987,11.764
Amazon,2026-05-21,107.0,105.106,4.165,-2.271
Amazon,2026-05-22,88.0,102.896,-4.964,-9.931
Amazon,2026-05-23,92.0,100.484,-5.797,-2.687
Amazon,2026-05-24,104.0,98.077,-2.154,8.077
Amazon,2026-05-25,91.0,96.082,5.94,-11.021
Amazon,2026-05-26,105.0,94.629,7.491,2.88
Amazon,2026-05-27,89.0,93.751,-1.415,-3.336
Amazon,2026-05-28,94.0,93.213,4.688,-3.9
Amazon,2026-05-29,86.0,92.953,-9.026,2.072
Amazon,2026-05-30,84.0,93.231,-7.551,-1.679
Amazon,2026-05-31,85.0,94.027,-0.817,-8.211
Amazon,2026-06-01,108.0,95.039,7.324,5.638
Amazon,2026-06-02,97.0,96.318,4.397,-3.715
Amazon,2026-06-03,97.0,97.828,1.498,-2.326
Amazon,2026-06-04,108.0,99.652,5.417,2.931
Amazon,2026-06-05,91.0,101.72,-11.457,0.736
Amazon,2026-06-06,93.0,103.619,-5.911,-4.708
Amazon,2026-06-07,107.0,104.987,-0.115,2.128
Amazon,2026-06-08,89.0,105.95,8.311,-25.261
Amazon,2026-06-09,113.0,106.457,-0.84,7.383
Amazon,2026-06-10,115.0,106.518,4.031,4.452
Amazon,2026-06-11,117.0,106.106,5.446,5.448
Amazon,2026-06-12,89.0,104.864,-12.179,-3.685
Amazon,2026-06-13,103.0,102.524,-4.029,4.505
Amazon,2026-06-14,102.0,99.671,0.921,1.408
Amazon,2026-06-15,105.0,96.928,8.235,-0.164
Amazon,2026-06-16,80.0,94.677,-4.29,-10.387
Amazon,2026-06-17,100.0,93.082,5.96,0.958
Amazon,2026-06-18,89.0,92.012,4.272,-7.284
Amazon,2026-06-19,78.0,91.312,-10.899,-2.413
Amazon,2026-06-20,109.0,91.157,-2.503,20.346
Amazon,2026-06-21,93.0,91.511,2.879,-1.39
Amazon,2026-06-22,98.0,92.103,5.94,-0.043
Amazon,2026-06-23,86.0,92.721,-7.589,0.868
Amazon,2026-06-24,99.0,93.455,5.842,-0.297
Amazon,2026-06-25,101.0,94.246,1.424,5.33
Amazon,2026-06-26,87.0,95.145,-6.645,-1.5
Amazon,2026-06-27,92.0,96.088,0.764,-4.852
Amazon,2026-06-28,98.0,97.049,4.499,-3.548
Amazon,2026-06-29,103.0,98.141,1.851,3.008
Amazon,2026-06-30,91.0,99.601,-8.025,-0.576
Amazon,2026-07-01,106.0,101.221,3.666,1.113
Amazon,2026-07-02,98.0,102.671,-0.658,-4.013
Amazon,2026-07-03,104.0,103.983,-2.58,2.597
Amazon,2026-07-04,142.0,105.331,3.189,33.479
Amazon,2026-07-05,120.0,106.802,5.92,7.279
Amazon,2026-07-06,103.0,108.337,-2.31,-3.027
Amazon,2026-07-07,97.0,109.659,-5.337,-7.322
Amazon,2026-07-08,112.0,110.664,0.702,0.634
Amazon,2026-07-09,111.0,111.386,-4.123,3.737
Amazon,2026-07-10,116.0,111.788,-0.708,4.921
Amazon,2026-07-11,123.0,111.734,6.979,4.288
Amazon,2026-07-12,113.0,111.376,7.546,-5.922
Amazon,2026-07-13,137.0,110.777,-3.794,30.017
Amazon,2026-07-14,119.0,109.931,-2.924,11.993
Amazon,2026-07-15,105.0,108.844,-2.392,-1.452
Amazon,2026-07-16,99.0,107.652,-6.246,-2.406
Amazon,2026-07-17,103.0,106.454,-0.629,-2.826
Amazon,2026-07-18,116.0,105.13,8.373,2.497
Amazon,2026-07-19,119.0,103.751,6.932,8.318
Amazon,2026-07-20,94.0,102.612,-3.093,-5.52
Amazon,2026-07-21,100.0,101.639,1.15,-2.789
Amazon,2026-07-22,97.0,100.839,-4.841,1.002
Amazon,2026-07-23,118.0,100.047,-6.923,24.876
Amazon,2026-07-24,74.0,99.183,-0.859,-24.324
Amazon,2026-07-25,102.0,98.368,4.179,-0.546
Amazon,2026-07-26,102.0,97.765,6.808,-2.574
Amazon,2026-07-27,104.0,97.151,-0.706,7.555
Amazon,2026-07-28,75.0,96.498,4.289,-25.787
Amazon,2026-07-29,87.0,96.01,-5.336,-3.674
Amazon,2026-07-30,87.0,95.735,-6.678,-2.057
Amazon,2026-07-31,95.0,95.656,-1.013,0.357
Amazon,2026-08-01,94.0,95.893,-0.0,-1.893
Amazon,2026-08-02,99.0,96.693,5.365,-3.059
Amazon,2026-08-03,97.0,98.15,1.002,-2.152
Amazon,2026-08-04,107.0,100.533,6.801,-0.334
Amazon,2026-08-05,96.0,103.8,-5.055,-2.744
Amazon,2026-08-06,101.0,107.061,-3.814,-2.247
Amazon,2026-08-07,133.0,110.035,-1.633,24.598
Amazon,2026-08-08,136.0,112.607,-1.468,24.861
Amazon,2026-08-09,125.0,114.834,2.317,7.849
Amazon,2026-08-10,122.0,116.908,-1.672,6.764
Amazon,2026-08-11,129.0,118.566,9.068,1.365
Amazon,2026-08-12,120.0,118.448,-4.551,6.104
Amazon,2026-08-13,118.0,116.785,2.058,-0.843
Amazon,2026-08-14,113.0,115.124,-2.255,0.131
Amazon,2026-08-15,107.0,113.758,-0.826,-5.932
Amazon,2026-08-16,108.0,112.541,-1.243,-3.297
Amazon,2026-08-17,102.0,111.627,-4.951,-4.676
Amazon,2026-08-18,125.0,111.132,6.615,7.253
Amazon,2026-08-19,103.0,111.134,-2.924,-5.209
Amazon,2026-08-20,123.0,111.32,5.89,5.789
Amazon,2026-08-21,100.0,111.667,0.076,-11.743
Amazon,2026-08-22,117.0,112.22,0.952,3.828
Amazon,2026-08-23,140.0,112.893,-4.316,31.422
Amazon,2026-08-24,133.0,113.515,-6.055,25.539
Amazon,2026-08-25,113.0,113.986,3.704,-4.69
Amazon,2026-08-26,113.0,114.157,-2.791,1.635
Amazon,2026-08-27,124.0,113.974,6.694,3.331
Amazon,2026-08-28,123.0,113.225,2.729,7.046
Amazon,2026-08-29,120.0,112.3,1.964,5.737
Amazon,2026-08-30,101.0,111.368,-4.895,-5.473
Amazon,2026-08-31,100.0,110.25,-3.831,-6.419
Amazon,2026-09-01,106.0,108.989,1.358,-4.347
Amazon,2026-09-02,108.0,107.971,-5.765,5.793
Amazon,2026-09-03,111.0,107.464,3.238,0.298
Amazon,2026-09-04,137.0,107.454,6.243,23.302
Amazon,2026-09-05,105.0,107.606,1.519,-4.125
Amazon,2026-09-06,105.0,107.448,0.263,-2.711
Amazon,2026-09-07,109.0,106.913,-1.913,4.0
Amazon,2026-09-08,109.0,106.31,-1.258,3.949
Amazon,2026-09-09,100.0,105.812,-9.588,3.776
Amazon,2026-09-10,104.0,105.193,-0.852,-0.341
Amazon,2026-09-11,109.0,104.238,9.989,-5.227
Amazon,2026-09-12,101.0,102.952,0.873,-2.825
Amazon,2026-09-13,116.0,101.614,5.734,8.653
Amazon,2026-09-14,101.0,100.691,0.488,-0.179
Amazon,2026-09-15,96.0,99.725,-3.525,-0.2
Amazon,2026-09-16,79.0,98.725,-13.909,-5.816
Amazon,2026-09-17,92.0,97.712,-5.304,-0.408
Amazon,2026-09-18,113.0,96.706,13.419,2.876
Amazon,2026-09-19,99.0,95.719,0.111,3.17
Amazon,2026-09-20,104.0,94.749,11.759,-2.508
Meesho,2026-04-01,88.0,90.578,1.015,-3.593
Meesho,2026-04-02,90.0,91.379,0.937,-2.316
Meesho,2026-04-03,90.0,92.143,-5.824,3.681
Meesho,2026-04-04,112.0,92.89,10.492,8.618
Meesho,2026-04-05,81.0,93.631,-3.178,-9.453
Meesho,2026-04-06,103.0,94.352,3.977,4.671
Meesho,2026-04-07,84.0,95.034,-8.148,-2.885
Meesho,2026-04-08,104.0,95.509,0.963,7.528
Meesho,2026-04-09,98.0,95.964,1.545,0.491
Meesho,2026-04-10,87.0,96.418,-2.264,-7.154
Meesho,2026-04-11,96.0,96.799,5.217,-6.015
Meesho,2026-04-12,113.0,97.008,0.572,15.42
Meesho,2026-04-13,98.0,97.157,0.536,0.306
Meesho,2026-04-14,151.0,97.433,-7.216,60.783
Meesho,2026-04-15,96.0,97.844,1.015,-2.859
Meesho,2026-04-16,103.0,98.315,1.771,2.914
Meesho,2026-04-17,100.0,98.669,0.942,0.389
Meesho,2026-04-18,91.0,99.162,0.384,-8.546
Meesho,2026-04-19,110.0,100.029,4.307,5.665
Meesho,2026-04-20,83.0,100.926,-2.168,-15.758
Meesho,2026-04-21,108.0,101.437,-6.291,12.854
Meesho,2026-04-22,100.0,101.612,0.343,-1.956
Meesho,2026-04-23,108.0,101.614,1.773,4.613
Meesho,2026-04-24,112.0,101.514,4.424,6.061
Meesho,2026-04-25,100.0,101.22,-3.483,2.263
Meesho,2026-04-26,98.0,100.915,7.332,-10.247
Meesho,2026-04-27,93.0,100.644,-4.689,-2.955
Meesho,2026-04-28,89.0,100.686,-4.155,-7.531
Meesho,2026-04-29,108.0,101.074,-1.352,8.279
Meesho,2026-04-30,96.0,101.688,0.512,-6.2
Meesho,2026-05-01,111.0,102.281,5.663,3.056
Meesho,2026-05-02,99.0,102.661,-3.314,-0.346
Meesho,2026-05-03,117.0,102.741,5.829,8.43
Meesho,2026-05-04,108.0,102.764,-3.165,8.401
Meesho,2026-05-05,93.0,102.795,-3.555,-6.24
Meesho,2026-05-06,93.0,102.825,-0.846,-8.979
Meesho,2026-05-07,104.0,102.771,0.677,0.552
Meesho,2026-05-08,102.0,102.737,4.164,-4.901
Meesho,2026-05-09,103.0,102.991,-5.303,5.312
Meesho,2026-05-10,108.0,103.631,4.543,-0.174
Meesho,2026-05-11,102.0,104.165,-0.775,-1.39
Meesho,2026-05-12,110.0,104.354,-1.441,7.087
Meesho,2026-05-13,102.0,104.241,-0.017,-2.224
Meesho,2026-05-14,70.0,104.123,2.647,-36.771
Meesho,2026-05-15,109.0,104.111,0.999,3.89
Meesho,2026-05-16,91.0,104.226,-6.311,-6.914
Meesho,2026-05-17,106.0,104.306,0.266,1.428
Meesho,2026-05-18,97.0,104.393,1.522,-8.915
Meesho,2026-05-19,109.0,104.69,-0.164,4.473
Meesho,2026-05-20,112.0,105.237,3.658,3.105
Meesho,2026-05-21,111.0,105.937,3.811,1.252
Meesho,2026-05-22,104.0,106.669,-1.693,-0.975
Meesho,2026-05-23,98.0,107.277,-5.58,-3.697
Meesho,2026-05-24,102.0,107.686,-4.692,-0.994
Meesho,2026-05-25,120.0,107.862,5.043,7.095
Meesho,2026-05-26,104.0,107.748,-2.194,-1.554
Meesho,2026-05-27,114.0,107.25,7.397,-0.647
Meesho,2026-05-28,115.0,106.432,1.273,7.295
Meesho,2026-05-29,102.0,105.414,-4.252,0.838
Meesho,2026-05-30,107.0,104.017,-3.368,6.351
Meesho,2026-05-31,91.0,102.264,-3.12,-8.144
Meesho,2026-06-01,107.0,100.331,8.944,-2.275
Meesho,2026-06-02,92.0,98.44,-6.571,0.132
Meesho,2026-06-03,115.0,97.191,7.127,10.683
Meesho,2026-06-04,84.0,96.648,-1.263,-11.385
Meesho,2026-06-05,85.0,96.176,-4.758,-6.418
Meesho,2026-06-06,94.0,95.578,0.637,-2.215
Meesho,2026-06-07,120.0,95.03,-1.361,26.331
Meesho,2026-06-08,116.0,94.848,7.585,13.567
Meesho,2026-06-09,85.0,95.344,-8.511,-1.833
Meesho,2026-06-10,95.0,96.239,3.993,-5.232
Meesho,2026-06-11,89.0,96.965,0.246,-8.211
Meesho,2026-06-12,96.0,97.842,-3.8,1.958
Meesho,2026-06-13,100.0,99.392,3.963,-3.355
Meesho,2026-06-14,109.0,101.266,1.05,6.684
Meesho,2026-06-15,103.0,103.052,5.807,-5.859
Meesho,2026-06-16,131.0,104.316,-10.265,36.949
Meesho,2026-06-17,110.0,104.921,-2.799,7.877
Meesho,2026-06-18,116.0,105.079,4.337,6.584
Meesho,2026-06-19,104.0,104.925,-4.798,3.873
Meesho,2026-06-20,116.0,104.352,8.776,2.872
Meesho,2026-06-21,99.0,103.268,3.115,-7.383
Meesho,2026-06-22,100.0,101.974,4.623,-6.596
Meesho,2026-06-23,92.0,100.99,-11.815,2.825
Meesho,2026-06-24,84.0,100.509,-8.651,-7.858
Meesho,2026-06-25,125.0,100.356,6.318,18.326
Meesho,2026-06-26,131.0,100.501,-6.699,37.198
Meesho,2026-06-27,111.0,100.731,15.111,-4.842
Meesho,2026-06-28,103.0,100.871,4.56,-2.432
Meesho,2026-06-29,116.0,101.103,3.53,11.367
Meesho,2026-06-30,85.0,101.831,-11.737,-5.095
Meesho,2026-07-01,90.0,103.142,-13.008,-0.135
Meesho,2026-07-02,99.0,104.724,6.365,-12.088
Meesho,2026-07-03,92.0,106.176,-8.936,-5.24
Meesho,2026-07-04,138.0,107.664,17.255,13.081
Meesho,2026-07-05,121.0,109.594,7.724,3.682
Meesho,2026-07-06,114.0,112.06,1.482,0.458
Meesho,2026-07-07,101.0,114.648,-8.252,-5.396
Meesho,2026-07-08,99.0,117.005,-14.423,-3.581
Meesho,2026-07-09,126.0,118.99,7.218,-0.208
Meesho,2026-07-10,113.0,120.778,-10.876,3.097
Meesho,2026-07-11,142.0,122.558,15.706,3.736
Meesho,2026-07-12,136.0,123.721,9.803,2.476
Meesho,2026-07-13,122.0,123.781,-3.671,1.889
Meesho,2026-07-14,127.0,122.877,-4.254,8.378
Meesho,2026-07-15,111.0,121.089,-12.34,2.251
Meesho,2026-07-16,88.0,118.581,9.612,-40.193
Meesho,2026-07-17,108.0,115.56,-10.007,2.448
Meesho,2026-07-18,122.0,112.306,9.217,0.478
Meesho,2026-07-19,122.0,108.784,9.425,3.792
Meesho,2026-07-20,85.0,105.138,-7.444,-12.695
Meesho,2026-07-21,103.0,101.661,-0.983,2.322
Meesho,2026-07-22,84.0,98.932,-6.992,-7.94
Meesho,2026-07-23,122.0,97.148,9.81,15.042
Meesho,2026-07-24,76.0,96.188,-7.042,-13.146
Meesho,2026-07-25,93.0,95.802,2.659,-5.461
Meesho,2026-07-26,91.0,95.875,9.389,-14.264
Meesho,2026-07-27,96.0,96.158,-10.822,10.664
Meesho,2026-07-28,96.0,96.941,-0.624,-0.318
Meesho,2026-07-29,102.0,98.016,-0.725,4.708
Meesho,2026-07-30,102.0,99.098,7.877,-4.975
Meesho,2026-07-31,102.0,99.836,-5.588,7.751
Meesho,2026-08-01,94.0,100.185,-0.194,-5.991
Meesho,2026-08-02,119.0,100.532,8.903,9.564
Meesho,2026-08-03,84.0,101.282,-10.003,-7.279
Meesho,2026-08-04,97.0,102.154,-1.22,-3.935
Meesho,2026-08-05,109.0,102.953,3.252,2.795
Meesho,2026-08-06,97.0,103.822,1.919,-8.741
Meesho,2026-08-07,105.0,105.17,-4.568,4.398
Meesho,2026-08-08,121.0,107.063,-1.511,15.448
Meesho,2026-08-09,112.0,109.098,11.328,-8.426
Meesho,2026-08-10,97.0,110.646,-6.892,-6.754
Meesho,2026-08-11,113.0,111.788,1.832,-0.62
Meesho,2026-08-12,124.0,112.88,1.12,10.0
Meesho,2026-08-13,124.0,113.976,-3.05,13.074
Meesho,2026-08-14,104.0,114.806,-7.215,-3.591
Meesho,2026-08-15,103.0,115.036,-0.666,-11.37
Meesho,2026-08-16,132.0,115.02,13.445,3.535
Meesho,2026-08-17,121.0,115.071,-2.814,8.743
Meesho,2026-08-18,165.0,115.327,4.546,45.127
Meesho,2026-08-19,100.0,115.758,-2.102,-13.656
Meesho,2026-08-20,108.0,115.996,-3.688,-4.308
Meesho,2026-08-21,109.0,115.642,-11.637,4.995
Meesho,2026-08-22,122.0,114.615,-3.653,11.038
Meesho,2026-08-23,95.0,113.116,16.491,-34.607
Meesho,2026-08-24,115.0,111.171,2.167,1.662
Meesho,2026-08-25,123.0,109.153,6.604,7.243
Meesho,2026-08-26,103.0,106.959,-5.331,1.372
Meesho,2026-08-27,87.0,104.444,-1.63,-15.813
Meesho,2026-08-28,71.0,102.067,-12.495,-18.572
Meesho,2026-08-29,93.0,100.257,-6.537,-0.72
Meesho,2026-08-30,118.0,98.911,16.21,2.879
Meesho,2026-08-31,100.0,98.108,2.881,-0.989
Meesho,2026-09-01,100.0,98.025,3.056,-1.081
Meesho,2026-09-02,91.0,98.23,-4.604,-2.626
Meesho,2026-09-03,108.0,98.412,3.976,5.612
Meesho,2026-09-04,89.0,98.628,-12.522,2.894
Meesho,2026-09-05,82.0,98.51,-5.849,-10.661
Meesho,2026-09-06,156.0,97.999,13.623,44.378
Meesho,2026-09-07,106.0,97.192,2.319,6.49
Meesho,2026-09-08,126.0,96.236,-1.818,31.582
Meesho,2026-09-09,97.0,95.322,-4.188,5.866
Meesho,2026-09-10,102.0,94.65,10.511,-3.161
Meesho,2026-09-11,81.0,93.962,-12.327,-0.634
Meesho,2026-09-12,83.0,93.417,-4.456,-5.961
Meesho,2026-09-13,100.0,93.616,11.118,-4.733
Meesho,2026-09-14,91.0,95.594,1.421,-6.015
Meesho,2026-09-15,89.0,97.822,-7.379,-1.442
Meesho,2026-09-16,92.0,100.131,-3.694,-4.438
Meesho,2026-09-17,120.0,102.537,17.352,0.111
Meesho,2026-09-18,92.0,105.053,-11.933,-1.119
Meesho,2026-09-19,112.0,107.684,-2.526,6.842
Meesho,2026-09-20,120.0,110.43,8.387,1.183
Paytm,2026-04-01,72.0,45.368,26.648,-0.016
Paytm,2026-04-02,38.0,44.048,-7.324,1.276
Paytm,2026-04-03,37.0,42.752,-5.167,-0.585
Paytm,2026-04-04,42.0,41.483,1.829,-1.311
Paytm,2026-04-05,36.0,40.246,-7.96,3.713
Paytm,2026-04-06,32.0,39.051,-5.268,-1.783
Paytm,2026-04-07,36.0,37.891,-0.371,-1.521
Paytm,2026-04-08,23.0,36.757,19.995,-33.751
Paytm,2026-04-09,28.0,36.036,-4.993,-3.043
Paytm,2026-04-10,22.0,35.367,-3.009,-10.358
Paytm,2026-04-11,38.0,34.778,1.828,1.394
Paytm,2026-04-12,24.0,34.324,-7.329,-2.994
Paytm,2026-04-13,33.0,33.888,-3.366,2.478
Paytm,2026-04-14,35.0,33.291,-0.705,2.414
Paytm,2026-04-15,25.0,32.472,13.401,-20.874
Paytm,2026-04-16,29.0,31.484,-2.723,0.239
Paytm,2026-04-17,31.0,30.495,-0.833,1.338
Paytm,2026-04-18,31.0,29.516,1.55,-0.066
Paytm,2026-04-19,18.0,28.489,-6.473,-4.016
Paytm,2026-04-20,25.0,27.574,-1.433,-1.141
Paytm,2026-04-21,25.0,26.886,-0.888,-0.999
Paytm,2026-04-22,33.0,26.387,6.483,0.13
Paytm,2026-04-23,27.0,26.035,-0.379,1.344
Paytm,2026-04-24,26.0,25.787,1.343,-1.13
Paytm,2026-04-25,41.0,25.644,0.55,14.806
Paytm,2026-04-26,20.0,25.864,-5.548,-0.315
Paytm,2026-04-27,26.0,26.536,-0.125,-0.411
Paytm,2026-04-28,17.0,27.895,-1.446,-9.449
Paytm,2026-04-29,27.0,29.63,3.776,-6.407
Paytm,2026-04-30,22.0,31.626,0.16,-9.786
Paytm,2026-05-01,35.0,33.957,2.412,-1.369
Paytm,2026-05-02,22.0,36.459,-0.438,-14.021
Paytm,2026-05-03,37.0,39.179,-3.269,1.091
Paytm,2026-05-04,44.0,41.793,0.166,2.041
Paytm,2026-05-05,61.0,43.944,-1.078,18.134
Paytm,2026-05-06,57.0,45.618,2.211,9.17
Paytm,2026-05-07,49.0,46.95,-0.601,2.651
Paytm,2026-05-08,58.0,47.963,2.479,7.558
Paytm,2026-05-09,46.0,48.794,-2.17,-0.624
Paytm,2026-05-10,48.0,49.215,-1.311,0.097
Paytm,2026-05-11,46.0,49.324,1.289,-4.613
Paytm,2026-05-12,49.0,49.449,-0.205,-0.244
Paytm,2026-05-13,51.0,49.636,0.928,0.436
Paytm,2026-05-14,47.0,49.932,-2.653,-0.278
Paytm,2026-05-15,53.0,50.293,1.727,0.98
Paytm,2026-05-16,52.0,50.574,-0.433,1.859
Paytm,2026-05-17,50.0,50.621,0.231,-0.852
Paytm,2026-05-18,53.0,50.37,2.62,0.01
Paytm,2026-05-19,55.0,49.904,1.406,3.69
Paytm,2026-05-20,50.0,49.279,-1.019,1.74
Paytm,2026-05-21,43.0,48.456,-6.324,0.869
Paytm,2026-05-22,47.0,47.435,0.47,-0.905
Paytm,2026-05-23,47.0,46.255,1.602,-0.857
Paytm,2026-05-24,48.0,44.913,1.974,1.113
Paytm,2026-05-25,50.0,43.507,4.941,1.553
Paytm,2026-05-26,37.0,42.251,2.225,-7.477
Paytm,2026-05-27,37.0,41.591,-4.269,-0.322
Paytm,2026-05-28,31.0,41.376,-9.8,-0.576
Paytm,2026-05-29,34.0,41.031,0.563,-7.594
Paytm,2026-05-30,23.0,40.612,3.081,-20.693
Paytm,2026-05-31,27.0,40.285,2.453,-15.738
Paytm,2026-06-01,48.0,40.129,6.252,1.62
Paytm,2026-06-02,46.0,40.064,1.504,4.433
Paytm,2026-06-03,31.0,40.011,-4.198,-4.814
Paytm,2026-06-04,52.0,39.564,-9.859,22.295
Paytm,2026-06-05,40.0,38.666,0.834,0.5
Paytm,2026-06-06,43.0,37.676,3.397,1.926
Paytm,2026-06-07,41.0,36.892,1.651,2.456
Paytm,2026-06-08,41.0,36.332,6.616,-1.948
Paytm,2026-06-09,33.0,35.758,1.494,-4.252
Paytm,2026-06-10,50.0,35.057,-3.313,18.256
Paytm,2026-06-11,44.0,34.37,-10.426,20.056
Paytm,2026-06-12,37.0,33.863,1.582,1.554
Paytm,2026-06-13,37.0,33.632,3.235,0.133
Paytm,2026-06-14,32.0,33.691,-0.087,-1.604
Paytm,2026-06-15,29.0,33.814,6.317,-11.131
Paytm,2026-06-16,35.0,33.844,2.952,-1.797
Paytm,2026-06-17,34.0,33.9,-1.02,1.12
Paytm,2026-06-18,23.0,34.073,-11.691,0.618
Paytm,2026-06-19,37.0,34.34,0.703,1.957
Paytm,2026-06-20,34.0,34.515,2.413,-2.928
Paytm,2026-06-21,31.0,34.447,-2.421,-1.026
Paytm,2026-06-22,43.0,34.226,5.255,3.519
Paytm,2026-06-23,41.0,33.945,4.522,2.534
Paytm,2026-06-24,34.0,33.708,-0.631,0.923
Paytm,2026-06-25,25.0,33.543,-5.619,-2.924
Paytm,2026-06-26,30.0,33.399,-1.684,-1.715
Paytm,2026-06-27,35.0,33.342,1.716,-0.058
Paytm,2026-06-28,28.0,33.448,-3.242,-2.206
Paytm,2026-06-29,36.0,33.681,2.719,-0.399
Paytm,2026-06-30,41.0,33.969,5.771,1.26
Paytm,2026-07-01,51.0,34.263,-2.418,19.155
Paytm,2026-07-02,38.0,34.502,0.35,3.148
Paytm,2026-07-03,30.0,34.688,-3.69,-0.998
Paytm,2026-07-04,38.0,34.831,2.087,1.082
Paytm,2026-07-05,32.0,34.854,-2.24,-0.614
Paytm,2026-07-06,27.0,34.801,-0.002,-7.799
Paytm,2026-07-07,40.0,34.787,3.911,1.302
Paytm,2026-07-08,30.0,34.794,-3.405,-1.389
Paytm,2026-07-09,41.0,34.811,4.74,1.448
Paytm,2026-07-10,30.0,34.783,-3.933,-0.85
Paytm,2026-07-11,37.0,34.725,1.25,1.025
Paytm,2026-07-12,37.0,34.596,-0.624,3.028
Paytm,2026-07-13,31.0,34.356,-1.129,-2.227
Paytm,2026-07-14,25.0,33.923,1.554,-10.477
Paytm,2026-07-15,29.0,33.378,-3.667,-0.711
Paytm,2026-07-16,45.0,32.758,5.68,6.562
Paytm,2026-07-17,29.0,32.131,-3.015,-0.116
Paytm,2026-07-18,44.0,31.549,0.538,11.913
Paytm,2026-07-19,30.0,30.979,1.346,-2.325
Paytm,2026-07-20,32.0,30.264,-0.839,2.575
Paytm,2026-07-21,26.0,29.487,-0.827,-2.659
Paytm,2026-07-22,27.0,28.776,-2.936,1.161
Paytm,2026-07-23,33.0,28.303,4.208,0.489
Paytm,2026-07-24,26.0,28.052,-2.1,0.047
Paytm,2026-07-25,23.0,27.882,0.125,-5.007
Paytm,2026-07-26,30.0,27.803,3.108,-0.911
Paytm,2026-07-27,27.0,28.03,0.789,-1.819
Paytm,2026-07-28,27.0,28.575,-2.508,0.932
Paytm,2026-07-29,27.0,29.264,-3.0,0.736
Paytm,2026-07-30,28.0,29.945,2.244,-4.189
Paytm,2026-07-31,38.0,30.569,-2.056,9.488
Paytm,2026-08-01,36.0,31.113,-0.859,5.745
Paytm,2026-08-02,38.0,31.621,5.846,0.533
Paytm,2026-08-03,34.0,32.077,1.21,0.713
Paytm,2026-08-04,29.0,32.417,-2.042,-1.375
Paytm,2026-08-05,29.0,32.561,-3.382,-0.179
Paytm,2026-08-06,33.0,32.588,0.728,-0.316
Paytm,2026-08-07,31.0,32.532,-1.993,0.461
Paytm,2026-08-08,31.0,32.452,-1.414,-0.039
Paytm,2026-08-09,26.0,32.275,7.443,-13.718
Paytm,2026-08-10,36.0,31.99,1.005,3.005
Paytm,2026-08-11,31.0,31.706,-1.817,1.112
Paytm,2026-08-12,24.0,31.38,-2.997,-4.383
Paytm,2026-08-13,34.0,31.019,-0.305,3.286
Paytm,2026-08-14,22.0,30.702,-1.629,-7.073
Paytm,2026-08-15,26.0,30.465,-2.419,-2.046
Paytm,2026-08-16,42.0,30.361,8.229,3.411
Paytm,2026-08-17,27.0,30.419,0.568,-3.987
Paytm,2026-08-18,29.0,30.494,-1.127,-0.367
Paytm,2026-08-19,32.0,30.475,-2.1,3.625
Paytm,2026-08-20,28.0,30.322,-1.257,-1.065
Paytm,2026-08-21,32.0,29.993,-1.637,3.644
Paytm,2026-08-22,37.0,29.551,-2.98,10.429
Paytm,2026-08-23,34.0,29.084,8.082,-3.166
Paytm,2026-08-24,31.0,28.712,-1.443,3.731
Paytm,2026-08-25,26.0,28.558,-0.328,-2.23
Paytm,2026-08-26,25.0,28.72,-0.494,-3.226
Paytm,2026-08-27,24.0,29.407,-2.264,-3.143
Paytm,2026-08-28,26.0,30.695,0.823,-5.518
Paytm,2026-08-29,29.0,32.298,-3.225,-0.073
Paytm,2026-08-30,41.0,34.214,5.881,0.905
Paytm,2026-08-31,31.0,36.557,-1.653,-3.904
Paytm,2026-09-01,41.0,39.158,0.321,1.522
Paytm,2026-09-02,44.0,41.823,0.729,1.448
Paytm,2026-09-03,42.0,44.752,-1.061,-1.691
Paytm,2026-09-04,67.0,48.272,3.306,15.422
Paytm,2026-09-05,64.0,51.478,-3.782,16.303
Paytm,2026-09-06,64.0,54.494,-1.283,10.789
Paytm,2026-09-07,79.0,57.447,-1.627,23.18
Paytm,2026-09-08,76.0,60.556,1.472,13.971
Paytm,2026-09-09,67.0,65.291,2.348,-0.639
Paytm,2026-09-10,68.0,65.783,0.433,1.784
Paytm,2026-09-11,73.0,63.556,5.56,3.884
Paytm,2026-09-12,80.0,61.113,-4.179,23.067
Paytm,2026-09-13,71.0,58.525,-6.607,19.083
Paytm,2026-09-14,55.0,55.599,-1.801,1.201
Paytm,2026-09-15,55.0,52.634,2.402,-0.035
Paytm,2026-09-16,54.0,49.634,3.766,0.599
Paytm,2026-09-17,49.0,46.603,2.017,0.38
Paytm,2026-09-18,50.0,43.542,7.817,-1.359
Paytm,2026-09-19,36.0,40.455,-4.725,0.269
Paytm,2026-09-20,25.0,37.349,-12.126,-0.222
PhonePe,2026-04-01,83.0,76.065,3.495,3.44
PhonePe,2026-04-02,57.0,72.72,-11.119,-4.601
PhonePe,2026-04-03,81.0,69.413,9.309,2.278
PhonePe,2026-04-04,73.0,66.153,2.793,4.054
PhonePe,2026-04-05,53.0,62.95,-6.246,-3.704
PhonePe,2026-04-06,59.0,59.8,1.141,-1.941
PhonePe,2026-04-07,54.0,56.702,0.531,-3.233
PhonePe,2026-04-08,54.0,53.709,2.083,-1.793
PhonePe,2026-04-09,47.0,51.733,-8.488,3.755
PhonePe,2026-04-10,49.0,50.38,7.223,-8.603
PhonePe,2026-04-11,47.0,49.488,2.887,-5.375
PhonePe,2026-04-12,46.0,48.909,-4.284,1.375
PhonePe,2026-04-13,85.0,48.501,1.372,35.127
PhonePe,2026-04-14,53.0,48.369,-1.091,5.723
PhonePe,2026-04-15,40.0,48.588,1.134,-9.722
PhonePe,2026-04-16,43.0,48.962,-6.076,0.113
PhonePe,2026-04-17,59.0,49.136,5.154,4.709
PhonePe,2026-04-18,46.0,49.105,2.968,-6.073
PhonePe,2026-04-19,49.0,49.012,-2.591,2.579
PhonePe,2026-04-20,55.0,48.981,1.579,4.439
PhonePe,2026-04-21,45.0,48.939,-2.436,-1.503
PhonePe,2026-04-22,48.0,48.577,0.273,-0.851
PhonePe,2026-04-23,45.0,47.89,-4.515,1.625
PhonePe,2026-04-24,48.0,47.094,3.809,-2.904
PhonePe,2026-04-25,56.0,46.301,3.007,6.692
PhonePe,2026-04-26,46.0,45.639,-1.473,1.834
PhonePe,2026-04-27,42.0,45.18,1.833,-5.012
PhonePe,2026-04-28,33.0,44.794,-4.343,-7.451
PhonePe,2026-04-29,49.0,44.579,2.065,2.356
PhonePe,2026-04-30,41.0,44.745,-4.802,1.056
PhonePe,2026-05-01,44.0,45.298,4.753,-6.051
PhonePe,2026-05-02,52.0,46.087,3.135,2.777
PhonePe,2026-05-03,41.0,46.921,-1.713,-4.208
PhonePe,2026-05-04,50.0,47.506,0.675,1.819
PhonePe,2026-05-05,49.0,47.941,-5.515,6.574
PhonePe,2026-05-06,55.0,48.329,3.265,3.405
PhonePe,2026-05-07,37.0,48.525,-4.034,-7.491
PhonePe,2026-05-08,60.0,48.448,5.301,6.25
PhonePe,2026-05-09,44.0,48.37,1.981,-6.351
PhonePe,2026-05-10,49.0,48.426,-3.014,3.589
PhonePe,2026-05-11,48.0,48.757,1.042,-1.799
PhonePe,2026-05-12,41.0,49.3,-3.941,-4.358
PhonePe,2026-05-13,48.0,49.788,3.118,-4.906
PhonePe,2026-05-14,54.0,50.077,-3.253,7.176
PhonePe,2026-05-15,60.0,50.297,5.559,4.144
PhonePe,2026-05-16,53.0,50.221,0.211,2.568
PhonePe,2026-05-17,47.0,49.685,-4.463,1.778
PhonePe,2026-05-18,52.0,48.584,2.474,0.943
PhonePe,2026-05-19,44.0,46.987,-2.968,-0.019
PhonePe,2026-05-20,53.0,45.204,1.086,6.71
PhonePe,2026-05-21,38.0,43.626,-0.279,-5.347
PhonePe,2026-05-22,40.0,42.422,4.179,-6.601
PhonePe,2026-05-23,41.0,41.72,-0.434,-0.286
PhonePe,2026-05-24,32.0,41.516,-5.724,-3.792
PhonePe,2026-05-25,43.0,41.711,4.749,-3.459
PhonePe,2026-05-26,55.0,42.265,-2.581,15.317
PhonePe,2026-05-27,40.0,43.142,0.69,-3.832
PhonePe,2026-05-28,48.0,43.949,1.411,2.64
PhonePe,2026-05-29,49.0,44.531,1.515,2.955
PhonePe,2026-05-30,45.0,44.956,-1.841,1.885
PhonePe,2026-05-31,37.0,45.151,-5.937,-2.214
PhonePe,2026-06-01,57.0,45.198,5.912,5.89
PhonePe,2026-06-02,39.0,45.277,-1.695,-4.582
PhonePe,2026-06-03,42.0,45.356,1.548,-4.903
PhonePe,2026-06-04,51.0,45.597,2.3,3.103
PhonePe,2026-06-05,45.0,46.112,0.235,-1.348
PhonePe,2026-06-06,41.0,46.718,-3.978,-1.739
PhonePe,2026-06-07,44.0,47.267,-3.811,0.545
PhonePe,2026-06-08,54.0,47.743,6.236,0.021
PhonePe,2026-06-09,48.0,48.111,-3.227,3.116
PhonePe,2026-06-10,57.0,48.412,1.0,7.589
PhonePe,2026-06-11,45.0,48.804,3.741,-7.545
PhonePe,2026-06-12,48.0,49.263,-0.616,-0.647
PhonePe,2026-06-13,44.0,49.981,-3.63,-2.352
PhonePe,2026-06-14,49.0,51.013,-1.993,-0.02
PhonePe,2026-06-15,43.0,52.561,6.177,-15.738
PhonePe,2026-06-16,50.0,54.647,-5.382,0.735
PhonePe,2026-06-17,87.0,56.055,0.88,30.065
PhonePe,2026-06-18,64.0,56.455,3.564,3.981
PhonePe,2026-06-19,90.0,56.735,0.885,32.38
PhonePe,2026-06-20,78.0,57.153,-2.718,23.565
PhonePe,2026-06-21,72.0,57.309,-1.999,16.69
PhonePe,2026-06-22,66.0,57.006,4.553,4.442
PhonePe,2026-06-23,46.0,56.013,-6.414,-3.598
PhonePe,2026-06-24,49.0,54.621,0.642,-6.264
PhonePe,2026-06-25,59.0,53.168,2.67,3.162
PhonePe,2026-06-26,51.0,51.956,3.978,-4.933
PhonePe,2026-06-27,53.0,51.054,-2.497,4.443
PhonePe,2026-06-28,45.0,50.569,-1.94,-3.629
PhonePe,2026-06-29,55.0,50.413,2.47,2.117
PhonePe,2026-06-30,40.0,50.375,-5.186,-5.189
PhonePe,2026-07-01,52.0,50.371,0.89,0.739
PhonePe,2026-07-02,49.0,50.554,1.232,-2.787
PhonePe,2026-07-03,62.0,50.961,6.741,4.298
PhonePe,2026-07-04,47.0,51.537,-3.148,-1.388
PhonePe,2026-07-05,49.0,52.172,-2.72,-0.452
PhonePe,2026-07-06,49.0,52.679,-1.105,-2.574
PhonePe,2026-07-07,53.0,53.049,-1.678,1.629
PhonePe,2026-07-08,69.0,53.259,2.007,13.734
PhonePe,2026-07-09,48.0,53.43,1.033,-6.463
PhonePe,2026-07-10,73.0,53.602,6.599,12.8
PhonePe,2026-07-11,44.0,53.689,-3.897,-5.791
PhonePe,2026-07-12,56.0,53.47,-3.97,6.5
PhonePe,2026-07-13,44.0,52.925,-2.903,-6.022
PhonePe,2026-07-14,59.0,52.117,2.142,4.741
PhonePe,2026-07-15,53.0,51.182,1.408,0.411
PhonePe,2026-07-16,58.0,50.028,2.219,5.753
PhonePe,2026-07-17,49.0,48.709,4.648,-4.357
PhonePe,2026-07-18,46.0,47.23,-3.811,2.581
PhonePe,2026-07-19,36.0,45.799,-4.28,-5.519
PhonePe,2026-07-20,46.0,44.508,-3.157,4.649
PhonePe,2026-07-21,46.0,43.463,4.828,-2.292
PhonePe,2026-07-22,37.0,42.646,-0.237,-5.409
PhonePe,2026-07-23,45.0,42.045,4.062,-1.107
PhonePe,2026-07-24,43.0,41.618,0.676,0.706
PhonePe,2026-07-25,42.0,41.462,-2.729,3.267
PhonePe,2026-07-26,35.0,41.436,-4.868,-1.568
PhonePe,2026-07-27,38.0,41.462,-1.286,-2.176
PhonePe,2026-07-28,48.0,41.554,5.23,1.216
PhonePe,2026-07-29,40.0,41.752,-0.022,-1.73
PhonePe,2026-07-30,50.0,42.183,2.758,5.059
PhonePe,2026-07-31,37.0,42.85,0.061,-5.911
PhonePe,2026-08-01,35.0,43.565,-2.181,-6.384
PhonePe,2026-08-02,44.0,44.265,-5.667,5.402
PhonePe,2026-08-03,44.0,45.036,0.19,-1.226
PhonePe,2026-08-04,53.0,45.87,4.554,2.576
PhonePe,2026-08-05,51.0,46.668,1.754,2.578
PhonePe,2026-08-06,44.0,47.216,0.968,-4.183
PhonePe,2026-08-07,50.0,47.301,0.856,1.843
PhonePe,2026-08-08,50.0,46.997,-2.759,5.761
PhonePe,2026-08-09,40.0,46.503,-6.05,-0.453
PhonePe,2026-08-10,50.0,45.732,1.084,3.184
PhonePe,2026-08-11,46.0,44.648,3.864,-2.512
PhonePe,2026-08-12,48.0,43.351,2.629,2.02
PhonePe,2026-08-13,40.0,42.056,-1.123,-0.933
PhonePe,2026-08-14,45.0,41.084,2.001,1.915
PhonePe,2026-08-15,34.0,40.558,-2.606,-3.952
PhonePe,2026-08-16,26.0,40.353,-5.637,-8.715
PhonePe,2026-08-17,42.0,40.433,2.506,-0.938
PhonePe,2026-08-18,43.0,40.684,3.793,-1.478
PhonePe,2026-08-19,44.0,41.003,1.205,1.792
PhonePe,2026-08-20,43.0,41.306,-2.497,4.191
PhonePe,2026-08-21,44.0,41.446,2.493,0.061
PhonePe,2026-08-22,43.0,41.218,-4.334,6.115
PhonePe,2026-08-23,39.0,40.717,-3.663,1.947
PhonePe,2026-08-24,41.0,40.168,4.044,-3.213
PhonePe,2026-08-25,44.0,39.816,5.244,-1.06
PhonePe,2026-08-26,36.0,39.844,-0.713,-3.13
PhonePe,2026-08-27,31.0,40.323,-1.468,-7.855
PhonePe,2026-08-28,42.0,41.09,2.098,-1.188
PhonePe,2026-08-29,33.0,41.959,-6.042,-2.916
PhonePe,2026-08-30,44.0,42.939,-5.549,6.61
PhonePe,2026-08-31,53.0,44.079,6.247,2.674
PhonePe,2026-09-01,61.0,45.14,3.008,12.853
PhonePe,2026-09-02,43.0,45.669,0.644,-3.313
PhonePe,2026-09-03,46.0,45.792,2.898,-2.69
PhonePe,2026-09-04,49.0,45.572,1.142,2.287
PhonePe,2026-09-05,66.0,45.095,-3.404,24.309
PhonePe,2026-09-06,65.0,44.658,-14.61,34.953
PhonePe,2026-09-07,52.0,44.449,8.885,-1.334
PhonePe,2026-09-08,49.0,44.593,0.556,3.851
PhonePe,2026-09-09,43.0,44.875,2.771,-4.646
PhonePe,2026-09-10,50.0,45.735,8.054,-3.789
PhonePe,2026-09-11,46.0,47.887,0.28,-2.167
PhonePe,2026-09-12,41.0,50.934,-1.276,-8.658
PhonePe,2026-09-13,34.0,54.417,-23.24,2.823
PhonePe,2026-09-14,33.0,58.733,11.514,-37.247
PhonePe,2026-09-15,50.0,62.714,-2.315,-10.399
PhonePe,2026-09-16,76.0,66.675,5.239,4.085
PhonePe,2026-09-17,88.0,70.693,13.73,3.577
PhonePe,2026-09-18,196.0,74.768,-0.775,122.007
PhonePe,2026-09-19,84.0,78.877,0.962,4.161
PhonePe,2026-09-20,45.0,82.995,-32.384,-5.611
Google Pay,2026-04-01,42.0,26.771,16.627,-1.398
Google Pay,2026-04-02,23.0,27.911,-5.127,0.216
Google Pay,2026-04-03,34.0,29.005,7.815,-2.82
Google Pay,2026-04-04,34.0,30.047,2.139,1.814
Google Pay,2026-04-05,24.0,31.041,-9.461,2.42
Google Pay,2026-04-06,28.0,31.988,-4.807,0.819
Google Pay,2026-04-07,28.0,32.882,-4.078,-0.804
Google Pay,2026-04-08,50.0,33.652,12.012,4.336
Google Pay,2026-04-09,75.0,33.804,-3.388,44.584
Google Pay,2026-04-10,45.0,33.733,7.599,3.668
Google Pay,2026-04-11,34.0,33.478,-0.057,0.578
Google Pay,2026-04-12,22.0,33.007,-8.627,-2.38
Google Pay,2026-04-13,64.0,32.104,-2.056,33.951
Google Pay,2026-04-14,30.0,30.945,-2.427,1.482
Google Pay,2026-04-15,23.0,29.806,7.513,-14.319
Google Pay,2026-04-16,28.0,28.764,-1.65,0.886
Google Pay,2026-04-17,22.0,27.903,7.124,-13.027
Google Pay,2026-04-18,19.0,27.25,-1.952,-6.298
Google Pay,2026-04-19,19.0,26.833,-7.719,-0.114
Google Pay,2026-04-20,25.0,26.685,0.61,-2.294
Google Pay,2026-04-21,16.0,27.005,-0.887,-10.119
Google Pay,2026-04-22,27.0,27.906,2.735,-3.641
Google Pay,2026-04-23,28.0,29.31,0.163,-1.473
Google Pay,2026-04-24,42.0,30.898,7.204,3.897
Google Pay,2026-04-25,26.0,32.516,-3.957,-2.56
Google Pay,2026-04-26,42.0,34.132,-6.469,14.338
Google Pay,2026-04-27,42.0,35.56,3.253,3.187
Google Pay,2026-04-28,38.0,36.724,0.9,0.376
Google Pay,2026-04-29,40.0,37.612,-1.963,4.352
Google Pay,2026-04-30,42.0,38.101,1.577,2.322
Google Pay,2026-05-01,41.0,38.053,3.417,-0.47
Google Pay,2026-05-02,36.0,37.418,-2.979,1.562
Google Pay,2026-05-03,32.0,36.32,-4.152,-0.168
Google Pay,2026-05-04,43.0,34.927,5.156,2.916
Google Pay,2026-05-05,37.0,33.487,0.893,2.62
Google Pay,2026-05-06,25.0,32.105,-3.965,-3.14
Google Pay,2026-05-07,22.0,30.733,2.82,-11.553
Google Pay,2026-05-08,25.0,29.357,-0.087,-4.271
Google Pay,2026-05-09,28.0,28.031,-0.635,0.604
Google Pay,2026-05-10,25.0,26.855,-1.474,-0.381
Google Pay,2026-05-11,30.0,26.053,4.284,-0.338
Google Pay,2026-05-12,24.0,25.612,-0.374,-1.238
Google Pay,2026-05-13,20.0,25.296,-5.375,0.079
Google Pay,2026-05-14,28.0,25.019,1.677,1.304
Google Pay,2026-05-15,20.0,24.826,-0.789,-4.037
Google Pay,2026-05-16,26.0,24.731,0.319,0.95
Google Pay,2026-05-17,26.0,24.432,0.867,0.701
Google Pay,2026-05-18,294.0,23.804,1.199,268.997
Google Pay,2026-05-19,120.0,23.117,4.541,92.342
Google Pay,2026-05-20,57.0,22.47,-5.839,40.369
Google Pay,2026-05-21,42.0,21.88,-0.933,21.053
Google Pay,2026-05-22,23.0,21.231,-0.717,2.486
Google Pay,2026-05-23,19.0,20.368,-0.153,-1.215
Google Pay,2026-05-24,21.0,19.498,2.299,-0.796
Google Pay,2026-05-25,17.0,19.269,-0.113,-2.155
Google Pay,2026-05-26,15.0,19.475,6.442,-10.917
Google Pay,2026-05-27,12.0,19.875,-5.178,-2.697
Google Pay,2026-05-28,12.0,20.364,-3.314,-5.05
Google Pay,2026-05-29,22.0,20.902,-0.294,1.393
Google Pay,2026-05-30,22.0,21.495,-1.619,2.124
Google Pay,2026-05-31,28.0,22.083,2.124,3.792
Google Pay,2026-06-01,13.0,22.501,-0.599,-8.902
Google Pay,2026-06-02,35.0,22.754,10.842,1.404
Google Pay,2026-06-03,19.0,22.856,-4.216,0.36
Google Pay,2026-06-04,18.0,22.817,-4.817,-0.0
Google Pay,2026-06-05,20.0,22.871,-0.957,-1.914
Google Pay,2026-06-06,18.0,23.195,-2.23,-2.965
Google Pay,2026-06-07,24.0,23.715,1.793,-1.508
Google Pay,2026-06-08,29.0,24.253,0.358,4.388
Google Pay,2026-06-09,27.0,24.813,7.071,-4.884
Google Pay,2026-06-10,27.0,25.397,-2.21,3.813
Google Pay,2026-06-11,25.0,25.981,-1.797,0.816
Google Pay,2026-06-12,26.0,26.408,-2.227,1.819
Google Pay,2026-06-13,24.0,26.595,-2.19,-0.404
Google Pay,2026-06-14,28.0,26.544,0.69,0.766
Google Pay,2026-06-15,26.0,26.376,1.549,-1.926
Google Pay,2026-06-16,33.0,26.084,3.578,3.339
Google Pay,2026-06-17,23.0,25.673,-0.238,-2.436
Google Pay,2026-06-18,33.0,25.109,0.262,7.629
Google Pay,2026-06-19,21.0,24.459,-2.695,-0.764
Google Pay,2026-06-20,28.0,23.734,-2.169,6.435
Google Pay,2026-06-21,23.0,22.958,-0.19,0.232
Google Pay,2026-06-22,24.0,22.154,1.248,0.598
Google Pay,2026-06-23,19.0,21.409,1.629,-4.038
Google Pay,2026-06-24,22.0,20.815,0.936,0.249
Google Pay,2026-06-25,20.0,20.497,1.732,-2.229
Google Pay,2026-06-26,16.0,20.475,-2.203,-2.272
Google Pay,2026-06-27,18.0,20.727,-2.267,-0.46
Google Pay,2026-06-28,19.0,21.128,-0.05,-2.079
Google Pay,2026-06-29,25.0,21.511,0.252,3.237
Google Pay,2026-06-30,22.0,21.658,-0.041,0.383
Google Pay,2026-07-01,26.0,21.568,1.866,2.566
Google Pay,2026-07-02,28.0,21.386,1.605,5.009
Google Pay,2026-07-03,20.0,21.138,-1.046,-0.092
Google Pay,2026-07-04,11.0,20.786,-2.329,-7.457
Google Pay,2026-07-05,20.0,20.387,0.991,-1.379
Google Pay,2026-07-06,16.0,20.067,-0.69,-3.378
Google Pay,2026-07-07,20.0,19.961,-1.426,1.465
Google Pay,2026-07-08,21.0,20.166,2.103,-1.269
Google Pay,2026-07-09,20.0,20.546,1.873,-2.419
Google Pay,2026-07-10,25.0,20.973,-0.37,4.397
Google Pay,2026-07-11,19.0,21.362,-1.578,-0.784
Google Pay,2026-07-12,28.0,21.618,1.691,4.691
Google Pay,2026-07-13,20.0,21.716,-2.127,0.411
Google Pay,2026-07-14,17.0,21.686,-1.767,-2.919
Google Pay,2026-07-15,25.0,21.449,1.147,2.404
Google Pay,2026-07-16,45.0,20.983,2.09,21.928
Google Pay,2026-07-17,20.0,20.38,-0.585,0.205
Google Pay,2026-07-18,21.0,19.704,0.599,0.697
Google Pay,2026-07-19,22.0,19.011,1.543,1.446
Google Pay,2026-07-20,16.0,18.245,-2.555,0.31
Google Pay,2026-07-21,15.0,17.377,-1.513,-0.864
Google Pay,2026-07-22,14.0,16.515,0.577,-3.092
Google Pay,2026-07-23,19.0,15.749,1.375,1.876
Google Pay,2026-07-24,12.0,15.137,-1.62,-1.517
Google Pay,2026-07-25,18.0,14.715,2.675,0.611
Google Pay,2026-07-26,13.0,14.562,0.112,-1.674
Google Pay,2026-07-27,10.0,14.693,-1.959,-2.733
Google Pay,2026-07-28,15.0,14.985,0.002,0.013
Google Pay,2026-07-29,16.0,15.382,0.346,0.272
Google Pay,2026-07-30,27.0,15.893,0.774,10.333
Google Pay,2026-07-31,13.0,16.453,-2.083,-1.37
Google Pay,2026-08-01,23.0,17.025,2.475,3.5
Google Pay,2026-08-02,15.0,17.571,-1.181,-1.39
Google Pay,2026-08-03,18.0,18.066,-1.005,0.939
Google Pay,2026-08-04,21.0,18.539,1.695,0.766
Google Pay,2026-08-05,19.0,18.995,0.956,-0.952
Google Pay,2026-08-06,17.0,19.446,-0.765,-1.681
Google Pay,2026-08-07,19.0,19.901,-1.247,0.346
Google Pay,2026-08-08,22.0,20.323,0.462,1.215
Google Pay,2026-08-09,19.0,20.611,-1.631,0.02
Google Pay,2026-08-10,21.0,20.76,0.435,-0.195
Google Pay,2026-08-11,25.0,20.839,2.024,2.137
Google Pay,2026-08-12,25.0,20.86,1.307,2.834
Google Pay,2026-08-13,19.0,20.778,-0.879,-0.899
Google Pay,2026-08-14,20.0,20.525,0.694,-1.219
Google Pay,2026-08-15,15.0,20.087,-2.259,-2.828
Google Pay,2026-08-16,21.0,19.523,-2.553,4.031
Google Pay,2026-08-17,22.0,18.935,0.951,2.114
Google Pay,2026-08-18,20.0,18.414,0.884,0.703
Google Pay,2026-08-19,18.0,17.958,1.755,-1.713
Google Pay,2026-08-20,18.0,17.47,2.053,-1.523
Google Pay,2026-08-21,20.0,16.944,2.623,0.433
Google Pay,2026-08-22,11.0,16.618,-4.876,-0.741
Google Pay,2026-08-23,11.0,16.655,-4.197,-1.458
Google Pay,2026-08-24,17.0,16.948,0.906,-0.854
Google Pay,2026-08-25,15.0,17.35,-1.628,-0.722
Google Pay,2026-08-26,13.0,17.827,3.576,-8.403
Google Pay,2026-08-27,24.0,18.415,4.641,0.944
Google Pay,2026-08-28,24.0,19.133,4.185,0.681
Google Pay,2026-08-29,14.0,20.007,-6.16,0.154
Google Pay,2026-08-30,14.0,21.012,-5.114,-1.897
Google Pay,2026-08-31,21.0,22.114,-0.124,-0.99
Google Pay,2026-09-01,19.0,23.321,-4.896,0.575
Google Pay,2026-09-02,29.0,24.578,8.354,-3.932
Google Pay,2026-09-03,36.0,25.479,5.36,5.162
Google Pay,2026-09-04,31.0,26.048,3.549,1.404
Google Pay,2026-09-05,42.0,26.589,-7.498,22.909
Google Pay,2026-09-06,38.0,27.097,-3.991,14.894
Google Pay,2026-09-07,31.0,27.482,-1.505,5.023
Google Pay,2026-09-08,19.0,27.67,-8.197,-0.473
Google Pay,2026-09-09,39.0,27.565,13.338,-1.903
Google Pay,2026-09-10,33.0,27.341,6.045,-0.387
Google Pay,2026-09-11,21.0,27.231,2.95,-9.181
Google Pay,2026-09-12,19.0,27.334,-8.875,0.541
Google Pay,2026-09-13,24.0,27.527,-3.053,-0.474
Google Pay,2026-09-14,23.0,27.851,-2.88,-1.972
Google Pay,2026-09-15,36.0,28.204,-11.561,19.357
Google Pay,2026-09-16,51.0,28.577,18.775,3.648
Google Pay,2026-09-17,34.0,28.964,6.454,-1.417
Google Pay,2026-09-18,31.0,29.356,2.193,-0.549
Google Pay,2026-09-19,19.0,29.752,-10.293,-0.458
Google Pay,2026-09-20,29.0,30.15,-1.971,0.822
