app_name,day,origin,horizon,actual,forecast,lower_95,upper_95,alert_direction,absolute_error
Myntra,2026-06-24,2026-06-23,1,40.0,57.74,42.45,73.02,Below 95% interval,17.740000000000002
Meesho,2026-06-26,2026-06-23,3,131.0,101.93,78.83,125.03,Above 95% interval,29.069999999999993
Myntra,2026-06-26,2026-06-23,3,35.0,57.04,40.6,73.48,Below 95% interval,22.04
Myntra,2026-07-01,2026-06-23,8,25.0,55.56,37.23,73.89,Below 95% interval,30.560000000000002
Myntra,2026-07-01,2026-06-30,1,25.0,44.08,28.47,59.69,Below 95% interval,19.08
Swiggy,2026-07-02,2026-06-23,9,107.0,158.35,111.0,205.7,Below 95% interval,51.349999999999994
Swiggy,2026-07-02,2026-06-30,2,107.0,156.61,110.71,202.51,Below 95% interval,49.610000000000014
Blinkit,2026-07-03,2026-06-30,3,329.0,219.1,145.88,292.32,Above 95% interval,109.9
Myntra,2026-07-03,2026-06-23,10,33.0,55.06,36.23,73.9,Below 95% interval,22.060000000000002
Amazon,2026-07-04,2026-06-23,11,142.0,97.99,74.62,121.36,Above 95% interval,44.010000000000005
Amazon,2026-07-04,2026-06-30,4,142.0,97.79,75.11,120.47,Above 95% interval,44.209999999999994
Flipkart,2026-07-04,2026-06-23,11,451.0,266.92,206.83,327.0,Above 95% interval,184.07999999999998
Flipkart,2026-07-04,2026-06-30,4,451.0,263.95,209.97,317.94,Above 95% interval,187.05
Meesho,2026-07-04,2026-06-23,11,138.0,101.93,78.83,125.03,Above 95% interval,36.06999999999999
Meesho,2026-07-04,2026-06-30,4,138.0,102.38,78.15,126.62,Above 95% interval,35.620000000000005
Flipkart,2026-07-05,2026-06-23,12,396.0,267.38,207.02,327.75,Above 95% interval,128.62
Flipkart,2026-07-05,2026-06-30,5,396.0,264.6,209.46,319.73,Above 95% interval,131.39999999999998
Flipkart,2026-07-06,2026-06-23,13,338.0,267.8,207.21,328.4,Above 95% interval,70.19999999999999
Flipkart,2026-07-06,2026-06-30,6,338.0,265.19,209.12,321.26,Above 95% interval,72.81
Flipkart,2026-07-07,2026-06-23,14,349.0,268.19,207.41,328.97,Above 95% interval,80.81
Flipkart,2026-07-07,2026-06-30,7,349.0,265.72,208.89,322.55,Above 95% interval,83.27999999999997
Flipkart,2026-07-08,2026-06-30,8,324.0,266.21,208.76,323.66,Above 95% interval,57.79000000000002
Flipkart,2026-07-09,2026-06-23,16,366.0,268.85,207.79,329.91,Above 95% interval,97.14999999999998
Flipkart,2026-07-09,2026-06-30,9,366.0,266.65,208.69,324.61,Above 95% interval,99.35000000000002
Meesho,2026-07-09,2026-06-23,16,126.0,101.93,78.83,125.03,Above 95% interval,24.069999999999993
PhonePe,2026-07-10,2026-07-07,3,73.0,51.56,30.32,72.81,Above 95% interval,21.439999999999998
Amazon,2026-07-11,2026-06-23,18,123.0,97.99,74.62,121.36,Above 95% interval,25.010000000000005
Amazon,2026-07-11,2026-06-30,11,123.0,97.79,75.11,120.47,Above 95% interval,25.209999999999994
Amazon,2026-07-11,2026-07-07,4,123.0,98.82,74.84,122.8,Above 95% interval,24.180000000000007
Flipkart,2026-07-11,2026-06-23,18,370.0,269.4,208.15,330.65,Above 95% interval,100.60000000000002
Flipkart,2026-07-11,2026-06-30,11,370.0,267.42,208.7,326.14,Above 95% interval,102.57999999999998
Meesho,2026-07-11,2026-06-23,18,142.0,101.93,78.83,125.03,Above 95% interval,40.06999999999999
Meesho,2026-07-11,2026-06-30,11,142.0,102.38,78.15,126.62,Above 95% interval,39.620000000000005
Meesho,2026-07-11,2026-07-07,4,142.0,102.78,77.79,127.76,Above 95% interval,39.22
Flipkart,2026-07-12,2026-06-23,19,344.0,269.63,208.31,330.95,Above 95% interval,74.37
Flipkart,2026-07-12,2026-06-30,12,344.0,267.76,208.75,326.76,Above 95% interval,76.24000000000001
Meesho,2026-07-12,2026-06-23,19,136.0,101.93,78.83,125.03,Above 95% interval,34.06999999999999
Meesho,2026-07-12,2026-06-30,12,136.0,102.38,78.15,126.62,Above 95% interval,33.620000000000005
Meesho,2026-07-12,2026-07-07,5,136.0,102.78,77.79,127.76,Above 95% interval,33.22
Amazon,2026-07-13,2026-06-23,20,137.0,97.99,74.62,121.36,Above 95% interval,39.010000000000005
Amazon,2026-07-13,2026-06-30,13,137.0,97.79,75.11,120.47,Above 95% interval,39.209999999999994
Amazon,2026-07-13,2026-07-07,6,137.0,98.82,74.84,122.8,Above 95% interval,38.18000000000001
Flipkart,2026-07-13,2026-06-23,20,347.0,269.85,208.47,331.23,Above 95% interval,77.14999999999998
Flipkart,2026-07-13,2026-06-30,13,347.0,268.06,208.82,327.3,Above 95% interval,78.94
Flipkart,2026-07-14,2026-06-30,14,328.0,268.33,208.91,327.76,Above 95% interval,59.670000000000016
Meesho,2026-07-14,2026-06-23,21,127.0,101.93,78.83,125.03,Above 95% interval,25.069999999999993
Meesho,2026-07-14,2026-06-30,14,127.0,102.38,78.15,126.62,Above 95% interval,24.620000000000005
Flipkart,2026-07-15,2026-06-23,22,332.0,270.22,208.75,331.68,Above 95% interval,61.77999999999997
Flipkart,2026-07-15,2026-06-30,15,332.0,268.59,209.0,328.17,Above 95% interval,63.410000000000025
Flipkart,2026-07-19,2026-06-23,26,334.0,270.78,209.21,332.34,Above 95% interval,63.22000000000003
Flipkart,2026-07-19,2026-06-30,19,334.0,269.38,209.39,329.37,Above 95% interval,64.62
Swiggy,2026-07-19,2026-06-23,26,155.0,205.21,157.82,252.61,Below 95% interval,50.21000000000001
Swiggy,2026-07-23,2026-06-30,23,210.0,156.06,109.26,202.85,Above 95% interval,53.94
Swiggy,2026-07-23,2026-07-07,16,210.0,142.83,94.94,190.72,Above 95% interval,67.16999999999999
Swiggy,2026-07-23,2026-07-14,9,210.0,145.2,99.47,190.93,Above 95% interval,64.80000000000001
Swiggy,2026-07-23,2026-07-21,2,210.0,147.99,103.44,192.54,Above 95% interval,62.00999999999999
Zomato,2026-07-23,2026-07-14,9,22.0,130.74,29.04,232.43,Below 95% interval,108.74000000000001
Zomato,2026-07-23,2026-07-21,2,22.0,114.26,58.51,170.0,Below 95% interval,92.26
Amazon,2026-07-24,2026-06-30,24,74.0,97.79,75.11,120.47,Below 95% interval,23.790000000000006
Amazon,2026-07-24,2026-07-07,17,74.0,98.82,74.84,122.8,Below 95% interval,24.819999999999993
Amazon,2026-07-24,2026-07-14,10,74.0,100.37,74.9,125.84,Below 95% interval,26.370000000000005
Amazon,2026-07-24,2026-07-21,3,74.0,100.71,75.6,125.82,Below 95% interval,26.709999999999994
Meesho,2026-07-24,2026-06-30,24,76.0,102.38,78.15,126.62,Below 95% interval,26.379999999999995
Meesho,2026-07-24,2026-07-07,17,76.0,102.78,77.79,127.76,Below 95% interval,26.78
Meesho,2026-07-24,2026-07-14,10,76.0,104.16,77.13,131.2,Below 95% interval,28.159999999999997
Meesho,2026-07-24,2026-07-21,3,76.0,104.25,77.22,131.28,Below 95% interval,28.25
Swiggy,2026-07-24,2026-06-30,24,469.0,161.61,114.81,208.41,Above 95% interval,307.39
Swiggy,2026-07-24,2026-07-07,17,469.0,156.52,108.62,204.42,Above 95% interval,312.48
Swiggy,2026-07-24,2026-07-14,10,469.0,157.78,112.04,203.52,Above 95% interval,311.22
Swiggy,2026-07-24,2026-07-21,3,469.0,157.03,111.87,202.18,Above 95% interval,311.97
Swiggy,2026-07-25,2026-06-30,25,244.0,160.61,113.82,207.41,Above 95% interval,83.38999999999999
Swiggy,2026-07-25,2026-07-07,18,244.0,153.75,105.85,201.65,Above 95% interval,90.25
Swiggy,2026-07-25,2026-07-14,11,244.0,156.65,110.9,202.39,Above 95% interval,87.35
Swiggy,2026-07-25,2026-07-21,4,244.0,157.9,112.63,203.16,Above 95% interval,86.1
Amazon,2026-07-28,2026-06-30,28,75.0,97.79,75.11,120.47,Below 95% interval,22.790000000000006
Amazon,2026-07-28,2026-07-21,7,75.0,100.71,75.6,125.82,Below 95% interval,25.709999999999994
Swiggy,2026-07-30,2026-07-07,23,90.0,143.11,94.51,191.71,Below 95% interval,53.110000000000014
Swiggy,2026-07-30,2026-07-14,16,90.0,145.36,99.06,191.66,Below 95% interval,55.360000000000014
Swiggy,2026-07-30,2026-07-21,9,90.0,151.28,105.93,196.62,Below 95% interval,61.28
Swiggy,2026-07-31,2026-07-28,3,130.0,210.82,135.86,285.78,Below 95% interval,80.82
Domino's,2026-08-02,2026-07-07,26,117.0,82.85,50.76,114.95,Above 95% interval,34.150000000000006
Domino's,2026-08-02,2026-07-14,19,117.0,82.1,50.64,113.57,Above 95% interval,34.900000000000006
Domino's,2026-08-02,2026-07-21,12,117.0,82.11,51.04,113.18,Above 95% interval,34.89
Domino's,2026-08-02,2026-07-28,5,117.0,78.27,47.16,109.39,Above 95% interval,38.730000000000004
Swiggy,2026-08-04,2026-07-07,28,198.0,135.27,86.66,183.88,Above 95% interval,62.72999999999999
Swiggy,2026-08-04,2026-07-14,21,198.0,131.57,85.26,177.88,Above 95% interval,66.43
Swiggy,2026-08-04,2026-07-21,14,198.0,132.26,86.92,177.6,Above 95% interval,65.74000000000001
Amazon,2026-08-07,2026-07-14,24,133.0,100.37,74.9,125.84,Above 95% interval,32.629999999999995
Amazon,2026-08-07,2026-07-21,17,133.0,100.71,75.6,125.82,Above 95% interval,32.290000000000006
Amazon,2026-08-07,2026-07-28,10,133.0,100.39,74.94,125.85,Above 95% interval,32.61
Amazon,2026-08-07,2026-08-04,3,133.0,100.06,75.04,125.09,Above 95% interval,32.94
Swiggy,2026-08-07,2026-07-21,17,113.0,158.42,113.02,203.82,Below 95% interval,45.41999999999999
Swiggy,2026-08-07,2026-07-28,10,113.0,209.01,132.61,285.42,Below 95% interval,96.00999999999999
Amazon,2026-08-08,2026-07-14,25,136.0,100.37,74.9,125.84,Above 95% interval,35.629999999999995
Amazon,2026-08-08,2026-07-21,18,136.0,100.71,75.6,125.82,Above 95% interval,35.290000000000006
Amazon,2026-08-08,2026-07-28,11,136.0,100.39,74.94,125.85,Above 95% interval,35.61
Amazon,2026-08-08,2026-08-04,4,136.0,100.06,75.04,125.09,Above 95% interval,35.94
Flipkart,2026-08-08,2026-08-04,4,350.0,280.24,210.91,349.58,Above 95% interval,69.75999999999999
Flipkart,2026-08-09,2026-07-28,12,360.0,277.01,199.38,354.63,Above 95% interval,82.99000000000001
Flipkart,2026-08-09,2026-08-04,5,360.0,280.23,208.88,351.58,Above 95% interval,79.76999999999998
Amazon,2026-08-11,2026-07-14,28,129.0,100.37,74.9,125.84,Above 95% interval,28.629999999999995
Amazon,2026-08-11,2026-07-21,21,129.0,100.71,75.6,125.82,Above 95% interval,28.290000000000006
Amazon,2026-08-11,2026-07-28,14,129.0,100.39,74.94,125.85,Above 95% interval,28.61
Amazon,2026-08-11,2026-08-04,7,129.0,100.06,75.04,125.09,Above 95% interval,28.939999999999998
Myntra,2026-08-13,2026-07-21,23,84.0,46.75,26.74,66.75,Above 95% interval,37.25
Myntra,2026-08-13,2026-07-28,16,84.0,45.97,26.42,65.52,Above 95% interval,38.03
Myntra,2026-08-13,2026-08-04,9,84.0,44.98,26.55,63.41,Above 95% interval,39.02
Myntra,2026-08-13,2026-08-11,2,84.0,50.99,35.3,66.67,Above 95% interval,33.01
Flipkart,2026-08-14,2026-07-21,24,383.0,282.49,203.3,361.69,Above 95% interval,100.50999999999999
Flipkart,2026-08-14,2026-07-28,17,383.0,278.59,200.41,356.77,Above 95% interval,104.41000000000003
Flipkart,2026-08-14,2026-08-04,10,383.0,280.19,204.54,355.84,Above 95% interval,102.81
Flipkart,2026-08-14,2026-08-11,3,383.0,311.33,243.05,379.61,Above 95% interval,71.67000000000002
Myntra,2026-08-14,2026-07-21,24,81.0,46.78,26.77,66.8,Above 95% interval,34.22
Myntra,2026-08-14,2026-07-28,17,81.0,46.04,26.44,65.64,Above 95% interval,34.96
Myntra,2026-08-14,2026-08-04,10,81.0,45.11,26.5,63.71,Above 95% interval,35.89
Myntra,2026-08-14,2026-08-11,3,81.0,50.69,34.38,67.0,Above 95% interval,30.310000000000002
Domino's,2026-08-15,2026-07-21,25,201.0,63.34,32.12,94.56,Above 95% interval,137.66
Domino's,2026-08-15,2026-07-28,18,201.0,60.06,28.57,91.54,Above 95% interval,140.94
Domino's,2026-08-15,2026-08-04,11,201.0,60.88,29.38,92.37,Above 95% interval,140.12
Domino's,2026-08-15,2026-08-11,4,201.0,61.16,30.55,91.77,Above 95% interval,139.84
Flipkart,2026-08-16,2026-07-21,26,371.0,282.43,203.21,361.64,Above 95% interval,88.57
Flipkart,2026-08-16,2026-07-28,19,371.0,278.96,200.71,357.21,Above 95% interval,92.04000000000002
Flipkart,2026-08-16,2026-08-04,12,371.0,280.18,203.99,356.37,Above 95% interval,90.82
Meesho,2026-08-16,2026-07-21,26,132.0,104.25,77.22,131.28,Above 95% interval,27.75
Meesho,2026-08-16,2026-07-28,19,132.0,103.65,76.27,131.03,Above 95% interval,28.349999999999994
Meesho,2026-08-16,2026-08-04,12,132.0,103.44,76.4,130.49,Above 95% interval,28.560000000000002
Meesho,2026-08-16,2026-08-11,5,132.0,103.67,77.03,130.31,Above 95% interval,28.33
PhonePe,2026-08-16,2026-07-21,26,26.0,51.53,29.81,73.25,Below 95% interval,25.53
PhonePe,2026-08-16,2026-07-28,19,26.0,50.92,29.19,72.65,Below 95% interval,24.92
PhonePe,2026-08-16,2026-08-04,12,26.0,50.62,29.07,72.18,Below 95% interval,24.619999999999997
PhonePe,2026-08-16,2026-08-11,5,26.0,49.87,29.05,70.68,Below 95% interval,23.869999999999997
Myntra,2026-08-17,2026-07-21,27,67.0,46.88,26.83,66.92,Above 95% interval,20.119999999999997
Myntra,2026-08-17,2026-07-28,20,67.0,46.22,26.52,65.93,Above 95% interval,20.78
Myntra,2026-08-17,2026-08-04,13,67.0,45.43,26.46,64.4,Above 95% interval,21.57
Flipkart,2026-08-18,2026-07-21,28,369.0,282.38,203.16,361.6,Above 95% interval,86.62
Flipkart,2026-08-18,2026-07-28,21,369.0,279.24,200.95,357.53,Above 95% interval,89.75999999999999
Flipkart,2026-08-18,2026-08-04,14,369.0,280.17,203.68,356.66,Above 95% interval,88.82999999999998
Meesho,2026-08-18,2026-07-21,28,165.0,104.25,77.22,131.28,Above 95% interval,60.75
Meesho,2026-08-18,2026-07-28,21,165.0,103.65,76.27,131.03,Above 95% interval,61.349999999999994
Meesho,2026-08-18,2026-08-04,14,165.0,103.44,76.4,130.49,Above 95% interval,61.56
Meesho,2026-08-18,2026-08-11,7,165.0,103.67,77.03,130.31,Above 95% interval,61.33
Myntra,2026-08-18,2026-07-21,28,93.0,46.9,26.85,66.96,Above 95% interval,46.1
Myntra,2026-08-18,2026-07-28,21,93.0,46.27,26.55,66.0,Above 95% interval,46.73
Myntra,2026-08-18,2026-08-04,14,93.0,45.52,26.47,64.58,Above 95% interval,47.48
Myntra,2026-08-18,2026-08-11,7,93.0,49.73,31.87,67.59,Above 95% interval,43.27
Swiggy,2026-08-21,2026-07-28,24,125.0,204.1,125.54,282.67,Below 95% interval,79.1
Flipkart,2026-08-22,2026-07-28,25,374.0,279.6,201.27,357.92,Above 95% interval,94.39999999999998
Flipkart,2026-08-22,2026-08-04,18,374.0,280.16,203.42,356.9,Above 95% interval,93.83999999999997
Flipkart,2026-08-22,2026-08-11,11,374.0,291.77,213.27,370.26,Above 95% interval,82.23000000000002
Amazon,2026-08-23,2026-07-28,26,140.0,100.39,74.94,125.85,Above 95% interval,39.61
Amazon,2026-08-23,2026-08-04,19,140.0,100.06,75.04,125.09,Above 95% interval,39.94
Amazon,2026-08-23,2026-08-11,12,140.0,101.26,74.55,127.98,Above 95% interval,38.739999999999995
Amazon,2026-08-23,2026-08-18,5,140.0,101.94,75.19,128.68,Above 95% interval,38.06
Myntra,2026-08-23,2026-07-28,26,91.0,46.47,26.67,66.27,Above 95% interval,44.53
Myntra,2026-08-23,2026-08-04,19,91.0,45.88,26.57,65.2,Above 95% interval,45.12
Myntra,2026-08-23,2026-08-11,12,91.0,48.92,30.22,67.62,Above 95% interval,42.08
Myntra,2026-08-23,2026-08-18,5,91.0,66.21,45.95,86.46,Above 95% interval,24.790000000000006
Amazon,2026-08-24,2026-07-28,27,133.0,100.39,74.94,125.85,Above 95% interval,32.61
Amazon,2026-08-24,2026-08-04,20,133.0,100.06,75.04,125.09,Above 95% interval,32.94
Amazon,2026-08-24,2026-08-11,13,133.0,101.26,74.55,127.98,Above 95% interval,31.739999999999995
Amazon,2026-08-24,2026-08-18,6,133.0,101.94,75.19,128.68,Above 95% interval,31.060000000000002
Myntra,2026-08-24,2026-07-28,27,67.0,46.5,26.69,66.31,Above 95% interval,20.5
Myntra,2026-08-24,2026-08-04,20,67.0,45.94,26.59,65.28,Above 95% interval,21.060000000000002
Myntra,2026-08-26,2026-08-04,22,70.0,46.03,26.64,65.43,Above 95% interval,23.97
Myntra,2026-08-26,2026-08-11,15,70.0,48.57,29.64,67.51,Above 95% interval,21.43
Blinkit,2026-08-27,2026-08-04,23,348.0,222.57,112.14,332.99,Above 95% interval,125.43
Blinkit,2026-08-27,2026-08-11,16,348.0,226.72,132.32,321.12,Above 95% interval,121.28
Blinkit,2026-08-27,2026-08-18,9,348.0,245.89,166.21,325.56,Above 95% interval,102.11000000000001
Myntra,2026-08-27,2026-08-04,23,87.0,46.08,26.66,65.49,Above 95% interval,40.92
Myntra,2026-08-27,2026-08-11,16,87.0,48.48,29.48,67.47,Above 95% interval,38.52
Myntra,2026-08-27,2026-08-18,9,87.0,62.54,40.61,84.46,Above 95% interval,24.46
Blinkit,2026-08-28,2026-08-04,24,387.0,226.7,114.48,338.92,Above 95% interval,160.3
Blinkit,2026-08-28,2026-08-11,17,387.0,229.14,132.93,325.36,Above 95% interval,157.86
Blinkit,2026-08-28,2026-08-18,10,387.0,247.01,165.36,328.65,Above 95% interval,139.99
Domino's,2026-08-28,2026-08-04,24,136.0,58.33,26.51,90.16,Above 95% interval,77.67
Domino's,2026-08-28,2026-08-11,17,136.0,57.88,26.89,88.86,Above 95% interval,78.12
Domino's,2026-08-28,2026-08-18,10,136.0,61.38,22.42,100.34,Above 95% interval,74.62
Meesho,2026-08-28,2026-08-04,24,71.0,103.44,76.4,130.49,Below 95% interval,32.44
Meesho,2026-08-28,2026-08-11,17,71.0,103.67,77.03,130.31,Below 95% interval,32.67
Meesho,2026-08-28,2026-08-18,10,71.0,104.72,75.98,133.46,Below 95% interval,33.72
Amazon,2026-09-04,2026-08-11,24,137.0,101.26,74.55,127.98,Above 95% interval,35.739999999999995
Amazon,2026-09-04,2026-08-18,17,137.0,101.94,75.19,128.68,Above 95% interval,35.06
Paytm,2026-09-04,2026-08-11,24,67.0,36.56,16.73,56.4,Above 95% interval,30.439999999999998
Paytm,2026-09-04,2026-08-18,17,67.0,35.87,16.09,55.65,Above 95% interval,31.130000000000003
Paytm,2026-09-05,2026-08-11,25,64.0,36.57,16.73,56.4,Above 95% interval,27.43
Paytm,2026-09-05,2026-08-18,18,64.0,35.91,16.13,55.7,Above 95% interval,28.090000000000003
Meesho,2026-09-06,2026-08-11,26,156.0,103.67,77.03,130.31,Above 95% interval,52.33
Meesho,2026-09-06,2026-08-18,19,156.0,104.72,75.98,133.46,Above 95% interval,51.28
Paytm,2026-09-06,2026-08-11,26,64.0,36.57,16.74,56.41,Above 95% interval,27.43
Paytm,2026-09-06,2026-08-18,19,64.0,35.95,16.16,55.73,Above 95% interval,28.049999999999997
Paytm,2026-09-07,2026-08-11,27,79.0,36.58,16.74,56.41,Above 95% interval,42.42
Paytm,2026-09-07,2026-08-18,20,79.0,35.98,16.19,55.76,Above 95% interval,43.02
Myntra,2026-09-08,2026-08-11,28,69.0,47.79,28.55,67.04,Above 95% interval,21.21
Paytm,2026-09-08,2026-08-11,28,76.0,36.58,16.74,56.42,Above 95% interval,39.42
Paytm,2026-09-08,2026-08-18,21,76.0,36.0,16.21,55.79,Above 95% interval,40.0
Paytm,2026-09-09,2026-08-18,22,67.0,36.02,16.23,55.81,Above 95% interval,30.979999999999997
Paytm,2026-09-10,2026-08-18,23,68.0,36.03,16.24,55.82,Above 95% interval,31.97
Paytm,2026-09-11,2026-08-18,24,73.0,36.05,16.26,55.83,Above 95% interval,36.95
Paytm,2026-09-12,2026-08-18,25,80.0,36.06,16.27,55.85,Above 95% interval,43.94
Paytm,2026-09-13,2026-08-18,26,71.0,36.06,16.27,55.85,Above 95% interval,34.94
Domino's,2026-09-14,2026-08-18,27,100.0,50.04,10.69,89.39,Above 95% interval,49.96
