app_name,day,origin,horizon,actual,forecast,lower_95,upper_95,alert_direction,absolute_error,flagged_forecast_rows
Myntra,2026-06-24,2026-06-23,1,40.0,57.74,42.45,73.02,Below 95% interval,17.740000000000002,1
Meesho,2026-06-26,2026-06-23,3,131.0,101.93,78.83,125.03,Above 95% interval,29.069999999999993,1
Myntra,2026-06-26,2026-06-23,3,35.0,57.04,40.6,73.48,Below 95% interval,22.04,1
Myntra,2026-07-01,2026-06-30,1,25.0,44.08,28.47,59.69,Below 95% interval,19.08,2
Swiggy,2026-07-02,2026-06-30,2,107.0,156.61,110.71,202.51,Below 95% interval,49.610000000000014,2
Blinkit,2026-07-03,2026-06-30,3,329.0,219.1,145.88,292.32,Above 95% interval,109.9,1
Myntra,2026-07-03,2026-06-23,10,33.0,55.06,36.23,73.9,Below 95% interval,22.060000000000002,1
Amazon,2026-07-04,2026-06-30,4,142.0,97.79,75.11,120.47,Above 95% interval,44.209999999999994,2
Flipkart,2026-07-04,2026-06-30,4,451.0,263.95,209.97,317.94,Above 95% interval,187.05,2
Meesho,2026-07-04,2026-06-30,4,138.0,102.38,78.15,126.62,Above 95% interval,35.620000000000005,2
Flipkart,2026-07-05,2026-06-30,5,396.0,264.6,209.46,319.73,Above 95% interval,131.39999999999998,2
Flipkart,2026-07-06,2026-06-30,6,338.0,265.19,209.12,321.26,Above 95% interval,72.81,2
Flipkart,2026-07-07,2026-06-30,7,349.0,265.72,208.89,322.55,Above 95% interval,83.27999999999997,2
Flipkart,2026-07-08,2026-06-30,8,324.0,266.21,208.76,323.66,Above 95% interval,57.79000000000002,1
Flipkart,2026-07-09,2026-06-30,9,366.0,266.65,208.69,324.61,Above 95% interval,99.35000000000002,2
Meesho,2026-07-09,2026-06-23,16,126.0,101.93,78.83,125.03,Above 95% interval,24.069999999999993,1
PhonePe,2026-07-10,2026-07-07,3,73.0,51.56,30.32,72.81,Above 95% interval,21.439999999999998,1
Amazon,2026-07-11,2026-07-07,4,123.0,98.82,74.84,122.8,Above 95% interval,24.180000000000007,3
Flipkart,2026-07-11,2026-06-30,11,370.0,267.42,208.7,326.14,Above 95% interval,102.57999999999998,2
Meesho,2026-07-11,2026-07-07,4,142.0,102.78,77.79,127.76,Above 95% interval,39.22,3
Flipkart,2026-07-12,2026-06-30,12,344.0,267.76,208.75,326.76,Above 95% interval,76.24000000000001,2
Meesho,2026-07-12,2026-07-07,5,136.0,102.78,77.79,127.76,Above 95% interval,33.22,3
Amazon,2026-07-13,2026-07-07,6,137.0,98.82,74.84,122.8,Above 95% interval,38.18000000000001,3
Flipkart,2026-07-13,2026-06-30,13,347.0,268.06,208.82,327.3,Above 95% interval,78.94,2
Flipkart,2026-07-14,2026-06-30,14,328.0,268.33,208.91,327.76,Above 95% interval,59.670000000000016,1
Meesho,2026-07-14,2026-06-30,14,127.0,102.38,78.15,126.62,Above 95% interval,24.620000000000005,2
Flipkart,2026-07-15,2026-06-30,15,332.0,268.59,209.0,328.17,Above 95% interval,63.410000000000025,2
Flipkart,2026-07-19,2026-06-30,19,334.0,269.38,209.39,329.37,Above 95% interval,64.62,2
Swiggy,2026-07-19,2026-06-23,26,155.0,205.21,157.82,252.61,Below 95% interval,50.21000000000001,1
Swiggy,2026-07-23,2026-07-21,2,210.0,147.99,103.44,192.54,Above 95% interval,62.00999999999999,4
Zomato,2026-07-23,2026-07-21,2,22.0,114.26,58.51,170.0,Below 95% interval,92.26,2
Amazon,2026-07-24,2026-07-21,3,74.0,100.71,75.6,125.82,Below 95% interval,26.709999999999994,4
Meesho,2026-07-24,2026-07-21,3,76.0,104.25,77.22,131.28,Below 95% interval,28.25,4
Swiggy,2026-07-24,2026-07-21,3,469.0,157.03,111.87,202.18,Above 95% interval,311.97,4
Swiggy,2026-07-25,2026-07-21,4,244.0,157.9,112.63,203.16,Above 95% interval,86.1,4
Amazon,2026-07-28,2026-07-21,7,75.0,100.71,75.6,125.82,Below 95% interval,25.709999999999994,2
Swiggy,2026-07-30,2026-07-21,9,90.0,151.28,105.93,196.62,Below 95% interval,61.28,3
Swiggy,2026-07-31,2026-07-28,3,130.0,210.82,135.86,285.78,Below 95% interval,80.82,1
Domino's,2026-08-02,2026-07-28,5,117.0,78.27,47.16,109.39,Above 95% interval,38.730000000000004,4
Swiggy,2026-08-04,2026-07-21,14,198.0,132.26,86.92,177.6,Above 95% interval,65.74000000000001,3
Amazon,2026-08-07,2026-08-04,3,133.0,100.06,75.04,125.09,Above 95% interval,32.94,4
Swiggy,2026-08-07,2026-07-28,10,113.0,209.01,132.61,285.42,Below 95% interval,96.00999999999999,2
Amazon,2026-08-08,2026-08-04,4,136.0,100.06,75.04,125.09,Above 95% interval,35.94,4
Flipkart,2026-08-08,2026-08-04,4,350.0,280.24,210.91,349.58,Above 95% interval,69.75999999999999,1
Flipkart,2026-08-09,2026-08-04,5,360.0,280.23,208.88,351.58,Above 95% interval,79.76999999999998,2
Amazon,2026-08-11,2026-08-04,7,129.0,100.06,75.04,125.09,Above 95% interval,28.939999999999998,4
Myntra,2026-08-13,2026-08-11,2,84.0,50.99,35.3,66.67,Above 95% interval,33.01,4
Flipkart,2026-08-14,2026-08-11,3,383.0,311.33,243.05,379.61,Above 95% interval,71.67000000000002,4
Myntra,2026-08-14,2026-08-11,3,81.0,50.69,34.38,67.0,Above 95% interval,30.310000000000002,4
Domino's,2026-08-15,2026-08-11,4,201.0,61.16,30.55,91.77,Above 95% interval,139.84,4
Flipkart,2026-08-16,2026-08-04,12,371.0,280.18,203.99,356.37,Above 95% interval,90.82,3
Meesho,2026-08-16,2026-08-11,5,132.0,103.67,77.03,130.31,Above 95% interval,28.33,4
PhonePe,2026-08-16,2026-08-11,5,26.0,49.87,29.05,70.68,Below 95% interval,23.869999999999997,4
Myntra,2026-08-17,2026-08-04,13,67.0,45.43,26.46,64.4,Above 95% interval,21.57,3
Flipkart,2026-08-18,2026-08-04,14,369.0,280.17,203.68,356.66,Above 95% interval,88.82999999999998,3
Meesho,2026-08-18,2026-08-11,7,165.0,103.67,77.03,130.31,Above 95% interval,61.33,4
Myntra,2026-08-18,2026-08-11,7,93.0,49.73,31.87,67.59,Above 95% interval,43.27,4
Swiggy,2026-08-21,2026-07-28,24,125.0,204.1,125.54,282.67,Below 95% interval,79.1,1
Flipkart,2026-08-22,2026-08-11,11,374.0,291.77,213.27,370.26,Above 95% interval,82.23000000000002,3
Amazon,2026-08-23,2026-08-18,5,140.0,101.94,75.19,128.68,Above 95% interval,38.06,4
Myntra,2026-08-23,2026-08-18,5,91.0,66.21,45.95,86.46,Above 95% interval,24.790000000000006,4
Amazon,2026-08-24,2026-08-18,6,133.0,101.94,75.19,128.68,Above 95% interval,31.060000000000002,4
Myntra,2026-08-24,2026-08-04,20,67.0,45.94,26.59,65.28,Above 95% interval,21.060000000000002,2
Myntra,2026-08-26,2026-08-11,15,70.0,48.57,29.64,67.51,Above 95% interval,21.43,2
Blinkit,2026-08-27,2026-08-18,9,348.0,245.89,166.21,325.56,Above 95% interval,102.11000000000001,3
Myntra,2026-08-27,2026-08-18,9,87.0,62.54,40.61,84.46,Above 95% interval,24.46,3
Blinkit,2026-08-28,2026-08-18,10,387.0,247.01,165.36,328.65,Above 95% interval,139.99,3
Domino's,2026-08-28,2026-08-18,10,136.0,61.38,22.42,100.34,Above 95% interval,74.62,3
Meesho,2026-08-28,2026-08-18,10,71.0,104.72,75.98,133.46,Below 95% interval,33.72,3
Amazon,2026-09-04,2026-08-18,17,137.0,101.94,75.19,128.68,Above 95% interval,35.06,2
Paytm,2026-09-04,2026-08-18,17,67.0,35.87,16.09,55.65,Above 95% interval,31.130000000000003,2
Paytm,2026-09-05,2026-08-18,18,64.0,35.91,16.13,55.7,Above 95% interval,28.090000000000003,2
Meesho,2026-09-06,2026-08-18,19,156.0,104.72,75.98,133.46,Above 95% interval,51.28,2
Paytm,2026-09-06,2026-08-18,19,64.0,35.95,16.16,55.73,Above 95% interval,28.049999999999997,2
Paytm,2026-09-07,2026-08-18,20,79.0,35.98,16.19,55.76,Above 95% interval,43.02,2
Myntra,2026-09-08,2026-08-11,28,69.0,47.79,28.55,67.04,Above 95% interval,21.21,1
Paytm,2026-09-08,2026-08-18,21,76.0,36.0,16.21,55.79,Above 95% interval,40.0,2
Paytm,2026-09-09,2026-08-18,22,67.0,36.02,16.23,55.81,Above 95% interval,30.979999999999997,1
Paytm,2026-09-10,2026-08-18,23,68.0,36.03,16.24,55.82,Above 95% interval,31.97,1
Paytm,2026-09-11,2026-08-18,24,73.0,36.05,16.26,55.83,Above 95% interval,36.95,1
Paytm,2026-09-12,2026-08-18,25,80.0,36.06,16.27,55.85,Above 95% interval,43.94,1
Paytm,2026-09-13,2026-08-18,26,71.0,36.06,16.27,55.85,Above 95% interval,34.94,1
Domino's,2026-09-14,2026-08-18,27,100.0,50.04,10.69,89.39,Above 95% interval,49.96,1
