app_name,week,days_in_window,reviews,neg_reviews,pos_reviews,feed_gap_days,source_gap_days,mean_rating,neg_share,complete_week
Amazon,2026-03-30,5,1030,439,550,0,0,3.168,0.4262,False
Amazon,2026-04-06,7,1424,636,737,0,0,3.0885,0.4466,True
Amazon,2026-04-13,7,1454,709,703,0,0,2.9422,0.4876,True
Amazon,2026-04-20,7,1135,704,391,6,0,2.4299,0.6203,True
Amazon,2026-04-27,7,938,662,250,7,0,2.1237,0.7058,True
Amazon,2026-05-04,7,1266,663,563,2,0,2.8017,0.5237,True
Amazon,2026-05-11,7,1523,755,710,0,0,2.9153,0.4957,True
Amazon,2026-05-18,7,1428,747,625,0,0,2.799,0.5231,True
Amazon,2026-05-25,7,1311,634,639,0,0,2.9756,0.4836,True
Amazon,2026-06-01,7,1398,701,647,0,0,2.897,0.5014,True
Amazon,2026-06-08,7,1385,728,624,0,0,2.8115,0.5256,True
Amazon,2026-06-15,7,1382,654,682,0,0,3.0181,0.4732,True
Amazon,2026-06-22,7,1299,661,598,0,0,2.8776,0.5089,True
Amazon,2026-06-29,7,1634,764,821,0,0,3.0404,0.4676,True
Amazon,2026-07-06,7,1409,775,596,0,0,2.7246,0.55,True
Amazon,2026-07-13,7,1350,798,511,0,0,2.5659,0.5911,True
Amazon,2026-07-20,7,1145,687,426,0,0,2.5424,0.6,True
Amazon,2026-07-27,7,1123,641,448,0,0,2.6483,0.5708,True
Amazon,2026-08-03,7,1388,795,553,0,0,2.6455,0.5728,True
Amazon,2026-08-10,7,1354,817,498,0,0,2.5103,0.6034,True
Amazon,2026-08-17,7,1299,810,448,0,0,2.4219,0.6236,True
Amazon,2026-08-24,7,1317,827,454,0,0,2.4222,0.6279,True
Amazon,2026-08-31,7,1298,772,473,0,0,2.5239,0.5948,True
Amazon,2026-09-07,7,1260,748,472,0,0,2.5524,0.5937,True
Amazon,2026-09-14,7,1203,684,485,0,0,2.6392,0.5686,True
Blinkit,2026-03-30,5,6548,1154,5126,0,0,4.1301,0.1762,False
Blinkit,2026-04-06,7,8746,1511,6894,0,0,4.1417,0.1728,True
Blinkit,2026-04-13,7,8654,1618,6651,0,0,4.0804,0.187,True
Blinkit,2026-04-20,7,5100,1457,3439,6,0,3.7255,0.2857,True
Blinkit,2026-04-27,7,4503,1537,2811,7,0,3.5287,0.3413,True
Blinkit,2026-05-04,7,8292,1698,6259,2,0,4.0187,0.2048,True
Blinkit,2026-05-11,7,11054,2059,8522,0,0,4.0844,0.1863,True
Blinkit,2026-05-18,7,11791,2197,9074,0,0,4.0789,0.1863,True
Blinkit,2026-05-25,7,10538,2057,8013,0,0,4.0504,0.1952,True
Blinkit,2026-06-01,7,10543,1947,8125,0,0,4.0889,0.1847,True
Blinkit,2026-06-08,7,10135,1909,7797,0,0,4.0829,0.1884,True
Blinkit,2026-06-15,7,9499,1691,7386,0,0,4.1125,0.178,True
Blinkit,2026-06-22,7,9103,1664,7056,0,0,4.0993,0.1828,True
Blinkit,2026-06-29,7,10059,1888,7758,0,0,4.0868,0.1877,True
Blinkit,2026-07-06,7,10090,1813,7866,0,0,4.1146,0.1797,True
Blinkit,2026-07-13,7,9749,1695,7633,0,0,4.1321,0.1739,True
Blinkit,2026-07-20,7,8713,1482,6879,0,0,4.1525,0.1701,True
Blinkit,2026-07-27,7,9009,1532,7107,0,0,4.1521,0.1701,True
Blinkit,2026-08-03,7,9086,1658,7040,0,0,4.0985,0.1825,True
Blinkit,2026-08-10,7,9265,1758,7075,0,0,4.0628,0.1897,True
Blinkit,2026-08-17,7,9153,1758,7024,0,0,4.0704,0.1921,True
Blinkit,2026-08-24,7,10436,2016,7955,0,0,4.0557,0.1932,True
Blinkit,2026-08-31,7,9429,1824,7186,0,0,4.0581,0.1934,True
Blinkit,2026-09-07,7,9911,1851,7636,0,0,4.0885,0.1868,True
Blinkit,2026-09-14,7,9040,1706,6941,0,0,4.0695,0.1887,True
Domino's,2026-03-30,5,1355,282,998,0,0,3.9838,0.2081,False
Domino's,2026-04-06,7,1754,442,1240,0,0,3.8586,0.252,True
Domino's,2026-04-13,7,1882,546,1255,0,0,3.6961,0.2901,True
Domino's,2026-04-20,7,706,306,383,6,0,3.1926,0.4334,True
Domino's,2026-04-27,7,546,375,165,7,0,2.2216,0.6868,True
Domino's,2026-05-04,7,1754,457,1233,2,0,3.8016,0.2605,True
Domino's,2026-05-11,7,1956,440,1420,0,0,3.9208,0.2249,True
Domino's,2026-05-18,7,1930,425,1420,0,0,3.9487,0.2202,True
Domino's,2026-05-25,7,2229,571,1568,0,0,3.8246,0.2562,True
Domino's,2026-06-01,7,1963,448,1407,0,0,3.8961,0.2282,True
Domino's,2026-06-08,7,1924,433,1409,0,0,3.9579,0.2251,True
Domino's,2026-06-15,7,1898,451,1337,0,0,3.8852,0.2376,True
Domino's,2026-06-22,7,1673,346,1248,0,0,4.0155,0.2068,True
Domino's,2026-06-29,7,1817,418,1318,0,0,3.9224,0.23,True
Domino's,2026-07-06,7,1846,383,1371,0,0,3.9886,0.2075,True
Domino's,2026-07-13,7,1779,372,1314,0,0,3.9944,0.2091,True
Domino's,2026-07-20,7,1675,330,1269,0,0,4.0591,0.197,True
Domino's,2026-07-27,7,1920,434,1384,0,0,3.9177,0.226,True
Domino's,2026-08-03,7,1598,403,1104,0,0,3.786,0.2522,True
Domino's,2026-08-10,7,2625,586,1894,0,0,3.9158,0.2232,True
Domino's,2026-08-17,7,1511,305,1144,0,0,4.0331,0.2019,True
Domino's,2026-08-24,7,2030,427,1499,0,0,3.9842,0.2103,True
Domino's,2026-08-31,7,1681,364,1245,0,0,3.9714,0.2165,True
Domino's,2026-09-07,7,1658,328,1263,0,0,4.0639,0.1978,True
Domino's,2026-09-14,7,1919,426,1405,0,0,3.9437,0.222,True
Flipkart,2026-03-30,5,8605,1220,6899,0,0,4.2184,0.1418,False
Flipkart,2026-04-06,7,11960,1773,9560,0,0,4.2048,0.1482,True
Flipkart,2026-04-13,7,10841,1820,8403,0,0,4.1191,0.1679,True
Flipkart,2026-04-20,7,3928,1315,2425,6,0,3.5002,0.3348,True
Flipkart,2026-04-27,7,1921,1260,601,7,0,2.3061,0.6559,True
Flipkart,2026-05-04,7,10833,1809,8457,2,0,4.1287,0.167,True
Flipkart,2026-05-11,7,14033,2257,10961,0,0,4.1476,0.1608,True
Flipkart,2026-05-18,7,10986,2132,8257,0,0,4.0282,0.1941,True
Flipkart,2026-05-25,7,11152,1943,8576,0,0,4.0943,0.1742,True
Flipkart,2026-06-01,7,12132,1952,9522,0,0,4.142,0.1609,True
Flipkart,2026-06-08,7,11432,2045,8760,0,0,4.0836,0.1789,True
Flipkart,2026-06-15,7,10958,1973,8377,0,0,4.0759,0.1801,True
Flipkart,2026-06-22,7,10636,1737,8311,0,0,4.1445,0.1633,True
Flipkart,2026-06-29,7,14846,2206,11822,0,0,4.197,0.1486,True
Flipkart,2026-07-06,7,13216,2409,10142,0,0,4.0761,0.1823,True
Flipkart,2026-07-13,7,11584,2259,8647,0,0,4.0109,0.195,True
Flipkart,2026-07-20,7,10236,1897,7784,0,0,4.0532,0.1853,True
Flipkart,2026-07-27,7,11206,1833,8717,0,0,4.1392,0.1636,True
Flipkart,2026-08-03,7,13527,2134,10636,0,0,4.1636,0.1578,True
Flipkart,2026-08-10,7,13243,2450,10080,0,0,4.0616,0.185,True
Flipkart,2026-08-17,7,10520,2446,7523,0,0,3.884,0.2325,True
Flipkart,2026-08-24,7,9200,2078,6624,0,0,3.9058,0.2259,True
Flipkart,2026-08-31,7,10114,2017,7575,0,0,4.0137,0.1994,True
Flipkart,2026-09-07,7,9576,1942,7132,0,0,3.9942,0.2028,True
Flipkart,2026-09-14,7,9600,1854,7207,0,0,4.024,0.1931,True
Google Pay,2026-03-30,5,835,157,640,0,0,4.103,0.188,False
Google Pay,2026-04-06,7,958,282,629,0,0,3.6712,0.2944,True
Google Pay,2026-04-13,7,690,205,457,0,0,3.6942,0.2971,True
Google Pay,2026-04-20,7,813,206,564,0,0,3.8426,0.2534,True
Google Pay,2026-04-27,7,1051,271,727,0,0,3.8268,0.2578,True
Google Pay,2026-05-04,7,800,205,566,0,0,3.865,0.2562,True
Google Pay,2026-05-11,7,783,174,576,0,0,3.9668,0.2222,True
Google Pay,2026-05-18,7,1652,576,997,0,0,3.4988,0.3487,True
Google Pay,2026-05-25,7,589,128,439,0,0,4.0034,0.2173,True
Google Pay,2026-06-01,7,677,147,498,0,0,3.9764,0.2171,True
Google Pay,2026-06-08,7,682,186,468,0,0,3.7801,0.2727,True
Google Pay,2026-06-15,7,713,187,491,0,0,3.8121,0.2623,True
Google Pay,2026-06-22,7,631,138,468,0,0,3.9857,0.2187,True
Google Pay,2026-06-29,7,640,152,463,0,0,3.9203,0.2375,True
Google Pay,2026-07-06,7,677,149,498,0,0,3.9808,0.2201,True
Google Pay,2026-07-13,7,685,170,486,0,0,3.8788,0.2482,True
Google Pay,2026-07-20,7,558,107,425,0,0,4.0591,0.1918,True
Google Pay,2026-07-27,7,634,119,487,0,0,4.0899,0.1877,True
Google Pay,2026-08-03,7,601,135,442,0,0,3.97,0.2246,True
Google Pay,2026-08-10,7,590,146,418,0,0,3.8627,0.2475,True
Google Pay,2026-08-17,7,542,120,394,0,0,3.9612,0.2214,True
Google Pay,2026-08-24,7,619,121,479,0,0,4.084,0.1955,True
Google Pay,2026-08-31,7,1389,216,1125,0,0,4.2628,0.1555,True
Google Pay,2026-09-07,7,1366,186,1111,0,0,4.2789,0.1362,True
Google Pay,2026-09-14,7,1145,223,874,0,0,4.0611,0.1948,True
Meesho,2026-03-30,5,3234,461,2722,0,0,4.3513,0.1425,False
Meesho,2026-04-06,7,4519,685,3755,0,0,4.312,0.1516,True
Meesho,2026-04-13,7,4062,749,3231,0,0,4.1755,0.1844,True
Meesho,2026-04-20,7,3821,709,3056,0,0,4.1884,0.1856,True
Meesho,2026-04-27,7,3956,713,3178,0,0,4.2037,0.1802,True
Meesho,2026-05-04,7,3778,711,3007,0,0,4.1731,0.1882,True
Meesho,2026-05-11,7,4000,690,3250,0,0,4.2415,0.1725,True
Meesho,2026-05-18,7,4227,733,3417,0,0,4.2247,0.1734,True
Meesho,2026-05-25,7,4221,753,3398,0,0,4.2082,0.1784,True
Meesho,2026-06-01,7,4439,697,3667,0,0,4.2976,0.157,True
Meesho,2026-06-08,7,4048,690,3300,0,0,4.247,0.1705,True
Meesho,2026-06-15,7,4003,779,3141,0,0,4.1419,0.1946,True
Meesho,2026-06-22,7,4036,746,3235,0,0,4.1913,0.1848,True
Meesho,2026-06-29,7,4458,741,3647,0,0,4.2609,0.1662,True
Meesho,2026-07-06,7,4288,831,3386,0,0,4.16,0.1938,True
Meesho,2026-07-13,7,4117,800,3245,0,0,4.1436,0.1943,True
Meesho,2026-07-20,7,3952,654,3214,0,0,4.2543,0.1655,True
Meesho,2026-07-27,7,4432,711,3647,0,0,4.2865,0.1604,True
Meesho,2026-08-03,7,4613,725,3801,0,0,4.2905,0.1572,True
Meesho,2026-08-10,7,4449,797,3596,0,0,4.2162,0.1791,True
Meesho,2026-08-17,7,4054,820,3164,0,0,4.1132,0.2023,True
Meesho,2026-08-24,7,3419,710,2654,0,0,4.0986,0.2077,True
Meesho,2026-08-31,7,4146,726,3341,0,0,4.2241,0.1751,True
Meesho,2026-09-07,7,3883,695,3121,0,0,4.2089,0.179,True
Meesho,2026-09-14,7,4531,716,3702,0,0,4.2697,0.158,True
Myntra,2026-03-30,5,2235,228,1980,0,0,4.4922,0.102,False
Myntra,2026-04-06,7,3603,362,3201,0,0,4.5054,0.1005,True
Myntra,2026-04-13,7,3499,377,3067,0,0,4.4675,0.1077,True
Myntra,2026-04-20,7,2912,312,2573,0,0,4.4835,0.1071,True
Myntra,2026-04-27,7,2653,265,2361,0,0,4.5006,0.0999,True
Myntra,2026-05-04,7,3135,285,2820,0,0,4.5394,0.0909,True
Myntra,2026-05-11,7,3459,279,3140,0,0,4.582,0.0807,True
Myntra,2026-05-18,7,3035,278,2722,0,0,4.5397,0.0916,True
Myntra,2026-05-25,7,3068,328,2709,0,0,4.4713,0.1069,True
Myntra,2026-06-01,7,4583,380,4158,0,0,4.566,0.0829,True
Myntra,2026-06-08,7,4410,459,3884,0,0,4.488,0.1041,True
Myntra,2026-06-15,7,3806,442,3325,0,0,4.4383,0.1161,True
Myntra,2026-06-22,7,2928,330,2563,0,0,4.4525,0.1127,True
Myntra,2026-06-29,7,3210,252,2915,0,0,4.5866,0.0785,True
Myntra,2026-07-06,7,3909,329,3547,0,0,4.5736,0.0842,True
Myntra,2026-07-13,7,3752,333,3372,0,0,4.5557,0.0888,True
Myntra,2026-07-20,7,3344,291,3000,0,0,4.5529,0.087,True
Myntra,2026-07-27,7,3074,292,2744,0,0,4.5159,0.095,True
Myntra,2026-08-03,7,3697,345,3301,0,0,4.5307,0.0933,True
Myntra,2026-08-10,7,3524,430,3059,0,0,4.4214,0.122,True
Myntra,2026-08-17,7,3702,499,3163,0,0,4.3692,0.1348,True
Myntra,2026-08-24,7,2979,430,2509,0,0,4.3229,0.1443,True
Myntra,2026-08-31,7,3574,383,3147,0,0,4.4723,0.1072,True
Myntra,2026-09-07,7,3924,441,3440,0,0,4.4549,0.1124,True
Myntra,2026-09-14,7,3332,403,2883,0,0,4.4178,0.1209,True
Paytm,2026-03-30,5,1341,225,1077,0,0,4.2155,0.1678,False
Paytm,2026-04-06,7,1830,203,1585,0,0,4.4459,0.1109,True
Paytm,2026-04-13,7,1420,202,1182,0,0,4.3056,0.1423,True
Paytm,2026-04-20,7,1132,197,909,0,0,4.2023,0.174,True
Paytm,2026-04-27,7,943,186,735,0,0,4.1145,0.1972,True
Paytm,2026-05-04,7,1268,363,867,0,0,3.7563,0.2863,True
Paytm,2026-05-11,7,2134,348,1732,0,0,4.2408,0.1631,True
Paytm,2026-05-18,7,2023,343,1616,0,0,4.1948,0.1696,True
Paytm,2026-05-25,7,1648,239,1363,0,0,4.2961,0.145,True
Paytm,2026-06-01,7,2527,301,2158,0,0,4.4068,0.1191,True
Paytm,2026-06-08,7,1857,274,1521,0,0,4.2746,0.1475,True
Paytm,2026-06-15,7,1942,223,1675,0,0,4.4289,0.1148,True
Paytm,2026-06-22,7,1575,236,1278,0,0,4.2609,0.1498,True
Paytm,2026-06-29,7,1596,266,1284,0,0,4.2155,0.1667,True
Paytm,2026-07-06,7,2281,242,1994,0,0,4.4774,0.1061,True
Paytm,2026-07-13,7,1514,233,1241,0,0,4.2814,0.1539,True
Paytm,2026-07-20,7,1515,197,1291,0,0,4.3993,0.13,True
Paytm,2026-07-27,7,1856,221,1601,0,0,4.4563,0.1191,True
Paytm,2026-08-03,7,1551,213,1304,0,0,4.3649,0.1373,True
Paytm,2026-08-10,7,2187,215,1943,0,0,4.535,0.0983,True
Paytm,2026-08-17,7,1645,219,1405,0,0,4.4061,0.1331,True
Paytm,2026-08-24,7,1343,202,1119,0,0,4.3366,0.1504,True
Paytm,2026-08-31,7,2325,353,1912,0,0,4.3032,0.1518,True
Paytm,2026-09-07,7,2837,514,2245,0,0,4.1787,0.1812,True
Paytm,2026-09-14,7,2368,324,1996,0,0,4.3704,0.1368,True
PhonePe,2026-03-30,5,4235,347,3702,0,0,4.4694,0.0819,False
PhonePe,2026-04-06,7,4495,356,3938,0,0,4.4988,0.0792,True
PhonePe,2026-04-13,7,4066,375,3522,0,0,4.4287,0.0922,True
PhonePe,2026-04-20,7,3580,343,3114,0,0,4.4483,0.0958,True
PhonePe,2026-04-27,7,3649,302,3194,0,0,4.4733,0.0828,True
PhonePe,2026-05-04,7,3979,344,3471,0,0,4.4571,0.0865,True
PhonePe,2026-05-11,7,4074,351,3572,0,0,4.4796,0.0862,True
PhonePe,2026-05-18,7,3392,300,2959,0,0,4.4684,0.0884,True
PhonePe,2026-05-25,7,3166,317,2713,0,0,4.4261,0.1001,True
PhonePe,2026-06-01,7,3332,319,2893,0,0,4.437,0.0957,True
PhonePe,2026-06-08,7,3369,345,2889,0,0,4.4025,0.1024,True
PhonePe,2026-06-15,7,3395,484,2804,0,0,4.2813,0.1426,True
PhonePe,2026-06-22,7,3280,369,2800,0,0,4.3905,0.1125,True
PhonePe,2026-06-29,7,3257,354,2788,0,0,4.3933,0.1087,True
PhonePe,2026-07-06,7,3490,392,2966,0,0,4.3711,0.1123,True
PhonePe,2026-07-13,7,3562,345,3081,0,0,4.4357,0.0969,True
PhonePe,2026-07-20,7,3040,294,2642,0,0,4.4414,0.0967,True
PhonePe,2026-07-27,7,3441,292,3010,0,0,4.4766,0.0849,True
PhonePe,2026-08-03,7,3511,332,3060,0,0,4.4512,0.0946,True
PhonePe,2026-08-10,7,3432,289,3012,0,0,4.4822,0.0842,True
PhonePe,2026-08-17,7,3213,298,2787,0,0,4.4472,0.0927,True
PhonePe,2026-08-24,7,2949,271,2564,0,0,4.4473,0.0919,True
PhonePe,2026-08-31,7,3632,383,3113,0,0,4.4031,0.1055,True
PhonePe,2026-09-07,7,3428,315,2974,0,0,4.4478,0.0919,True
PhonePe,2026-09-14,7,3568,572,2870,0,0,4.2001,0.1603,True
Swiggy,2026-03-30,5,2372,811,1444,0,0,3.4646,0.3419,False
Swiggy,2026-04-06,7,3298,1081,2079,0,0,3.5406,0.3278,True
Swiggy,2026-04-13,7,3336,1145,2060,0,0,3.4838,0.3432,True
Swiggy,2026-04-20,7,1507,988,485,6,0,2.3106,0.6556,True
Swiggy,2026-04-27,7,1106,962,128,7,0,1.5018,0.8698,True
Swiggy,2026-05-04,7,3037,1224,1699,2,0,3.2473,0.403,True
Swiggy,2026-05-11,7,3645,1235,2296,0,0,3.5037,0.3388,True
Swiggy,2026-05-18,7,3411,1177,2103,0,0,3.4752,0.3451,True
Swiggy,2026-05-25,7,3786,1282,2327,0,0,3.4876,0.3386,True
Swiggy,2026-06-01,7,3402,1037,2226,0,0,3.6411,0.3048,True
Swiggy,2026-06-08,7,3358,1034,2169,0,0,3.6048,0.3079,True
Swiggy,2026-06-15,7,3113,959,2027,0,0,3.6235,0.3081,True
Swiggy,2026-06-22,7,2901,992,1779,0,0,3.4757,0.342,True
Swiggy,2026-06-29,7,3091,1015,1944,0,0,3.5299,0.3284,True
Swiggy,2026-07-06,7,3315,1049,2122,0,0,3.5783,0.3164,True
Swiggy,2026-07-13,7,3135,933,2085,0,0,3.6606,0.2976,True
Swiggy,2026-07-20,7,3596,1458,2010,0,0,3.2428,0.4055,True
Swiggy,2026-07-27,7,2923,919,1871,0,0,3.5836,0.3144,True
Swiggy,2026-08-03,7,2746,1058,1554,0,0,3.2983,0.3853,True
Swiggy,2026-08-10,7,3083,1048,1903,0,0,3.4846,0.3399,True
Swiggy,2026-08-17,7,2711,893,1693,0,0,3.5297,0.3294,True
Swiggy,2026-08-24,7,2905,989,1790,0,0,3.5005,0.3404,True
Swiggy,2026-08-31,7,3030,1014,1890,0,0,3.5125,0.3347,True
Swiggy,2026-09-07,7,3019,937,1955,0,0,3.6075,0.3104,True
Swiggy,2026-09-14,7,2942,953,1872,0,0,3.5673,0.3239,True
Zomato,2026-03-30,5,6825,893,5618,0,0,4.2703,0.1308,False
Zomato,2026-04-06,7,9200,1394,7451,0,0,4.2085,0.1515,True
Zomato,2026-04-13,7,9071,1288,7445,0,0,4.2409,0.142,True
Zomato,2026-04-20,7,5988,919,4872,0,0,4.1977,0.1535,True
Zomato,2026-04-27,7,6981,921,5828,0,0,4.2637,0.1319,True
Zomato,2026-05-04,7,9241,1292,7586,0,0,4.2412,0.1398,True
Zomato,2026-05-11,7,4666,1068,3457,0,0,3.9434,0.2289,True
Zomato,2026-05-18,7,7702,1198,6200,0,0,4.1935,0.1555,True
Zomato,2026-05-25,7,9349,1441,7504,0,0,4.1842,0.1541,True
Zomato,2026-06-01,7,8062,1339,6346,0,0,4.1383,0.1661,True
Zomato,2026-06-08,7,6071,1332,4453,0,0,3.9478,0.2194,True
Zomato,2026-06-15,7,5467,1204,4037,0,0,3.9612,0.2202,True
Zomato,2026-06-22,7,5376,1099,4009,0,0,3.9965,0.2044,True
Zomato,2026-06-29,7,5141,1105,3794,0,0,3.9619,0.2149,True
Zomato,2026-07-06,7,5332,1172,3926,0,0,3.9569,0.2198,True
Zomato,2026-07-13,7,4862,1033,3590,0,0,3.9792,0.2125,True
Zomato,2026-07-20,7,3456,772,2529,0,3,3.9337,0.2234,True
Zomato,2026-07-27,7,5012,1100,3671,0,0,3.9505,0.2195,True
Zomato,2026-08-03,7,4730,1234,3279,0,0,3.7748,0.2609,True
Zomato,2026-08-10,7,5404,1195,3927,0,0,3.9269,0.2211,True
Zomato,2026-08-17,7,4568,1092,3291,0,0,3.8892,0.2391,True
Zomato,2026-08-24,7,4706,1069,3425,0,0,3.9199,0.2272,True
Zomato,2026-08-31,7,4695,1096,3354,0,0,3.8824,0.2334,True
Zomato,2026-09-07,7,4475,1107,3161,0,0,3.8451,0.2474,True
Zomato,2026-09-14,7,4180,946,3017,0,0,3.9084,0.2263,True
