domain,week,days_in_window,reviews,neg_reviews,pos_reviews,feed_gap_days,source_gap_days,mean_rating,neg_share,complete_week
Food & Grocery,2026-03-30,20,17100,3140,13186,0,0,4.0822,0.1836,False
Food & Grocery,2026-04-06,28,22998,4428,17664,0,0,4.0606,0.1925,False
Food & Grocery,2026-04-13,28,22943,4597,17411,0,0,4.0256,0.2004,False
Food & Grocery,2026-04-20,28,13301,3670,9179,18,0,3.7495,0.2759,False
Food & Grocery,2026-04-27,28,13136,3795,8932,21,0,3.6943,0.2889,False
Food & Grocery,2026-05-04,28,22324,4671,16777,6,0,3.9888,0.2092,False
Food & Grocery,2026-05-11,28,21321,4802,15695,0,0,3.9393,0.2252,False
Food & Grocery,2026-05-18,28,24834,4997,18797,0,0,4.0214,0.2012,False
Food & Grocery,2026-05-25,28,25902,5351,19412,0,0,3.997,0.2066,False
Food & Grocery,2026-06-01,28,23970,4771,18104,0,0,4.0262,0.199,False
Food & Grocery,2026-06-08,28,21488,4708,15828,0,0,3.9588,0.2191,False
Food & Grocery,2026-06-15,28,19977,4305,14787,0,0,3.9733,0.2155,False
Food & Grocery,2026-06-22,28,19053,4101,14092,0,0,3.968,0.2152,False
Food & Grocery,2026-06-29,28,20108,4426,14814,0,0,3.9544,0.2201,False
Food & Grocery,2026-07-06,28,20583,4417,15285,0,0,3.976,0.2146,False
Food & Grocery,2026-07-13,28,19525,4033,14622,0,0,4.0058,0.2066,False
Food & Grocery,2026-07-20,28,17440,4042,12687,0,3,3.9126,0.2318,False
Food & Grocery,2026-07-27,28,18864,3985,14033,0,0,3.9866,0.2112,False
Food & Grocery,2026-08-03,28,18160,4353,12977,0,0,3.8657,0.2397,False
Food & Grocery,2026-08-10,28,20377,4587,14799,0,0,3.9203,0.2251,False
Food & Grocery,2026-08-17,28,17943,4048,13152,0,0,3.9395,0.2256,False
Food & Grocery,2026-08-24,28,20077,4501,14669,0,0,3.9363,0.2242,False
Food & Grocery,2026-08-31,28,18835,4298,13675,0,0,3.9188,0.2282,False
Food & Grocery,2026-09-07,28,19063,4223,14015,0,0,3.9531,0.2215,False
Food & Grocery,2026-09-14,28,18081,4031,13235,0,0,3.9372,0.2229,False
Payments,2026-03-30,15,6411,729,5419,0,0,4.3686,0.1137,False
Payments,2026-04-06,21,7283,841,6152,0,0,4.3766,0.1155,False
Payments,2026-04-13,21,6176,782,5161,0,0,4.3183,0.1266,False
Payments,2026-04-20,21,5525,746,4587,0,0,4.3088,0.135,False
Payments,2026-04-27,21,5643,759,4656,0,0,4.2929,0.1345,False
Payments,2026-05-04,21,6047,912,4904,0,0,4.2318,0.1508,False
Payments,2026-05-11,21,6991,873,5880,0,0,4.3493,0.1249,False
Payments,2026-05-18,21,7067,1219,5572,0,0,4.1634,0.1725,False
Payments,2026-05-25,21,5403,684,4515,0,0,4.3404,0.1266,False
Payments,2026-06-01,21,6536,767,5549,0,0,4.3776,0.1174,False
Payments,2026-06-08,21,5908,805,4878,0,0,4.2904,0.1363,False
Payments,2026-06-15,21,6050,894,4970,0,0,4.2734,0.1478,False
Payments,2026-06-22,21,5486,743,4546,0,0,4.3068,0.1354,False
Payments,2026-06-29,21,5493,772,4535,0,0,4.2865,0.1405,False
Payments,2026-07-06,21,6448,783,5458,0,0,4.3677,0.1214,False
Payments,2026-07-13,21,5761,748,4808,0,0,4.3289,0.1298,False
Payments,2026-07-20,21,5113,598,4358,0,0,4.3872,0.117,False
Payments,2026-07-27,21,5931,632,5098,0,0,4.4289,0.1066,False
Payments,2026-08-03,21,5663,680,4806,0,0,4.3765,0.1201,False
Payments,2026-08-10,21,6209,650,5373,0,0,4.4419,0.1047,False
Payments,2026-08-17,21,5400,637,4586,0,0,4.3859,0.118,False
Payments,2026-08-24,21,4911,594,4162,0,0,4.3712,0.121,False
Payments,2026-08-31,21,7346,952,6150,0,0,4.3449,0.1296,False
Payments,2026-09-07,21,7631,1015,6330,0,0,4.3175,0.133,False
Payments,2026-09-14,21,7081,1119,5740,0,0,4.2346,0.158,False
Shopping,2026-03-30,20,15104,2348,12151,0,0,4.2157,0.1555,False
Shopping,2026-04-06,28,21506,3456,17253,0,0,4.2038,0.1607,False
Shopping,2026-04-13,28,19856,3655,15404,0,0,4.1059,0.1841,False
Shopping,2026-04-20,28,11796,3040,8445,12,0,3.8629,0.2577,False
Shopping,2026-04-27,28,9468,2900,6390,14,0,3.6958,0.3063,False
Shopping,2026-05-04,28,19012,3468,14847,4,0,4.1169,0.1824,False
Shopping,2026-05-11,28,23015,3981,18061,0,0,4.1476,0.173,False
Shopping,2026-05-18,28,19676,3890,15021,0,0,4.0601,0.1977,False
Shopping,2026-05-25,28,19752,3658,15322,0,0,4.103,0.1852,False
Shopping,2026-06-01,28,22552,3730,17994,0,0,4.1816,0.1654,False
Shopping,2026-06-08,28,21275,3922,16568,0,0,4.1157,0.1843,False
Shopping,2026-06-15,28,20149,3848,15525,0,0,4.0849,0.191,False
Shopping,2026-06-22,28,18899,3474,14707,0,0,4.1151,0.1838,False
Shopping,2026-06-29,28,24148,3963,19205,0,0,4.1823,0.1641,False
Shopping,2026-07-06,28,22822,4344,17671,0,0,4.0936,0.1903,False
Shopping,2026-07-13,28,20803,4190,15775,0,0,4.0416,0.2014,False
Shopping,2026-07-20,28,18677,3529,14424,0,0,4.0926,0.1889,False
Shopping,2026-07-27,28,19835,3477,15556,0,0,4.1461,0.1753,False
Shopping,2026-08-03,28,23225,3999,18291,0,0,4.1565,0.1722,False
Shopping,2026-08-10,28,22570,4494,17233,0,0,4.0552,0.1991,False
Shopping,2026-08-17,28,19575,4575,14298,0,0,3.9262,0.2337,False
Shopping,2026-08-24,28,16915,4045,12241,0,0,3.9027,0.2391,False
Shopping,2026-08-31,28,19132,3898,14536,0,0,4.0439,0.2037,False
Shopping,2026-09-07,28,18643,3826,14165,0,0,4.0384,0.2052,False
Shopping,2026-09-14,28,18666,3657,14277,0,0,4.0647,0.1959,False
