series,metric,model,mae_h1,mae_h1_4,rmse_h1_4,bias_h1_4,n_forecasts,skill_vs_naive,sampling_noise_floor,rank_in_series
Swiggy,pct_low_star,naive,1.087,1.312,1.607,0.458,24,0.0,1.372,4
Swiggy,pct_low_star,hist_mean,2.754,2.98,3.104,2.98,24,-1.272,1.372,5
Swiggy,pct_low_star,shift_mean,0.742,0.852,1.06,0.254,24,0.351,1.372,1
Swiggy,pct_low_star,moving_avg,0.801,1.028,1.269,0.48,24,0.217,1.372,2
Swiggy,pct_low_star,ses,1.08,1.164,1.414,0.493,24,0.113,1.372,3
Swiggy,mean_rating,naive,0.063,0.054,0.067,-0.013,24,0.0,0.044,4
Swiggy,mean_rating,hist_mean,0.085,0.092,0.1,-0.092,24,-0.718,0.044,5
Swiggy,mean_rating,shift_mean,0.036,0.036,0.043,-0.013,24,0.335,0.044,1
Swiggy,mean_rating,moving_avg,0.034,0.037,0.046,-0.013,24,0.309,0.044,2
Swiggy,mean_rating,ses,0.047,0.043,0.053,-0.014,24,0.194,0.044,3
Swiggy,pct_negative_sentiment,naive,3.284,3.952,4.799,1.004,24,0.0,2.487,4
Swiggy,pct_negative_sentiment,hist_mean,5.178,5.606,6.219,5.606,24,-0.418,2.487,5
Swiggy,pct_negative_sentiment,shift_mean,2.408,2.573,3.292,2.024,24,0.349,2.487,1
Swiggy,pct_negative_sentiment,moving_avg,2.597,2.83,3.693,1.683,24,0.284,2.487,2
Swiggy,pct_negative_sentiment,ses,2.708,2.986,3.778,1.536,24,0.244,2.487,3
Swiggy,pct_has_issue,naive,3.762,3.527,4.198,0.012,24,0.0,2.155,4
Swiggy,pct_has_issue,hist_mean,5.575,6.17,6.916,6.17,24,-0.749,2.155,5
Swiggy,pct_has_issue,shift_mean,2.686,2.878,3.869,2.144,24,0.184,2.155,1
Swiggy,pct_has_issue,moving_avg,3.129,3.234,3.867,1.038,24,0.083,2.155,3
Swiggy,pct_has_issue,ses,3.102,3.166,3.781,0.631,24,0.102,2.155,2
Zomato,pct_low_star,naive,2.015,2.062,2.38,-0.313,24,0.0,1.712,5
Zomato,pct_low_star,hist_mean,1.26,1.247,1.373,0.047,24,0.395,1.712,4
Zomato,pct_low_star,shift_mean,1.242,1.211,1.434,-0.208,24,0.413,1.712,2
Zomato,pct_low_star,moving_avg,1.347,1.184,1.389,0.042,24,0.426,1.712,1
Zomato,pct_low_star,ses,1.257,1.232,1.369,0.049,24,0.403,1.712,3
Zomato,mean_rating,naive,0.067,0.067,0.083,-0.006,24,0.0,0.058,5
Zomato,mean_rating,hist_mean,0.041,0.04,0.051,0.002,24,0.405,0.058,1
Zomato,mean_rating,shift_mean,0.044,0.044,0.055,-0.002,24,0.337,0.058,2
Zomato,mean_rating,moving_avg,0.054,0.049,0.055,-0.016,24,0.274,0.058,4
Zomato,mean_rating,ses,0.046,0.047,0.055,-0.013,24,0.291,0.058,3
Zomato,pct_negative_sentiment,naive,1.892,2.041,2.611,0.095,24,0.0,2.501,5
Zomato,pct_negative_sentiment,hist_mean,1.463,1.527,1.729,-0.757,24,0.252,2.501,2
Zomato,pct_negative_sentiment,shift_mean,1.518,1.818,2.049,-1.027,24,0.11,2.501,4
Zomato,pct_negative_sentiment,moving_avg,1.493,1.644,2.018,-0.159,24,0.195,2.501,3
Zomato,pct_negative_sentiment,ses,1.362,1.499,1.787,-0.535,24,0.266,2.501,1
Zomato,pct_has_issue,naive,3.054,3.771,4.585,-1.058,24,0.0,2.322,4
Zomato,pct_has_issue,hist_mean,6.845,7.68,8.223,7.68,24,-1.037,2.322,5
Zomato,pct_has_issue,shift_mean,2.303,2.349,2.738,0.428,24,0.377,2.322,1
Zomato,pct_has_issue,moving_avg,2.233,2.874,3.545,0.043,24,0.238,2.322,2
Zomato,pct_has_issue,ses,2.911,2.941,3.601,-0.045,24,0.22,2.322,3
Myntra,pct_low_star,naive,8.308,7.938,9.686,-1.179,24,0.0,2.542,5
Myntra,pct_low_star,hist_mean,6.714,6.745,6.956,3.131,24,0.15,2.542,3
Myntra,pct_low_star,shift_mean,5.623,5.729,7.751,-3.833,24,0.278,2.542,1
Myntra,pct_low_star,moving_avg,6.578,6.646,8.126,-2.279,24,0.163,2.542,2
Myntra,pct_low_star,ses,6.605,7.055,7.928,-0.04,24,0.111,2.542,4
Myntra,mean_rating,naive,0.334,0.311,0.38,0.044,24,0.0,0.097,5
Myntra,mean_rating,hist_mean,0.263,0.265,0.274,-0.133,24,0.147,0.097,4
Myntra,mean_rating,shift_mean,0.221,0.228,0.307,0.157,24,0.264,0.097,1
Myntra,mean_rating,moving_avg,0.266,0.256,0.315,0.091,24,0.175,0.097,2
Myntra,mean_rating,ses,0.276,0.263,0.31,0.03,24,0.154,0.097,3
Myntra,pct_negative_sentiment,naive,6.621,6.712,7.799,-0.237,24,0.0,2.568,5
Myntra,pct_negative_sentiment,hist_mean,4.877,4.879,5.413,1.314,24,0.273,2.568,2
Myntra,pct_negative_sentiment,shift_mean,5.832,6.276,7.188,-3.79,24,0.065,2.568,4
Myntra,pct_negative_sentiment,moving_avg,5.966,6.037,6.876,-1.463,24,0.101,2.568,3
Myntra,pct_negative_sentiment,ses,4.796,4.784,5.367,1.036,24,0.287,2.568,1
Myntra,pct_has_issue,naive,6.308,4.977,5.92,1.426,24,0.0,2.508,4
Myntra,pct_has_issue,hist_mean,10.967,11.947,12.714,11.947,24,-1.4,2.508,5
Myntra,pct_has_issue,shift_mean,4.694,4.523,4.929,2.413,24,0.091,2.508,1
Myntra,pct_has_issue,moving_avg,4.684,4.789,5.519,2.325,24,0.038,2.508,2
Myntra,pct_has_issue,ses,5.272,4.861,5.534,2.315,24,0.023,2.508,3
Paytm,pct_low_star,naive,3.76,5.045,6.49,2.674,24,0.0,3.545,2
Paytm,pct_low_star,hist_mean,12.155,13.131,13.423,13.131,24,-1.603,3.545,5
Paytm,pct_low_star,shift_mean,5.343,6.133,6.741,6.133,24,-0.216,3.545,4
Paytm,pct_low_star,moving_avg,4.25,5.349,6.042,4.671,24,-0.06,3.545,3
Paytm,pct_low_star,ses,3.411,4.773,5.95,3.647,24,0.054,3.545,1
Paytm,mean_rating,naive,0.162,0.217,0.258,-0.083,24,0.0,0.131,2
Paytm,mean_rating,hist_mean,0.503,0.546,0.565,-0.546,24,-1.513,0.131,5
Paytm,mean_rating,shift_mean,0.202,0.239,0.278,-0.239,24,-0.1,0.131,4
Paytm,mean_rating,moving_avg,0.183,0.219,0.255,-0.173,24,-0.005,0.131,3
Paytm,mean_rating,ses,0.147,0.207,0.245,-0.128,24,0.047,0.131,1
Paytm,pct_negative_sentiment,naive,7.684,6.919,8.394,4.191,24,0.0,3.445,4
Paytm,pct_negative_sentiment,hist_mean,13.321,14.299,14.852,14.299,24,-1.067,3.445,5
Paytm,pct_negative_sentiment,shift_mean,5.976,6.406,7.235,5.865,24,0.074,3.445,3
Paytm,pct_negative_sentiment,moving_avg,4.941,6.165,7.308,5.672,24,0.109,3.445,2
Paytm,pct_negative_sentiment,ses,4.921,6.059,7.335,5.415,24,0.124,3.445,1
Paytm,pct_has_issue,naive,2.333,3.214,3.678,-0.837,24,0.0,3.542,1
Paytm,pct_has_issue,hist_mean,6.521,7.281,7.927,7.281,24,-1.265,3.542,5
Paytm,pct_has_issue,shift_mean,2.767,3.586,4.672,2.827,24,-0.116,3.542,2
Paytm,pct_has_issue,moving_avg,2.29,3.831,4.874,0.683,24,-0.192,3.542,3
Paytm,pct_has_issue,ses,2.636,4.384,6.028,2.489,24,-0.364,3.542,4
PhonePe,pct_low_star,naive,4.861,5.035,5.911,1.443,24,0.0,3.306,2
PhonePe,pct_low_star,hist_mean,16.153,17.717,18.077,17.717,24,-2.519,3.306,5
PhonePe,pct_low_star,shift_mean,4.686,5.969,7.008,5.924,24,-0.185,3.306,4
PhonePe,pct_low_star,moving_avg,2.513,4.886,6.591,4.171,24,0.03,3.306,1
PhonePe,pct_low_star,ses,3.891,5.341,7.39,4.063,24,-0.061,3.306,3
PhonePe,mean_rating,naive,0.216,0.211,0.247,-0.008,24,0.0,0.12,4
PhonePe,mean_rating,hist_mean,0.57,0.629,0.648,-0.629,24,-1.987,0.12,5
PhonePe,mean_rating,shift_mean,0.148,0.174,0.228,-0.161,24,0.175,0.12,1
PhonePe,mean_rating,moving_avg,0.128,0.194,0.243,-0.099,24,0.08,0.12,2
PhonePe,mean_rating,ses,0.176,0.203,0.272,-0.085,24,0.036,0.12,3
PhonePe,pct_negative_sentiment,naive,6.085,5.724,7.221,0.144,24,0.0,3.054,4
PhonePe,pct_negative_sentiment,hist_mean,9.87,10.866,11.744,10.866,24,-0.898,3.054,5
PhonePe,pct_negative_sentiment,shift_mean,3.986,4.566,5.507,2.496,24,0.202,3.054,1
PhonePe,pct_negative_sentiment,moving_avg,4.007,4.988,6.362,1.391,24,0.129,3.054,2
PhonePe,pct_negative_sentiment,ses,4.051,5.565,7.098,3.472,24,0.028,3.054,3
PhonePe,pct_has_issue,naive,5.858,6.037,7.912,2.727,24,0.0,3.016,4
PhonePe,pct_has_issue,hist_mean,10.853,11.665,12.934,11.665,24,-0.932,3.016,5
PhonePe,pct_has_issue,shift_mean,4.512,4.73,7.101,3.963,24,0.217,3.016,2
PhonePe,pct_has_issue,moving_avg,3.938,4.481,6.898,3.262,24,0.258,3.016,1
PhonePe,pct_has_issue,ses,4.525,5.033,7.27,3.677,24,0.166,3.016,3
All apps,pct_low_star,naive,2.695,2.647,3.386,1.494,24,0.0,1.184,1
All apps,pct_low_star,hist_mean,5.429,5.848,6.326,5.848,24,-1.209,1.184,5
All apps,pct_low_star,shift_mean,2.569,2.679,3.498,2.375,24,-0.012,1.184,2
All apps,pct_low_star,moving_avg,2.501,2.752,3.317,2.225,24,-0.04,1.184,3
All apps,pct_low_star,ses,2.57,3.049,3.529,2.343,24,-0.152,1.184,4
All apps,mean_rating,naive,0.103,0.1,0.126,-0.051,24,0.0,0.044,4
All apps,mean_rating,hist_mean,0.211,0.227,0.244,-0.227,24,-1.276,0.044,5
All apps,mean_rating,shift_mean,0.094,0.096,0.127,-0.085,24,0.039,0.044,1
All apps,mean_rating,moving_avg,0.092,0.1,0.119,-0.078,24,0.002,0.044,3
All apps,mean_rating,ses,0.094,0.099,0.122,-0.071,24,0.004,0.044,2
All apps,pct_negative_sentiment,naive,3.291,2.989,3.727,1.919,24,0.0,1.291,3
All apps,pct_negative_sentiment,hist_mean,4.477,4.743,5.495,4.743,24,-0.587,1.291,5
All apps,pct_negative_sentiment,shift_mean,2.724,2.679,3.52,1.793,24,0.104,1.291,1
All apps,pct_negative_sentiment,moving_avg,2.558,2.88,3.706,2.22,24,0.036,1.291,2
All apps,pct_negative_sentiment,ses,2.992,3.647,4.405,3.607,24,-0.22,1.291,4
All apps,pct_has_issue,naive,2.361,2.339,2.832,1.446,24,0.0,1.261,1
All apps,pct_has_issue,hist_mean,6.166,6.671,6.934,6.671,24,-1.852,1.261,5
All apps,pct_has_issue,shift_mean,2.576,2.926,3.501,2.897,24,-0.251,1.261,4
All apps,pct_has_issue,moving_avg,1.977,2.63,3.08,2.298,24,-0.124,1.261,2
All apps,pct_has_issue,ses,2.155,2.64,3.111,2.326,24,-0.129,1.261,3
