week_start,week_end,review_count,mean_rating,sd_rating,pct_low_star,pct_negative_sentiment,pct_has_issue,mean_sentiment,mean_issue_count,median_length,n_low_star,n_negative_sentiment,n_has_issue,pct_crash_bugs_stability,pct_payment_refund,pct_delivery_delay,pct_order_quality_fulfillment,pct_cancellation_return,pct_customer_support,pct_account_login_otp,pct_pricing_charges_fraud,pct_ui_ux_update,n_crash_bugs_stability,n_payment_refund,n_delivery_delay,n_order_quality_fulfillment,n_cancellation_return,n_customer_support,n_account_login_otp,n_pricing_charges_fraud,n_ui_ux_update,in_common_window,post_regime_shift,partial_week,n_ge_min
2018-09-10,2018-09-16,3,3.333,2.082,33.333,33.333,66.667,0.076,1.0,96.0,1,1,2,0.0,0.0,0.0,0.0,0.0,66.667,0.0,33.333,0.0,0,0,0,0,0,2,0,1,0,False,False,False,False
2018-09-17,2018-09-23,8,1.25,0.463,100.0,87.5,87.5,-0.656,1.375,69.5,8,7,7,0.0,37.5,12.5,0.0,12.5,50.0,25.0,0.0,0.0,0,3,1,0,1,4,2,0,0,False,False,False,False
2018-09-24,2018-09-30,13,1.538,1.33,84.615,53.846,69.231,-0.09,1.231,72.0,11,7,9,7.692,15.385,7.692,0.0,0.0,53.846,30.769,0.0,7.692,1,2,1,0,0,7,4,0,1,False,False,False,False
2018-10-01,2018-10-07,4,2.0,2.0,75.0,50.0,100.0,-0.115,1.5,64.5,3,2,4,25.0,25.0,0.0,0.0,0.0,50.0,50.0,0.0,0.0,1,1,0,0,0,2,2,0,0,False,False,False,False
2018-10-08,2018-10-14,10,1.9,1.37,70.0,50.0,90.0,0.007,1.6,99.5,7,5,9,0.0,50.0,10.0,0.0,40.0,50.0,10.0,0.0,0.0,0,5,1,0,4,5,1,0,0,False,False,False,False
2018-10-15,2018-10-21,9,1.0,0.0,100.0,66.667,88.889,-0.349,1.667,77.0,9,6,8,0.0,33.333,0.0,11.111,22.222,55.556,22.222,22.222,0.0,0,3,0,1,2,5,2,2,0,False,False,False,False
2018-10-22,2018-10-28,9,1.444,0.726,88.889,44.444,100.0,0.161,1.556,99.0,8,4,9,0.0,33.333,0.0,0.0,11.111,77.778,11.111,22.222,0.0,0,3,0,0,1,7,1,2,0,False,False,False,False
2018-10-29,2018-11-04,9,1.778,1.563,77.778,66.667,77.778,-0.279,1.444,64.0,7,6,7,0.0,0.0,0.0,11.111,44.444,33.333,33.333,11.111,11.111,0,0,0,1,4,3,3,1,1,False,False,False,False
2018-11-05,2018-11-11,13,1.0,0.0,100.0,53.846,92.308,-0.201,1.615,78.0,13,7,12,23.077,23.077,30.769,0.0,30.769,46.154,7.692,0.0,0.0,3,3,4,0,4,6,1,0,0,False,False,False,False
2018-11-12,2018-11-18,8,1.625,1.061,87.5,87.5,62.5,-0.606,1.375,73.0,7,7,5,0.0,37.5,12.5,12.5,25.0,37.5,0.0,12.5,0.0,0,3,1,1,2,3,0,1,0,False,False,False,False
2018-11-19,2018-11-25,8,1.0,0.0,100.0,62.5,100.0,-0.055,1.875,77.5,8,5,8,0.0,25.0,0.0,12.5,12.5,75.0,50.0,0.0,12.5,0,2,0,1,1,6,4,0,1,False,False,False,False
2018-11-26,2018-12-02,3,2.333,1.528,66.667,33.333,66.667,0.117,0.667,64.0,2,1,2,0.0,0.0,0.0,0.0,0.0,66.667,0.0,0.0,0.0,0,0,0,0,0,2,0,0,0,False,False,False,False
2018-12-03,2018-12-09,9,1.667,1.323,88.889,66.667,55.556,-0.135,0.778,83.0,8,6,5,0.0,22.222,11.111,0.0,11.111,33.333,0.0,0.0,0.0,0,2,1,0,1,3,0,0,0,False,False,False,False
2018-12-10,2018-12-16,16,1.25,0.775,93.75,68.75,87.5,-0.334,1.5,74.0,15,11,14,12.5,25.0,0.0,6.25,6.25,62.5,25.0,6.25,6.25,2,4,0,1,1,10,4,1,1,False,False,False,False
2018-12-17,2018-12-23,12,1.75,1.215,75.0,66.667,75.0,-0.21,0.917,85.0,9,8,9,0.0,0.0,0.0,8.333,16.667,25.0,25.0,8.333,8.333,0,0,0,1,2,3,3,1,1,False,False,False,False
2018-12-24,2018-12-30,10,1.0,0.0,100.0,60.0,60.0,-0.234,0.8,76.5,10,6,6,0.0,10.0,0.0,0.0,10.0,50.0,10.0,0.0,0.0,0,1,0,0,1,5,1,0,0,False,False,False,False
2018-12-31,2019-01-06,13,1.923,1.32,76.923,61.538,46.154,-0.109,0.538,74.0,10,8,6,0.0,23.077,0.0,0.0,0.0,30.769,0.0,0.0,0.0,0,3,0,0,0,4,0,0,0,False,False,False,False
2019-01-07,2019-01-13,11,1.0,0.0,100.0,54.545,72.727,-0.015,1.091,74.0,11,6,8,18.182,27.273,0.0,0.0,9.091,54.545,0.0,0.0,0.0,2,3,0,0,1,6,0,0,0,False,False,False,False
2019-01-14,2019-01-20,5,1.2,0.447,100.0,40.0,80.0,0.164,1.2,58.0,5,2,4,20.0,20.0,0.0,0.0,0.0,40.0,0.0,0.0,40.0,1,1,0,0,0,2,0,0,2,False,False,False,False
2019-01-21,2019-01-27,9,1.333,1.0,88.889,66.667,88.889,-0.267,1.333,77.0,8,6,8,0.0,44.444,0.0,0.0,22.222,44.444,11.111,11.111,0.0,0,4,0,0,2,4,1,1,0,False,False,False,False
2019-01-28,2019-02-03,5,1.6,0.894,80.0,60.0,60.0,-0.198,0.6,70.0,4,3,3,0.0,0.0,0.0,0.0,0.0,60.0,0.0,0.0,0.0,0,0,0,0,0,3,0,0,0,False,False,False,False
2019-02-04,2019-02-10,9,1.444,1.333,88.889,44.444,66.667,-0.114,1.0,67.0,8,4,6,11.111,33.333,0.0,0.0,0.0,55.556,0.0,0.0,0.0,1,3,0,0,0,5,0,0,0,False,False,False,False
2019-02-11,2019-02-17,5,1.0,0.0,100.0,60.0,80.0,-0.357,1.8,80.0,5,3,4,0.0,80.0,20.0,0.0,0.0,60.0,0.0,20.0,0.0,0,4,1,0,0,3,0,1,0,False,False,False,False
2019-02-18,2019-02-24,4,1.0,0.0,100.0,50.0,50.0,-0.076,1.0,71.0,4,2,2,0.0,25.0,0.0,0.0,0.0,50.0,0.0,25.0,0.0,0,1,0,0,0,2,0,1,0,False,False,False,False
2019-02-25,2019-03-03,3,2.333,1.155,33.333,66.667,66.667,-0.019,1.667,73.0,1,2,2,0.0,66.667,0.0,0.0,66.667,33.333,0.0,0.0,0.0,0,2,0,0,2,1,0,0,0,False,False,False,False
2019-03-04,2019-03-10,6,1.833,1.602,83.333,66.667,83.333,-0.377,1.333,69.0,5,4,5,0.0,33.333,16.667,0.0,16.667,50.0,16.667,0.0,0.0,0,2,1,0,1,3,1,0,0,False,False,False,False
2019-03-11,2019-03-17,5,1.0,0.0,100.0,80.0,100.0,-0.18,1.6,93.0,5,4,5,0.0,40.0,0.0,0.0,20.0,100.0,0.0,0.0,0.0,0,2,0,0,1,5,0,0,0,False,False,False,False
2019-03-18,2019-03-24,10,1.2,0.632,90.0,50.0,100.0,-0.197,1.8,83.0,9,5,10,10.0,50.0,20.0,0.0,20.0,70.0,0.0,10.0,0.0,1,5,2,0,2,7,0,1,0,False,False,False,False
2019-03-25,2019-03-31,9,1.111,0.333,100.0,77.778,66.667,-0.338,1.0,79.0,9,7,6,11.111,11.111,0.0,0.0,0.0,22.222,33.333,11.111,11.111,1,1,0,0,0,2,3,1,1,False,False,False,False
2019-04-01,2019-04-07,12,1.083,0.289,100.0,66.667,66.667,-0.12,0.917,74.5,12,8,8,8.333,8.333,0.0,0.0,16.667,41.667,16.667,0.0,0.0,1,1,0,0,2,5,2,0,0,False,False,False,False
2019-04-08,2019-04-14,5,1.4,0.894,80.0,60.0,100.0,-0.049,1.6,87.0,4,3,5,0.0,20.0,20.0,0.0,0.0,80.0,20.0,20.0,0.0,0,1,1,0,0,4,1,1,0,False,False,False,False
2019-04-15,2019-04-21,5,2.0,1.732,80.0,60.0,80.0,-0.203,1.0,67.0,4,3,4,0.0,40.0,0.0,0.0,0.0,20.0,20.0,20.0,0.0,0,2,0,0,0,1,1,1,0,False,False,False,False
2019-04-22,2019-04-28,6,2.5,1.761,50.0,33.333,50.0,0.123,1.0,71.0,3,2,3,0.0,33.333,0.0,0.0,16.667,16.667,16.667,0.0,16.667,0,2,0,0,1,1,1,0,1,False,False,False,False
2019-04-29,2019-05-05,3,1.0,0.0,100.0,100.0,100.0,-0.744,1.0,100.0,3,3,3,0.0,0.0,0.0,0.0,0.0,66.667,33.333,0.0,0.0,0,0,0,0,0,2,1,0,0,False,False,False,False
2019-05-06,2019-05-12,7,1.0,0.0,100.0,57.143,100.0,-0.283,1.714,79.0,7,4,7,0.0,71.429,14.286,0.0,0.0,28.571,28.571,28.571,0.0,0,5,1,0,0,2,2,2,0,False,False,False,False
2019-05-13,2019-05-19,10,2.1,1.197,50.0,40.0,60.0,0.061,0.9,81.5,5,4,6,20.0,0.0,0.0,0.0,0.0,40.0,10.0,20.0,0.0,2,0,0,0,0,4,1,2,0,False,False,False,False
2019-05-20,2019-05-26,5,3.2,2.049,40.0,20.0,80.0,0.318,1.2,78.0,2,1,4,0.0,40.0,40.0,0.0,20.0,20.0,0.0,0.0,0.0,0,2,2,0,1,1,0,0,0,False,False,False,False
2019-05-27,2019-06-02,6,3.0,1.789,33.333,33.333,33.333,0.133,1.0,88.0,2,2,2,0.0,16.667,0.0,16.667,16.667,16.667,16.667,16.667,0.0,0,1,0,1,1,1,1,1,0,False,False,False,False
2019-06-03,2019-06-09,5,1.0,0.0,100.0,80.0,60.0,-0.476,1.0,69.0,5,4,3,0.0,20.0,0.0,20.0,40.0,20.0,0.0,0.0,0.0,0,1,0,1,2,1,0,0,0,False,False,False,False
2019-06-10,2019-06-16,7,2.714,1.89,57.143,57.143,71.429,-0.108,1.429,71.0,4,4,5,28.571,28.571,0.0,0.0,14.286,42.857,14.286,14.286,0.0,2,2,0,0,1,3,1,1,0,False,False,False,False
2019-06-17,2019-06-23,7,1.143,0.378,100.0,57.143,71.429,-0.146,1.0,68.0,7,4,5,14.286,0.0,0.0,0.0,14.286,57.143,0.0,0.0,14.286,1,0,0,0,1,4,0,0,1,False,False,False,False
2019-06-24,2019-06-30,7,1.571,1.512,85.714,42.857,85.714,0.139,1.0,70.0,6,3,6,0.0,0.0,14.286,0.0,14.286,71.429,0.0,0.0,0.0,0,0,1,0,1,5,0,0,0,False,False,False,False
2019-07-01,2019-07-07,8,1.875,1.458,75.0,62.5,62.5,-0.159,0.875,77.5,6,5,5,12.5,25.0,0.0,0.0,0.0,25.0,0.0,12.5,12.5,1,2,0,0,0,2,0,1,1,False,False,False,False
2019-07-08,2019-07-14,6,1.333,0.816,83.333,83.333,83.333,-0.297,1.167,81.0,5,5,5,0.0,50.0,0.0,0.0,16.667,33.333,0.0,16.667,0.0,0,3,0,0,1,2,0,1,0,False,False,False,False
2019-07-15,2019-07-21,9,2.222,1.481,66.667,55.556,77.778,-0.211,1.0,77.0,6,5,7,0.0,11.111,0.0,0.0,0.0,55.556,22.222,0.0,11.111,0,1,0,0,0,5,2,0,1,False,False,False,False
2019-07-22,2019-07-28,8,1.375,1.061,87.5,37.5,87.5,0.05,1.375,83.0,7,3,7,25.0,12.5,0.0,12.5,0.0,50.0,25.0,12.5,0.0,2,1,0,1,0,4,2,1,0,False,False,False,False
2019-07-29,2019-08-04,8,1.0,0.0,100.0,62.5,100.0,-0.104,1.375,75.5,8,5,8,25.0,25.0,0.0,0.0,0.0,75.0,12.5,0.0,0.0,2,2,0,0,0,6,1,0,0,False,False,False,False
2019-08-05,2019-08-11,11,1.364,0.924,90.909,45.455,81.818,0.121,1.273,70.0,10,5,9,0.0,36.364,0.0,0.0,18.182,54.545,9.091,0.0,9.091,0,4,0,0,2,6,1,0,1,False,False,False,False
2019-08-12,2019-08-18,11,1.182,0.405,100.0,63.636,90.909,-0.399,1.455,88.0,11,7,10,9.091,36.364,0.0,9.091,9.091,72.727,9.091,0.0,0.0,1,4,0,1,1,8,1,0,0,False,False,False,False
2019-08-19,2019-08-25,6,2.167,1.472,66.667,50.0,83.333,-0.038,1.167,66.0,4,3,5,33.333,0.0,0.0,16.667,0.0,33.333,0.0,16.667,16.667,2,0,0,1,0,2,0,1,1,False,False,False,False
2019-08-26,2019-09-01,6,1.167,0.408,100.0,16.667,66.667,0.416,0.833,83.5,6,1,4,0.0,16.667,0.0,0.0,0.0,33.333,33.333,0.0,0.0,0,1,0,0,0,2,2,0,0,False,False,False,False
2019-09-02,2019-09-08,11,1.727,1.272,81.818,63.636,81.818,-0.254,1.273,85.0,9,7,9,9.091,18.182,9.091,9.091,9.091,45.455,9.091,9.091,9.091,1,2,1,1,1,5,1,1,1,False,False,False,False
2019-09-09,2019-09-15,10,1.4,0.966,90.0,70.0,50.0,-0.281,0.5,84.5,9,7,5,0.0,10.0,0.0,0.0,10.0,30.0,0.0,0.0,0.0,0,1,0,0,1,3,0,0,0,False,False,False,False
2019-09-16,2019-09-22,13,1.385,0.961,84.615,84.615,69.231,-0.426,0.846,70.0,11,11,9,0.0,23.077,0.0,7.692,7.692,46.154,0.0,0.0,0.0,0,3,0,1,1,6,0,0,0,False,False,False,False
2019-09-23,2019-09-29,6,1.167,0.408,100.0,83.333,100.0,-0.41,1.667,68.0,6,5,6,50.0,33.333,0.0,0.0,16.667,66.667,0.0,0.0,0.0,3,2,0,0,1,4,0,0,0,False,False,False,False
2019-09-30,2019-10-06,7,1.143,0.378,100.0,85.714,71.429,-0.594,0.857,73.0,7,6,5,14.286,14.286,0.0,0.0,0.0,57.143,0.0,0.0,0.0,1,1,0,0,0,4,0,0,0,False,False,False,False
2019-10-07,2019-10-13,13,1.077,0.277,100.0,53.846,76.923,-0.192,1.385,80.0,13,7,10,7.692,38.462,0.0,0.0,15.385,53.846,7.692,7.692,7.692,1,5,0,0,2,7,1,1,1,False,False,False,False
2019-10-14,2019-10-20,3,1.333,0.577,100.0,100.0,100.0,-0.904,1.333,55.0,3,3,3,0.0,0.0,0.0,66.667,0.0,66.667,0.0,0.0,0.0,0,0,0,2,0,2,0,0,0,False,False,False,False
2019-10-21,2019-10-27,8,1.125,0.354,100.0,50.0,100.0,-0.088,1.75,69.5,8,4,8,12.5,37.5,0.0,0.0,37.5,62.5,25.0,0.0,0.0,1,3,0,0,3,5,2,0,0,False,False,False,False
2019-10-28,2019-11-03,2,1.0,0.0,100.0,50.0,50.0,-0.434,1.0,68.0,2,1,1,0.0,0.0,0.0,0.0,50.0,50.0,0.0,0.0,0.0,0,0,0,0,1,1,0,0,0,False,False,False,False
2019-11-04,2019-11-10,8,1.125,0.354,100.0,75.0,75.0,-0.296,1.375,71.0,8,6,6,12.5,37.5,12.5,0.0,0.0,62.5,0.0,12.5,0.0,1,3,1,0,0,5,0,1,0,False,False,False,False
2019-11-11,2019-11-17,8,1.625,1.188,75.0,87.5,75.0,-0.543,0.75,68.0,6,7,6,0.0,12.5,0.0,0.0,0.0,62.5,0.0,0.0,0.0,0,1,0,0,0,5,0,0,0,False,False,False,False
2019-11-18,2019-11-24,5,2.0,1.732,80.0,40.0,80.0,-0.18,0.8,78.0,4,2,4,20.0,20.0,0.0,0.0,0.0,0.0,0.0,40.0,0.0,1,1,0,0,0,0,0,2,0,False,False,False,False
2019-11-25,2019-12-01,13,1.154,0.376,100.0,46.154,53.846,-0.138,0.846,84.0,13,6,7,15.385,30.769,0.0,0.0,0.0,38.462,0.0,0.0,0.0,2,4,0,0,0,5,0,0,0,False,False,False,False
2019-12-02,2019-12-08,6,1.167,0.408,100.0,66.667,83.333,-0.311,1.167,74.5,6,4,5,16.667,16.667,0.0,0.0,0.0,50.0,33.333,0.0,0.0,1,1,0,0,0,3,2,0,0,False,False,False,False
2019-12-09,2019-12-15,6,1.667,1.633,83.333,66.667,100.0,-0.291,1.5,77.5,5,4,6,0.0,50.0,0.0,0.0,50.0,50.0,0.0,0.0,0.0,0,3,0,0,3,3,0,0,0,False,False,False,False
2019-12-16,2019-12-22,10,1.0,0.0,100.0,40.0,80.0,0.016,1.1,68.5,10,4,8,0.0,10.0,10.0,0.0,30.0,50.0,10.0,0.0,0.0,0,1,1,0,3,5,1,0,0,False,False,False,False
2019-12-23,2019-12-29,6,1.0,0.0,100.0,66.667,100.0,-0.231,1.333,74.0,6,4,6,0.0,50.0,0.0,16.667,0.0,50.0,0.0,16.667,0.0,0,3,0,1,0,3,0,1,0,False,False,False,False
2019-12-30,2020-01-05,7,2.286,1.704,57.143,28.571,57.143,0.228,1.0,76.0,4,2,4,0.0,14.286,0.0,0.0,14.286,42.857,28.571,0.0,0.0,0,1,0,0,1,3,2,0,0,False,False,False,False
2020-01-06,2020-01-12,5,1.4,0.894,80.0,60.0,60.0,-0.165,0.6,77.0,4,3,3,0.0,20.0,0.0,0.0,0.0,40.0,0.0,0.0,0.0,0,1,0,0,0,2,0,0,0,False,False,False,False
2020-01-13,2020-01-19,5,1.6,1.342,80.0,60.0,60.0,-0.031,1.0,82.0,4,3,3,0.0,40.0,0.0,0.0,0.0,20.0,0.0,20.0,20.0,0,2,0,0,0,1,0,1,1,False,False,False,False
2020-01-20,2020-01-26,12,1.833,1.337,75.0,33.333,75.0,0.296,1.167,77.5,9,4,9,8.333,33.333,0.0,0.0,8.333,58.333,0.0,8.333,0.0,1,4,0,0,1,7,0,1,0,False,False,False,False
2020-01-27,2020-02-02,11,1.727,1.348,72.727,63.636,63.636,-0.263,0.909,71.0,8,7,7,9.091,18.182,0.0,0.0,9.091,54.545,0.0,0.0,0.0,1,2,0,0,1,6,0,0,0,False,False,False,False
2020-02-03,2020-02-09,14,1.857,1.46,78.571,57.143,71.429,0.002,1.0,74.0,11,8,10,14.286,7.143,7.143,0.0,21.429,42.857,0.0,0.0,7.143,2,1,1,0,3,6,0,0,1,False,False,False,False
2020-02-10,2020-02-16,10,2.7,2.003,60.0,60.0,70.0,-0.063,1.2,84.5,6,6,7,10.0,20.0,0.0,0.0,10.0,50.0,10.0,10.0,10.0,1,2,0,0,1,5,1,1,1,False,False,False,False
2020-02-17,2020-02-23,8,2.25,1.488,62.5,25.0,62.5,0.329,1.0,78.0,5,2,5,0.0,0.0,0.0,0.0,0.0,50.0,25.0,0.0,25.0,0,0,0,0,0,4,2,0,2,False,False,False,False
2020-02-24,2020-03-01,5,1.8,1.789,80.0,40.0,40.0,0.102,0.4,86.0,4,2,2,0.0,0.0,0.0,0.0,20.0,0.0,0.0,20.0,0.0,0,0,0,0,1,0,0,1,0,False,False,False,False
2020-03-02,2020-03-08,15,1.133,0.352,100.0,73.333,73.333,-0.381,1.133,72.0,15,11,11,0.0,26.667,0.0,0.0,20.0,46.667,6.667,6.667,6.667,0,4,0,0,3,7,1,1,1,False,False,False,False
2020-03-09,2020-03-15,10,1.9,1.663,80.0,40.0,80.0,0.169,1.2,72.0,8,4,8,20.0,20.0,0.0,0.0,10.0,50.0,10.0,10.0,0.0,2,2,0,0,1,5,1,1,0,False,False,False,False
2020-03-16,2020-03-22,11,1.636,1.12,72.727,18.182,90.909,0.351,1.455,86.0,8,2,10,36.364,45.455,0.0,0.0,36.364,18.182,0.0,0.0,9.091,4,5,0,0,4,2,0,0,1,False,False,False,False
2020-03-23,2020-03-29,0,,,,,,,,,0,0,0,,,,,,,,,,0,0,0,0,0,0,0,0,0,False,False,False,False
2020-03-30,2020-04-05,4,1.75,1.5,75.0,25.0,75.0,0.184,0.75,70.5,3,1,3,0.0,50.0,0.0,0.0,0.0,0.0,0.0,0.0,25.0,0,2,0,0,0,0,0,0,1,False,False,False,False
2020-04-06,2020-04-12,7,1.857,1.574,71.429,28.571,71.429,0.27,1.143,80.0,5,2,5,0.0,14.286,0.0,0.0,28.571,42.857,14.286,14.286,0.0,0,1,0,0,2,3,1,1,0,False,False,False,False
2020-04-13,2020-04-19,5,1.4,0.894,80.0,80.0,80.0,-0.193,1.0,75.0,4,4,4,0.0,20.0,0.0,0.0,0.0,20.0,40.0,0.0,20.0,0,1,0,0,0,1,2,0,1,False,False,False,False
2020-04-20,2020-04-26,1,1.0,,100.0,100.0,0.0,-0.916,0.0,97.0,1,1,0,0.0,0.0,0.0,0.0,0.0,0.0,0.0,0.0,0.0,0,0,0,0,0,0,0,0,0,False,False,False,False
2020-04-27,2020-05-03,6,1.0,0.0,100.0,83.333,83.333,-0.517,1.0,59.0,6,5,5,0.0,0.0,0.0,0.0,16.667,66.667,16.667,0.0,0.0,0,0,0,0,1,4,1,0,0,False,False,False,False
2020-05-04,2020-05-10,4,1.75,1.5,75.0,50.0,100.0,0.098,1.0,78.0,3,2,4,0.0,0.0,0.0,0.0,0.0,50.0,50.0,0.0,0.0,0,0,0,0,0,2,2,0,0,False,False,False,False
2020-05-11,2020-05-17,6,1.167,0.408,100.0,83.333,83.333,-0.407,1.0,81.5,6,5,5,0.0,50.0,0.0,0.0,16.667,33.333,0.0,0.0,0.0,0,3,0,0,1,2,0,0,0,False,False,False,False
2020-05-18,2020-05-24,5,1.0,0.0,100.0,20.0,60.0,0.424,1.2,85.0,5,1,3,0.0,20.0,0.0,0.0,20.0,60.0,20.0,0.0,0.0,0,1,0,0,1,3,1,0,0,False,False,False,False
2020-05-25,2020-05-31,7,1.143,0.378,100.0,85.714,100.0,-0.533,1.429,83.0,7,6,7,14.286,42.857,0.0,0.0,14.286,71.429,0.0,0.0,0.0,1,3,0,0,1,5,0,0,0,False,False,False,False
2020-06-01,2020-06-07,5,1.0,0.0,100.0,60.0,100.0,-0.078,1.0,85.0,5,3,5,0.0,40.0,0.0,0.0,20.0,0.0,0.0,20.0,20.0,0,2,0,0,1,0,0,1,1,False,False,False,False
2020-06-08,2020-06-14,7,1.571,1.134,85.714,57.143,28.571,-0.066,0.571,76.0,6,4,2,0.0,14.286,0.0,14.286,0.0,14.286,14.286,0.0,0.0,0,1,0,1,0,1,1,0,0,False,False,False,False
2020-06-15,2020-06-21,6,1.5,1.225,83.333,66.667,83.333,-0.129,1.333,66.0,5,4,5,16.667,16.667,0.0,0.0,0.0,66.667,0.0,16.667,16.667,1,1,0,0,0,4,0,1,1,False,False,False,False
2020-06-22,2020-06-28,8,1.5,0.756,87.5,50.0,37.5,-0.195,0.5,83.0,7,4,3,12.5,0.0,0.0,0.0,0.0,25.0,0.0,12.5,0.0,1,0,0,0,0,2,0,1,0,False,False,False,False
2020-06-29,2020-07-05,8,1.375,1.061,87.5,50.0,62.5,-0.25,1.0,76.5,7,4,5,0.0,25.0,0.0,12.5,0.0,37.5,0.0,25.0,0.0,0,2,0,1,0,3,0,2,0,False,False,False,False
2020-07-06,2020-07-12,5,1.0,0.0,100.0,100.0,60.0,-0.522,0.6,63.0,5,5,3,0.0,0.0,0.0,0.0,0.0,40.0,0.0,0.0,20.0,0,0,0,0,0,2,0,0,1,False,False,False,False
2020-07-13,2020-07-19,5,1.2,0.447,100.0,60.0,40.0,-0.213,0.6,62.0,5,3,2,0.0,0.0,0.0,0.0,20.0,20.0,0.0,20.0,0.0,0,0,0,0,1,1,0,1,0,False,False,False,False
2020-07-20,2020-07-26,8,2.0,1.604,75.0,37.5,62.5,0.222,0.625,68.0,6,3,5,12.5,0.0,12.5,0.0,0.0,12.5,12.5,12.5,0.0,1,0,1,0,0,1,1,1,0,False,False,False,False
2020-07-27,2020-08-02,12,1.25,0.452,100.0,50.0,58.333,-0.092,0.75,85.5,12,6,7,8.333,16.667,0.0,0.0,0.0,33.333,8.333,8.333,0.0,1,2,0,0,0,4,1,1,0,False,False,False,False
2020-08-03,2020-08-09,8,1.5,1.069,87.5,87.5,87.5,-0.572,1.25,86.5,7,7,7,25.0,12.5,0.0,0.0,0.0,50.0,25.0,0.0,12.5,2,1,0,0,0,4,2,0,1,False,False,False,False
2020-08-10,2020-08-16,2,2.0,1.414,50.0,50.0,100.0,0.058,1.0,78.0,1,1,2,0.0,0.0,0.0,0.0,0.0,100.0,0.0,0.0,0.0,0,0,0,0,0,2,0,0,0,False,False,False,False
2020-08-17,2020-08-23,7,1.0,0.0,100.0,85.714,85.714,-0.517,1.286,85.0,7,6,6,42.857,28.571,0.0,0.0,0.0,28.571,0.0,14.286,14.286,3,2,0,0,0,2,0,1,1,False,False,False,False
2020-08-24,2020-08-30,11,1.727,1.348,72.727,45.455,72.727,-0.06,0.818,76.0,8,5,8,18.182,9.091,0.0,0.0,0.0,45.455,0.0,9.091,0.0,2,1,0,0,0,5,0,1,0,False,False,False,False
2020-08-31,2020-09-06,3,1.0,0.0,100.0,33.333,33.333,0.447,0.333,84.0,3,1,1,0.0,0.0,0.0,0.0,0.0,33.333,0.0,0.0,0.0,0,0,0,0,0,1,0,0,0,False,False,False,False
2020-09-07,2020-09-13,11,1.364,0.674,90.909,54.545,81.818,-0.251,1.273,77.0,10,6,9,9.091,54.545,0.0,0.0,0.0,63.636,0.0,0.0,0.0,1,6,0,0,0,7,0,0,0,False,False,False,False
2020-09-14,2020-09-20,9,1.889,1.537,77.778,55.556,44.444,-0.133,0.556,71.0,7,5,4,0.0,11.111,0.0,0.0,0.0,22.222,0.0,0.0,22.222,0,1,0,0,0,2,0,0,2,False,False,False,False
2020-09-21,2020-09-27,13,1.462,1.127,92.308,76.923,76.923,-0.359,0.846,71.0,12,10,10,7.692,0.0,0.0,0.0,15.385,53.846,7.692,0.0,0.0,1,0,0,0,2,7,1,0,0,False,False,False,False
2020-09-28,2020-10-04,10,1.0,0.0,100.0,80.0,70.0,-0.389,1.2,87.5,10,8,7,0.0,40.0,0.0,0.0,10.0,40.0,20.0,10.0,0.0,0,4,0,0,1,4,2,1,0,False,False,False,False
2020-10-05,2020-10-11,3,1.333,0.577,100.0,66.667,100.0,-0.464,1.333,67.0,3,2,3,0.0,33.333,0.0,0.0,0.0,66.667,0.0,0.0,33.333,0,1,0,0,0,2,0,0,1,False,False,False,False
2020-10-12,2020-10-18,7,1.429,0.787,85.714,42.857,57.143,0.117,0.714,76.0,6,3,4,0.0,28.571,0.0,0.0,14.286,28.571,0.0,0.0,0.0,0,2,0,0,1,2,0,0,0,False,False,False,False
2020-10-19,2020-10-25,8,1.875,1.458,75.0,12.5,62.5,0.35,0.75,80.0,6,1,5,12.5,25.0,12.5,0.0,0.0,25.0,0.0,0.0,0.0,1,2,1,0,0,2,0,0,0,False,False,False,False
2020-10-26,2020-11-01,5,1.4,0.894,80.0,80.0,60.0,-0.34,0.8,80.0,4,4,3,20.0,0.0,0.0,0.0,0.0,60.0,0.0,0.0,0.0,1,0,0,0,0,3,0,0,0,False,False,False,False
2020-11-02,2020-11-08,9,1.889,1.269,77.778,77.778,55.556,-0.382,0.778,64.0,7,7,5,11.111,11.111,0.0,0.0,0.0,33.333,11.111,11.111,0.0,1,1,0,0,0,3,1,1,0,False,False,False,False
2020-11-09,2020-11-15,5,1.4,0.548,100.0,40.0,40.0,0.0,0.8,66.0,5,2,2,0.0,0.0,0.0,20.0,20.0,20.0,20.0,0.0,0.0,0,0,0,1,1,1,1,0,0,False,False,False,False
2020-11-16,2020-11-22,8,1.25,0.707,87.5,37.5,62.5,-0.028,1.375,87.0,7,3,5,0.0,25.0,0.0,12.5,37.5,37.5,0.0,25.0,0.0,0,2,0,1,3,3,0,2,0,False,False,False,False
2020-11-23,2020-11-29,5,2.0,1.414,60.0,40.0,100.0,0.046,1.6,83.0,3,2,5,20.0,20.0,0.0,0.0,0.0,20.0,40.0,20.0,40.0,1,1,0,0,0,1,2,1,2,False,False,False,False
2020-11-30,2020-12-06,6,1.0,0.0,100.0,83.333,66.667,-0.249,1.0,83.0,6,5,4,0.0,66.667,0.0,0.0,0.0,33.333,0.0,0.0,0.0,0,4,0,0,0,2,0,0,0,False,False,False,False
2020-12-07,2020-12-13,6,1.333,0.816,83.333,50.0,50.0,-0.035,0.667,82.5,5,3,3,16.667,0.0,0.0,0.0,0.0,33.333,16.667,0.0,0.0,1,0,0,0,0,2,1,0,0,False,False,False,False
2020-12-14,2020-12-20,5,1.4,0.894,80.0,80.0,100.0,-0.382,2.0,86.0,4,4,5,0.0,20.0,0.0,0.0,20.0,100.0,20.0,40.0,0.0,0,1,0,0,1,5,1,2,0,False,False,False,False
2020-12-21,2020-12-27,7,1.571,0.787,85.714,71.429,42.857,-0.282,0.571,73.0,6,5,3,0.0,14.286,0.0,0.0,0.0,28.571,14.286,0.0,0.0,0,1,0,0,0,2,1,0,0,False,False,False,False
2020-12-28,2021-01-03,5,1.6,1.342,80.0,60.0,80.0,-0.099,1.4,75.0,4,3,4,0.0,40.0,0.0,0.0,20.0,60.0,0.0,20.0,0.0,0,2,0,0,1,3,0,1,0,False,False,False,False
2021-01-04,2021-01-10,12,1.75,1.288,75.0,66.667,58.333,-0.213,0.833,81.0,9,8,7,0.0,16.667,0.0,0.0,25.0,33.333,8.333,0.0,0.0,0,2,0,0,3,4,1,0,0,False,False,False,False
2021-01-11,2021-01-17,6,2.5,1.761,50.0,66.667,50.0,-0.157,0.667,68.0,3,4,3,0.0,16.667,0.0,0.0,33.333,16.667,0.0,0.0,0.0,0,1,0,0,2,1,0,0,0,False,False,False,False
2021-01-18,2021-01-24,4,1.0,0.0,100.0,50.0,75.0,-0.075,0.75,71.0,4,2,3,0.0,50.0,0.0,0.0,0.0,25.0,0.0,0.0,0.0,0,2,0,0,0,1,0,0,0,False,False,False,False
2021-01-25,2021-01-31,8,1.5,1.069,87.5,50.0,62.5,-0.055,1.0,68.0,7,4,5,0.0,50.0,0.0,0.0,0.0,50.0,0.0,0.0,0.0,0,4,0,0,0,4,0,0,0,False,False,False,False
2021-02-01,2021-02-07,9,1.556,0.882,77.778,66.667,55.556,-0.285,0.889,86.0,7,6,5,11.111,22.222,0.0,0.0,0.0,44.444,11.111,0.0,0.0,1,2,0,0,0,4,1,0,0,False,False,False,False
2021-02-08,2021-02-14,3,2.0,1.732,66.667,33.333,100.0,0.053,1.667,70.0,2,1,3,0.0,0.0,0.0,33.333,33.333,33.333,66.667,0.0,0.0,0,0,0,1,1,1,2,0,0,False,False,False,False
2021-02-15,2021-02-21,4,1.0,0.0,100.0,0.0,50.0,0.37,1.25,77.5,4,0,2,0.0,25.0,0.0,0.0,25.0,50.0,25.0,0.0,0.0,0,1,0,0,1,2,1,0,0,False,False,False,False
2021-02-22,2021-02-28,2,1.0,0.0,100.0,50.0,100.0,-0.231,1.0,86.5,2,1,2,0.0,0.0,0.0,0.0,0.0,50.0,0.0,50.0,0.0,0,0,0,0,0,1,0,1,0,False,False,False,False
2021-03-01,2021-03-07,5,3.0,2.0,40.0,0.0,60.0,0.903,0.8,80.0,2,0,3,0.0,20.0,0.0,20.0,20.0,20.0,0.0,0.0,0.0,0,1,0,1,1,1,0,0,0,False,False,False,False
2021-03-08,2021-03-14,6,1.5,0.837,83.333,50.0,50.0,-0.077,1.0,89.0,5,3,3,0.0,33.333,0.0,0.0,0.0,50.0,0.0,16.667,0.0,0,2,0,0,0,3,0,1,0,False,False,False,False
2021-03-15,2021-03-21,5,2.2,1.789,60.0,40.0,80.0,0.047,1.2,85.0,3,2,4,0.0,40.0,0.0,0.0,20.0,40.0,20.0,0.0,0.0,0,2,0,0,1,2,1,0,0,False,False,False,False
2021-03-22,2021-03-28,6,1.5,1.225,83.333,66.667,83.333,-0.279,1.167,69.0,5,4,5,0.0,0.0,0.0,0.0,33.333,66.667,16.667,0.0,0.0,0,0,0,0,2,4,1,0,0,False,False,False,False
2021-03-29,2021-04-04,4,2.5,1.915,50.0,25.0,100.0,0.447,1.0,82.5,2,1,4,25.0,0.0,0.0,0.0,25.0,25.0,25.0,0.0,0.0,1,0,0,0,1,1,1,0,0,False,False,False,False
2021-04-05,2021-04-11,1,1.0,,100.0,0.0,100.0,0.153,2.0,61.0,1,0,1,0.0,0.0,0.0,0.0,100.0,100.0,0.0,0.0,0.0,0,0,0,0,1,1,0,0,0,False,False,False,False
2021-04-12,2021-04-18,4,2.0,2.0,75.0,50.0,50.0,0.111,0.75,85.0,3,2,2,0.0,25.0,0.0,0.0,50.0,0.0,0.0,0.0,0.0,0,1,0,0,2,0,0,0,0,False,False,False,False
2021-04-19,2021-04-25,6,2.167,1.835,66.667,50.0,50.0,0.153,1.0,81.0,4,3,3,0.0,33.333,0.0,16.667,16.667,16.667,0.0,16.667,0.0,0,2,0,1,1,1,0,1,0,False,False,False,False
2021-04-26,2021-05-02,14,1.429,0.938,85.714,71.429,42.857,-0.288,0.429,80.0,12,10,6,0.0,0.0,0.0,0.0,0.0,21.429,7.143,14.286,0.0,0,0,0,0,0,3,1,2,0,False,False,False,False
2021-05-03,2021-05-09,7,1.0,0.0,100.0,57.143,57.143,-0.15,0.714,64.0,7,4,4,14.286,0.0,0.0,0.0,0.0,57.143,0.0,0.0,0.0,1,0,0,0,0,4,0,0,0,False,False,False,False
2021-05-10,2021-05-16,7,1.571,0.976,71.429,100.0,71.429,-0.614,1.0,80.0,5,7,5,14.286,14.286,0.0,0.0,28.571,42.857,0.0,0.0,0.0,1,1,0,0,2,3,0,0,0,False,False,False,False
2021-05-17,2021-05-23,4,1.0,0.0,100.0,75.0,75.0,-0.338,1.0,84.0,4,3,3,0.0,0.0,0.0,0.0,0.0,25.0,50.0,25.0,0.0,0,0,0,0,0,1,2,1,0,False,False,False,False
2021-05-24,2021-05-30,3,1.0,0.0,100.0,100.0,66.667,-0.801,1.0,84.0,3,3,2,0.0,33.333,0.0,0.0,0.0,33.333,0.0,33.333,0.0,0,1,0,0,0,1,0,1,0,False,False,False,False
2021-05-31,2021-06-06,0,,,,,,,,,0,0,0,,,,,,,,,,0,0,0,0,0,0,0,0,0,False,False,False,False
2021-06-07,2021-06-13,6,1.667,1.633,83.333,66.667,50.0,-0.254,1.167,88.5,5,4,3,0.0,0.0,0.0,16.667,16.667,50.0,16.667,16.667,0.0,0,0,0,1,1,3,1,1,0,False,False,False,False
2021-06-14,2021-06-20,3,1.667,0.577,100.0,66.667,0.0,-0.356,0.0,71.0,3,2,0,0.0,0.0,0.0,0.0,0.0,0.0,0.0,0.0,0.0,0,0,0,0,0,0,0,0,0,False,False,False,False
2021-06-21,2021-06-27,7,1.0,0.0,100.0,57.143,28.571,-0.136,0.286,67.0,7,4,2,0.0,14.286,0.0,0.0,0.0,0.0,14.286,0.0,0.0,0,1,0,0,0,0,1,0,0,False,False,False,False
2021-06-28,2021-07-04,5,1.4,0.548,100.0,20.0,40.0,0.168,0.6,77.0,5,1,2,40.0,0.0,0.0,0.0,0.0,20.0,0.0,0.0,0.0,2,0,0,0,0,1,0,0,0,False,False,False,False
2021-07-05,2021-07-11,7,1.571,1.134,85.714,42.857,85.714,0.019,1.286,73.0,6,3,6,0.0,28.571,0.0,0.0,14.286,57.143,14.286,14.286,0.0,0,2,0,0,1,4,1,1,0,False,False,False,False
2021-07-12,2021-07-18,6,2.167,1.472,66.667,50.0,66.667,0.006,1.167,88.0,4,3,4,16.667,16.667,0.0,0.0,16.667,50.0,16.667,0.0,0.0,1,1,0,0,1,3,1,0,0,False,False,False,False
2021-07-19,2021-07-25,5,2.0,1.0,60.0,40.0,60.0,0.087,1.0,79.0,3,2,3,0.0,40.0,0.0,0.0,20.0,40.0,0.0,0.0,0.0,0,2,0,0,1,2,0,0,0,False,False,False,False
2021-07-26,2021-08-01,4,1.0,0.0,100.0,50.0,100.0,0.04,1.5,71.0,4,2,4,0.0,0.0,0.0,0.0,25.0,100.0,25.0,0.0,0.0,0,0,0,0,1,4,1,0,0,False,False,False,False
2021-08-02,2021-08-08,1,1.0,,100.0,100.0,0.0,-0.879,0.0,83.0,1,1,0,0.0,0.0,0.0,0.0,0.0,0.0,0.0,0.0,0.0,0,0,0,0,0,0,0,0,0,False,False,False,False
2021-08-09,2021-08-15,5,1.4,0.894,80.0,80.0,80.0,-0.401,1.2,88.0,4,4,4,20.0,40.0,0.0,0.0,20.0,40.0,0.0,0.0,0.0,1,2,0,0,1,2,0,0,0,False,False,False,False
2021-08-16,2021-08-22,5,2.8,1.789,40.0,40.0,60.0,-0.081,0.8,60.0,2,2,3,0.0,20.0,0.0,0.0,20.0,20.0,20.0,0.0,0.0,0,1,0,0,1,1,1,0,0,False,False,False,False
2021-08-23,2021-08-29,1,5.0,,0.0,0.0,100.0,0.862,1.0,58.0,0,0,1,0.0,100.0,0.0,0.0,0.0,0.0,0.0,0.0,0.0,0,1,0,0,0,0,0,0,0,False,False,False,False
2021-08-30,2021-09-05,0,,,,,,,,,0,0,0,,,,,,,,,,0,0,0,0,0,0,0,0,0,False,False,False,False
2021-09-06,2021-09-12,5,1.0,0.0,100.0,80.0,100.0,-0.372,1.4,73.0,5,4,5,40.0,40.0,0.0,0.0,0.0,40.0,0.0,0.0,20.0,2,2,0,0,0,2,0,0,1,False,False,False,False
2021-09-13,2021-09-19,8,1.625,0.916,75.0,62.5,50.0,-0.103,0.625,75.0,6,5,4,0.0,12.5,0.0,0.0,25.0,12.5,12.5,0.0,0.0,0,1,0,0,2,1,1,0,0,False,False,False,False
2021-09-20,2021-09-26,4,1.5,1.0,75.0,75.0,25.0,-0.295,0.5,83.5,3,3,1,0.0,0.0,25.0,0.0,0.0,25.0,0.0,0.0,0.0,0,0,1,0,0,1,0,0,0,False,False,False,False
2021-09-27,2021-10-03,5,1.2,0.447,100.0,100.0,100.0,-0.487,1.6,89.0,5,5,5,40.0,0.0,0.0,0.0,0.0,40.0,40.0,40.0,0.0,2,0,0,0,0,2,2,2,0,False,False,False,False
2021-10-04,2021-10-10,6,2.0,1.549,66.667,33.333,66.667,0.298,0.833,77.5,4,2,4,0.0,0.0,0.0,0.0,16.667,50.0,0.0,16.667,0.0,0,0,0,0,1,3,0,1,0,False,False,False,False
2021-10-11,2021-10-17,0,,,,,,,,,0,0,0,,,,,,,,,,0,0,0,0,0,0,0,0,0,False,False,False,False
2021-10-18,2021-10-24,3,1.0,0.0,100.0,100.0,66.667,-0.854,1.0,85.0,3,3,2,33.333,33.333,0.0,0.0,0.0,0.0,0.0,0.0,33.333,1,1,0,0,0,0,0,0,1,False,False,False,False
2021-10-25,2021-10-31,2,1.0,0.0,100.0,100.0,100.0,-0.61,1.5,74.5,2,2,2,0.0,50.0,0.0,0.0,0.0,100.0,0.0,0.0,0.0,0,1,0,0,0,2,0,0,0,False,False,False,False
2021-11-01,2021-11-07,7,1.571,1.512,85.714,71.429,100.0,-0.325,1.571,70.0,6,5,7,28.571,0.0,0.0,0.0,14.286,57.143,28.571,28.571,0.0,2,0,0,0,1,4,2,2,0,False,False,False,False
2021-11-08,2021-11-14,2,2.5,2.121,50.0,100.0,50.0,-0.883,1.0,60.5,1,2,1,0.0,0.0,0.0,0.0,0.0,50.0,0.0,50.0,0.0,0,0,0,0,0,1,0,1,0,False,False,False,False
2021-11-15,2021-11-21,2,1.5,0.707,100.0,100.0,100.0,-0.506,1.0,72.5,2,2,2,0.0,0.0,0.0,0.0,0.0,50.0,0.0,50.0,0.0,0,0,0,0,0,1,0,1,0,False,False,False,False
2021-11-22,2021-11-28,3,2.667,2.082,66.667,33.333,33.333,0.271,0.667,73.0,2,1,1,0.0,33.333,0.0,0.0,0.0,33.333,0.0,0.0,0.0,0,1,0,0,0,1,0,0,0,False,False,False,False
2021-11-29,2021-12-05,2,1.0,0.0,100.0,100.0,100.0,-0.736,1.0,66.0,2,2,2,0.0,50.0,0.0,0.0,0.0,0.0,0.0,50.0,0.0,0,1,0,0,0,0,0,1,0,False,False,False,False
2021-12-06,2021-12-12,2,1.0,0.0,100.0,50.0,50.0,-0.379,1.0,77.5,2,1,1,0.0,0.0,0.0,0.0,0.0,50.0,50.0,0.0,0.0,0,0,0,0,0,1,1,0,0,False,False,False,False
2021-12-13,2021-12-19,2,1.0,0.0,100.0,100.0,50.0,-0.825,1.0,90.5,2,2,1,0.0,0.0,0.0,0.0,50.0,50.0,0.0,0.0,0.0,0,0,0,0,1,1,0,0,0,False,False,False,False
2021-12-20,2021-12-26,1,1.0,,100.0,0.0,100.0,0.115,1.0,54.0,1,0,1,0.0,100.0,0.0,0.0,0.0,0.0,0.0,0.0,0.0,0,1,0,0,0,0,0,0,0,False,False,False,False
2021-12-27,2022-01-02,2,1.0,0.0,100.0,100.0,100.0,-0.82,1.5,79.5,2,2,2,0.0,50.0,0.0,0.0,0.0,100.0,0.0,0.0,0.0,0,1,0,0,0,2,0,0,0,False,False,False,False
2022-01-03,2022-01-09,6,1.5,0.837,83.333,66.667,83.333,-0.37,1.167,80.5,5,4,5,16.667,33.333,0.0,0.0,0.0,50.0,0.0,16.667,0.0,1,2,0,0,0,3,0,1,0,False,False,False,False
2022-01-10,2022-01-16,3,1.0,0.0,100.0,100.0,66.667,-0.531,1.0,90.0,3,3,2,0.0,0.0,0.0,0.0,0.0,66.667,0.0,33.333,0.0,0,0,0,0,0,2,0,1,0,False,False,False,False
2022-01-17,2022-01-23,0,,,,,,,,,0,0,0,,,,,,,,,,0,0,0,0,0,0,0,0,0,False,False,False,False
2022-01-24,2022-01-30,3,2.0,1.732,66.667,66.667,33.333,-0.067,0.333,71.0,2,2,1,0.0,0.0,0.0,0.0,0.0,33.333,0.0,0.0,0.0,0,0,0,0,0,1,0,0,0,False,False,False,False
2022-01-31,2022-02-06,6,1.0,0.0,100.0,83.333,100.0,-0.419,2.0,81.5,6,5,6,0.0,50.0,33.333,0.0,33.333,83.333,0.0,0.0,0.0,0,3,2,0,2,5,0,0,0,False,False,False,False
2022-02-07,2022-02-13,5,1.0,0.0,100.0,60.0,100.0,-0.084,1.4,87.0,5,3,5,0.0,20.0,0.0,0.0,0.0,80.0,20.0,20.0,0.0,0,1,0,0,0,4,1,1,0,False,False,False,False
2022-02-14,2022-02-20,4,2.25,1.5,50.0,75.0,75.0,-0.389,1.0,66.0,2,3,3,25.0,25.0,0.0,0.0,0.0,50.0,0.0,0.0,0.0,1,1,0,0,0,2,0,0,0,False,False,False,False
2022-02-21,2022-02-27,4,1.0,0.0,100.0,50.0,100.0,0.009,1.0,83.0,4,2,4,0.0,0.0,0.0,0.0,0.0,75.0,0.0,25.0,0.0,0,0,0,0,0,3,0,1,0,False,False,False,False
2022-02-28,2022-03-06,0,,,,,,,,,0,0,0,,,,,,,,,,0,0,0,0,0,0,0,0,0,False,False,False,False
2022-03-07,2022-03-13,6,1.333,0.516,100.0,100.0,100.0,-0.563,1.333,69.5,6,6,6,0.0,50.0,0.0,0.0,16.667,50.0,0.0,16.667,0.0,0,3,0,0,1,3,0,1,0,False,False,False,False
2022-03-14,2022-03-20,1,1.0,,100.0,100.0,100.0,-0.925,1.0,61.0,1,1,1,0.0,100.0,0.0,0.0,0.0,0.0,0.0,0.0,0.0,0,1,0,0,0,0,0,0,0,False,False,False,False
2022-03-21,2022-03-27,0,,,,,,,,,0,0,0,,,,,,,,,,0,0,0,0,0,0,0,0,0,False,False,False,False
2022-03-28,2022-04-03,4,1.25,0.5,100.0,75.0,25.0,-0.319,0.75,71.0,4,3,1,0.0,25.0,0.0,0.0,0.0,25.0,0.0,25.0,0.0,0,1,0,0,0,1,0,1,0,False,False,False,False
2022-04-04,2022-04-10,6,1.0,0.0,100.0,66.667,83.333,-0.286,1.5,76.0,6,4,5,0.0,16.667,0.0,0.0,0.0,83.333,33.333,16.667,0.0,0,1,0,0,0,5,2,1,0,False,False,False,False
2022-04-11,2022-04-17,3,1.0,0.0,100.0,100.0,33.333,-0.823,0.333,98.0,3,3,1,0.0,0.0,0.0,0.0,0.0,33.333,0.0,0.0,0.0,0,0,0,0,0,1,0,0,0,False,False,False,False
2022-04-18,2022-04-24,3,2.0,1.732,66.667,66.667,66.667,-0.074,1.0,64.0,2,2,2,33.333,0.0,0.0,0.0,0.0,33.333,33.333,0.0,0.0,1,0,0,0,0,1,1,0,0,False,False,False,False
2022-04-25,2022-05-01,5,1.0,0.0,100.0,60.0,80.0,-0.14,1.4,73.0,5,3,4,0.0,40.0,0.0,0.0,0.0,40.0,40.0,20.0,0.0,0,2,0,0,0,2,2,1,0,False,False,False,False
2022-05-02,2022-05-08,6,1.5,0.837,83.333,33.333,66.667,0.176,1.167,78.0,5,2,4,33.333,33.333,16.667,0.0,16.667,16.667,0.0,0.0,0.0,2,2,1,0,1,1,0,0,0,False,False,False,False
2022-05-09,2022-05-15,7,1.571,1.512,85.714,71.429,57.143,-0.496,1.0,90.0,6,5,4,0.0,0.0,14.286,0.0,28.571,28.571,14.286,14.286,0.0,0,0,1,0,2,2,1,1,0,False,False,False,False
2022-05-16,2022-05-22,1,2.0,,100.0,100.0,100.0,-0.149,1.0,90.0,1,1,1,0.0,0.0,0.0,0.0,0.0,100.0,0.0,0.0,0.0,0,0,0,0,0,1,0,0,0,False,False,False,False
2022-05-23,2022-05-29,1,1.0,,100.0,0.0,0.0,0.013,0.0,76.0,1,0,0,0.0,0.0,0.0,0.0,0.0,0.0,0.0,0.0,0.0,0,0,0,0,0,0,0,0,0,False,False,False,False
2022-05-30,2022-06-05,3,1.0,0.0,100.0,100.0,66.667,-0.797,1.333,85.0,3,3,2,0.0,33.333,0.0,0.0,0.0,66.667,33.333,0.0,0.0,0,1,0,0,0,2,1,0,0,False,False,False,False
2022-06-06,2022-06-12,4,1.5,1.0,75.0,100.0,50.0,-0.505,0.75,77.0,3,4,2,25.0,0.0,0.0,0.0,25.0,25.0,0.0,0.0,0.0,1,0,0,0,1,1,0,0,0,False,False,False,False
2022-06-13,2022-06-19,6,2.667,1.862,50.0,33.333,83.333,0.291,1.0,80.5,3,2,5,16.667,50.0,0.0,0.0,0.0,16.667,16.667,0.0,0.0,1,3,0,0,0,1,1,0,0,False,False,False,False
2022-06-20,2022-06-26,5,1.2,0.447,100.0,80.0,60.0,-0.286,0.8,80.0,5,4,3,20.0,20.0,0.0,0.0,20.0,20.0,0.0,0.0,0.0,1,1,0,0,1,1,0,0,0,False,False,False,False
2022-06-27,2022-07-03,6,1.5,0.837,83.333,33.333,83.333,0.115,1.333,71.0,5,2,5,0.0,33.333,0.0,0.0,0.0,50.0,0.0,33.333,16.667,0,2,0,0,0,3,0,2,1,False,False,False,False
2022-07-04,2022-07-10,6,1.167,0.408,100.0,16.667,50.0,0.395,0.5,64.0,6,1,3,16.667,0.0,0.0,0.0,0.0,33.333,0.0,0.0,0.0,1,0,0,0,0,2,0,0,0,False,False,False,False
2022-07-11,2022-07-17,2,1.0,0.0,100.0,50.0,50.0,0.177,1.5,84.5,2,1,1,0.0,50.0,0.0,0.0,0.0,50.0,0.0,0.0,50.0,0,1,0,0,0,1,0,0,1,False,False,False,False
2022-07-18,2022-07-24,4,1.0,0.0,100.0,75.0,100.0,-0.432,1.5,84.0,4,3,4,0.0,0.0,0.0,0.0,0.0,100.0,25.0,25.0,0.0,0,0,0,0,0,4,1,1,0,False,False,False,False
2022-07-25,2022-07-31,7,1.429,1.134,85.714,14.286,85.714,0.241,1.429,84.0,6,1,6,14.286,42.857,14.286,0.0,14.286,42.857,14.286,0.0,0.0,1,3,1,0,1,3,1,0,0,False,False,False,False
2022-08-01,2022-08-07,7,1.571,0.787,85.714,85.714,57.143,-0.514,0.714,85.0,6,6,4,14.286,14.286,0.0,0.0,0.0,42.857,0.0,0.0,0.0,1,1,0,0,0,3,0,0,0,False,False,False,False
2022-08-08,2022-08-14,8,1.5,0.926,75.0,87.5,62.5,-0.373,1.0,87.0,6,7,5,25.0,12.5,0.0,0.0,0.0,62.5,0.0,0.0,0.0,2,1,0,0,0,5,0,0,0,False,False,False,False
2022-08-15,2022-08-21,4,2.0,2.0,75.0,50.0,75.0,-0.03,0.75,65.5,3,2,3,0.0,0.0,0.0,0.0,0.0,75.0,0.0,0.0,0.0,0,0,0,0,0,3,0,0,0,False,False,False,False
2022-08-22,2022-08-28,1,1.0,,100.0,100.0,0.0,-0.882,0.0,83.0,1,1,0,0.0,0.0,0.0,0.0,0.0,0.0,0.0,0.0,0.0,0,0,0,0,0,0,0,0,0,False,False,False,False
2022-08-29,2022-09-04,4,1.0,0.0,100.0,100.0,75.0,-0.693,1.25,71.0,4,4,3,50.0,0.0,0.0,0.0,25.0,25.0,0.0,0.0,25.0,2,0,0,0,1,1,0,0,1,False,False,False,False
2022-09-05,2022-09-11,7,1.0,0.0,100.0,85.714,85.714,-0.645,1.286,67.0,7,6,6,14.286,14.286,14.286,0.0,0.0,71.429,0.0,0.0,14.286,1,1,1,0,0,5,0,0,1,False,False,False,False
2022-09-12,2022-09-18,1,1.0,,100.0,0.0,0.0,0.166,0.0,90.0,1,0,0,0.0,0.0,0.0,0.0,0.0,0.0,0.0,0.0,0.0,0,0,0,0,0,0,0,0,0,False,False,False,False
2022-09-19,2022-09-25,10,1.7,1.494,80.0,70.0,50.0,-0.219,0.5,80.0,8,7,5,0.0,0.0,0.0,0.0,10.0,40.0,0.0,0.0,0.0,0,0,0,0,1,4,0,0,0,False,False,False,False
2022-09-26,2022-10-02,6,2.667,1.966,50.0,33.333,50.0,0.029,0.667,71.5,3,2,3,16.667,0.0,0.0,0.0,0.0,33.333,16.667,0.0,0.0,1,0,0,0,0,2,1,0,0,False,False,False,False
2022-10-03,2022-10-09,4,1.25,0.5,100.0,75.0,75.0,-0.186,0.75,71.0,4,3,3,0.0,0.0,0.0,0.0,0.0,50.0,25.0,0.0,0.0,0,0,0,0,0,2,1,0,0,False,False,False,False
2022-10-10,2022-10-16,6,2.167,1.835,66.667,83.333,66.667,-0.244,0.833,64.5,4,5,4,0.0,16.667,0.0,0.0,0.0,0.0,16.667,16.667,33.333,0,1,0,0,0,0,1,1,2,False,False,False,False
2022-10-17,2022-10-23,4,1.0,0.0,100.0,75.0,75.0,-0.332,1.25,83.0,4,3,3,0.0,0.0,0.0,0.0,0.0,50.0,25.0,50.0,0.0,0,0,0,0,0,2,1,2,0,False,False,False,False
2022-10-24,2022-10-30,4,1.5,1.0,75.0,25.0,100.0,0.176,1.5,87.5,3,1,4,0.0,25.0,0.0,0.0,0.0,75.0,25.0,25.0,0.0,0,1,0,0,0,3,1,1,0,False,False,False,False
2022-10-31,2022-11-06,5,2.4,1.949,60.0,60.0,80.0,-0.141,1.6,67.0,3,3,4,0.0,0.0,0.0,0.0,0.0,60.0,40.0,60.0,0.0,0,0,0,0,0,3,2,3,0,False,False,False,False
2022-11-07,2022-11-13,1,1.0,,100.0,0.0,0.0,0.79,0.0,91.0,1,0,0,0.0,0.0,0.0,0.0,0.0,0.0,0.0,0.0,0.0,0,0,0,0,0,0,0,0,0,False,False,False,False
2022-11-14,2022-11-20,2,1.0,0.0,100.0,0.0,100.0,0.188,2.0,73.0,2,0,2,50.0,50.0,0.0,0.0,0.0,100.0,0.0,0.0,0.0,1,1,0,0,0,2,0,0,0,False,False,False,False
2022-11-21,2022-11-27,3,1.333,0.577,100.0,100.0,33.333,-0.742,0.667,87.0,3,3,1,0.0,0.0,0.0,0.0,0.0,33.333,0.0,0.0,33.333,0,0,0,0,0,1,0,0,1,False,False,False,False
2022-11-28,2022-12-04,8,1.125,0.354,100.0,87.5,87.5,-0.467,1.0,72.0,8,7,7,0.0,12.5,0.0,0.0,12.5,37.5,0.0,25.0,12.5,0,1,0,0,1,3,0,2,1,False,False,False,False
2022-12-05,2022-12-11,4,1.5,0.577,100.0,50.0,50.0,0.067,0.5,86.5,4,2,2,0.0,25.0,0.0,0.0,0.0,25.0,0.0,0.0,0.0,0,1,0,0,0,1,0,0,0,False,False,False,False
2022-12-12,2022-12-18,2,3.0,2.828,50.0,0.0,50.0,0.636,0.5,78.5,1,0,1,0.0,0.0,0.0,0.0,0.0,0.0,0.0,50.0,0.0,0,0,0,0,0,0,0,1,0,False,False,False,False
2022-12-19,2022-12-25,2,1.0,0.0,100.0,50.0,100.0,0.196,1.0,67.5,2,1,2,0.0,50.0,0.0,0.0,0.0,50.0,0.0,0.0,0.0,0,1,0,0,0,1,0,0,0,False,False,False,False
2022-12-26,2023-01-01,4,1.25,0.5,100.0,75.0,50.0,-0.039,0.75,83.0,4,3,2,25.0,0.0,0.0,0.0,0.0,50.0,0.0,0.0,0.0,1,0,0,0,0,2,0,0,0,False,False,False,False
2023-01-02,2023-01-08,3,2.0,1.732,66.667,66.667,100.0,-0.396,1.333,75.0,2,2,3,33.333,0.0,0.0,0.0,0.0,100.0,0.0,0.0,0.0,1,0,0,0,0,3,0,0,0,False,False,False,False
2023-01-09,2023-01-15,3,1.333,0.577,100.0,0.0,66.667,0.639,1.333,85.0,3,0,2,33.333,0.0,0.0,0.0,33.333,66.667,0.0,0.0,0.0,1,0,0,0,1,2,0,0,0,False,False,False,False
2023-01-16,2023-01-22,1,1.0,,100.0,100.0,0.0,-0.899,0.0,69.0,1,1,0,0.0,0.0,0.0,0.0,0.0,0.0,0.0,0.0,0.0,0,0,0,0,0,0,0,0,0,False,False,False,False
2023-01-23,2023-01-29,0,,,,,,,,,0,0,0,,,,,,,,,,0,0,0,0,0,0,0,0,0,False,False,False,False
2023-01-30,2023-02-05,7,1.143,0.378,100.0,85.714,57.143,-0.509,0.571,74.0,7,6,4,0.0,14.286,0.0,0.0,0.0,28.571,0.0,14.286,0.0,0,1,0,0,0,2,0,1,0,False,False,False,False
2023-02-06,2023-02-12,4,1.0,0.0,100.0,50.0,75.0,-0.113,1.0,74.0,4,2,3,0.0,25.0,0.0,0.0,0.0,75.0,0.0,0.0,0.0,0,1,0,0,0,3,0,0,0,False,False,False,False
2023-02-13,2023-02-19,1,4.0,,0.0,0.0,100.0,0.806,1.0,82.0,0,0,1,100.0,0.0,0.0,0.0,0.0,0.0,0.0,0.0,0.0,1,0,0,0,0,0,0,0,0,False,False,False,False
2023-02-20,2023-02-26,7,1.571,1.512,85.714,85.714,42.857,-0.627,0.571,74.0,6,6,3,14.286,0.0,0.0,0.0,0.0,28.571,14.286,0.0,0.0,1,0,0,0,0,2,1,0,0,False,False,False,False
2023-02-27,2023-03-05,6,2.667,1.633,50.0,16.667,66.667,0.41,1.0,79.5,3,1,4,0.0,0.0,0.0,0.0,33.333,16.667,0.0,16.667,33.333,0,0,0,0,2,1,0,1,2,False,False,False,False
2023-03-06,2023-03-12,3,1.0,0.0,100.0,100.0,66.667,-0.809,0.667,68.0,3,3,2,0.0,0.0,0.0,0.0,0.0,33.333,0.0,0.0,33.333,0,0,0,0,0,1,0,0,1,False,False,False,False
2023-03-13,2023-03-19,3,1.0,0.0,100.0,66.667,66.667,-0.286,0.667,82.0,3,2,2,0.0,33.333,0.0,0.0,0.0,33.333,0.0,0.0,0.0,0,1,0,0,0,1,0,0,0,False,False,False,False
2023-03-20,2023-03-26,3,2.333,2.309,66.667,33.333,100.0,0.188,1.0,68.0,2,1,3,33.333,0.0,0.0,0.0,0.0,66.667,0.0,0.0,0.0,1,0,0,0,0,2,0,0,0,False,False,False,False
2023-03-27,2023-04-02,4,1.25,0.5,100.0,50.0,50.0,0.165,0.5,75.0,4,2,2,25.0,0.0,0.0,0.0,0.0,25.0,0.0,0.0,0.0,1,0,0,0,0,1,0,0,0,False,False,False,False
2023-04-03,2023-04-09,4,2.75,2.062,50.0,50.0,50.0,0.002,0.5,67.5,2,2,2,0.0,0.0,0.0,0.0,0.0,25.0,0.0,25.0,0.0,0,0,0,0,0,1,0,1,0,False,False,False,False
2023-04-10,2023-04-16,3,1.0,0.0,100.0,66.667,100.0,-0.183,1.667,94.0,3,2,3,0.0,0.0,0.0,0.0,0.0,100.0,33.333,33.333,0.0,0,0,0,0,0,3,1,1,0,False,False,False,False
2023-04-17,2023-04-23,3,1.0,0.0,100.0,33.333,66.667,0.147,1.0,85.0,3,1,2,0.0,66.667,0.0,0.0,0.0,33.333,0.0,0.0,0.0,0,2,0,0,0,1,0,0,0,False,False,False,False
2023-04-24,2023-04-30,0,,,,,,,,,0,0,0,,,,,,,,,,0,0,0,0,0,0,0,0,0,False,False,False,False
2023-05-01,2023-05-07,4,2.5,1.732,75.0,25.0,25.0,0.523,0.5,81.5,3,1,1,0.0,0.0,0.0,0.0,0.0,25.0,0.0,25.0,0.0,0,0,0,0,0,1,0,1,0,False,False,False,False
2023-05-08,2023-05-14,5,1.6,1.342,80.0,60.0,60.0,-0.062,0.8,71.0,4,3,3,0.0,20.0,0.0,0.0,0.0,40.0,20.0,0.0,0.0,0,1,0,0,0,2,1,0,0,False,False,False,False
2023-05-15,2023-05-21,1,1.0,,100.0,100.0,100.0,-0.898,2.0,72.0,1,1,1,0.0,0.0,0.0,0.0,100.0,100.0,0.0,0.0,0.0,0,0,0,0,1,1,0,0,0,False,False,False,False
2023-05-22,2023-05-28,3,1.333,0.577,100.0,0.0,100.0,0.604,1.333,84.0,3,0,3,0.0,0.0,0.0,0.0,0.0,100.0,33.333,0.0,0.0,0,0,0,0,0,3,1,0,0,False,False,False,False
2023-05-29,2023-06-04,4,1.5,1.0,75.0,75.0,100.0,-0.395,1.0,79.0,3,3,4,0.0,25.0,0.0,0.0,0.0,25.0,25.0,25.0,0.0,0,1,0,0,0,1,1,1,0,False,False,False,False
2023-06-05,2023-06-11,4,1.0,0.0,100.0,75.0,50.0,-0.28,1.0,69.5,4,3,2,0.0,25.0,25.0,0.0,25.0,25.0,0.0,0.0,0.0,0,1,1,0,1,1,0,0,0,False,False,False,False
2023-06-12,2023-06-18,4,1.0,0.0,100.0,100.0,75.0,-0.672,0.75,82.0,4,4,3,0.0,0.0,0.0,0.0,0.0,50.0,25.0,0.0,0.0,0,0,0,0,0,2,1,0,0,False,False,False,False
2023-06-19,2023-06-25,2,2.5,2.121,50.0,50.0,100.0,-0.069,1.5,83.0,1,1,2,50.0,0.0,50.0,0.0,0.0,0.0,50.0,0.0,0.0,1,0,1,0,0,0,1,0,0,False,False,False,False
2023-06-26,2023-07-02,1,1.0,,100.0,0.0,0.0,0.147,0.0,82.0,1,0,0,0.0,0.0,0.0,0.0,0.0,0.0,0.0,0.0,0.0,0,0,0,0,0,0,0,0,0,False,False,False,False
2023-07-03,2023-07-09,2,1.0,0.0,100.0,100.0,100.0,-0.586,1.0,73.5,2,2,2,0.0,50.0,0.0,0.0,0.0,50.0,0.0,0.0,0.0,0,1,0,0,0,1,0,0,0,False,False,False,False
2023-07-10,2023-07-16,3,2.333,2.309,66.667,0.0,66.667,0.692,0.667,79.0,2,0,2,0.0,33.333,0.0,0.0,0.0,33.333,0.0,0.0,0.0,0,1,0,0,0,1,0,0,0,False,False,False,False
2023-07-17,2023-07-23,3,1.667,1.155,66.667,33.333,66.667,0.317,1.0,86.0,2,1,2,0.0,33.333,0.0,0.0,0.0,66.667,0.0,0.0,0.0,0,1,0,0,0,2,0,0,0,False,False,False,False
2023-07-24,2023-07-30,2,3.0,2.828,50.0,0.0,50.0,0.679,0.5,56.5,1,0,1,0.0,0.0,0.0,0.0,0.0,50.0,0.0,0.0,0.0,0,0,0,0,0,1,0,0,0,False,False,False,False
2023-07-31,2023-08-06,2,1.0,0.0,100.0,50.0,50.0,-0.089,1.0,84.5,2,1,1,0.0,50.0,0.0,0.0,0.0,50.0,0.0,0.0,0.0,0,1,0,0,0,1,0,0,0,False,False,False,False
2023-08-07,2023-08-13,2,1.5,0.707,100.0,0.0,0.0,0.496,0.0,81.0,2,0,0,0.0,0.0,0.0,0.0,0.0,0.0,0.0,0.0,0.0,0,0,0,0,0,0,0,0,0,False,False,False,False
2023-08-14,2023-08-20,3,1.333,0.577,100.0,33.333,66.667,0.519,0.667,93.0,3,1,2,0.0,0.0,0.0,0.0,0.0,66.667,0.0,0.0,0.0,0,0,0,0,0,2,0,0,0,False,False,False,False
2023-08-21,2023-08-27,5,1.2,0.447,100.0,40.0,40.0,-0.007,0.6,91.0,5,2,2,0.0,0.0,0.0,0.0,0.0,40.0,20.0,0.0,0.0,0,0,0,0,0,2,1,0,0,False,False,False,False
2023-08-28,2023-09-03,1,1.0,,100.0,100.0,100.0,-0.64,1.0,71.0,1,1,1,0.0,0.0,0.0,0.0,0.0,0.0,0.0,100.0,0.0,0,0,0,0,0,0,0,1,0,False,False,False,False
2023-09-04,2023-09-10,1,1.0,,100.0,100.0,0.0,-0.814,0.0,64.0,1,1,0,0.0,0.0,0.0,0.0,0.0,0.0,0.0,0.0,0.0,0,0,0,0,0,0,0,0,0,False,False,False,False
2023-09-11,2023-09-17,2,1.0,0.0,100.0,50.0,100.0,-0.3,1.0,72.0,2,1,2,0.0,0.0,0.0,0.0,0.0,100.0,0.0,0.0,0.0,0,0,0,0,0,2,0,0,0,False,False,False,False
2023-09-18,2023-09-24,1,1.0,,100.0,100.0,0.0,-0.906,0.0,55.0,1,1,0,0.0,0.0,0.0,0.0,0.0,0.0,0.0,0.0,0.0,0,0,0,0,0,0,0,0,0,False,False,False,False
2023-09-25,2023-10-01,1,4.0,,0.0,100.0,100.0,-0.603,1.0,68.0,0,1,1,0.0,0.0,0.0,0.0,0.0,0.0,0.0,0.0,100.0,0,0,0,0,0,0,0,0,1,False,False,False,False
2023-10-02,2023-10-08,6,1.0,0.0,100.0,66.667,100.0,-0.353,1.833,82.0,6,4,6,16.667,16.667,33.333,0.0,0.0,83.333,16.667,16.667,0.0,1,1,2,0,0,5,1,1,0,False,False,False,False
2023-10-09,2023-10-15,1,1.0,,100.0,100.0,0.0,-0.611,0.0,56.0,1,1,0,0.0,0.0,0.0,0.0,0.0,0.0,0.0,0.0,0.0,0,0,0,0,0,0,0,0,0,False,False,False,False
2023-10-16,2023-10-22,1,1.0,,100.0,100.0,100.0,-0.504,1.0,89.0,1,1,1,0.0,0.0,0.0,0.0,0.0,100.0,0.0,0.0,0.0,0,0,0,0,0,1,0,0,0,False,False,False,False
2023-10-23,2023-10-29,0,,,,,,,,,0,0,0,,,,,,,,,,0,0,0,0,0,0,0,0,0,False,False,False,False
2023-10-30,2023-11-05,5,2.2,1.643,80.0,40.0,100.0,0.374,1.0,65.0,4,2,5,0.0,0.0,0.0,0.0,20.0,40.0,0.0,0.0,40.0,0,0,0,0,1,2,0,0,2,False,False,False,False
2023-11-06,2023-11-12,1,1.0,,100.0,100.0,100.0,-0.832,1.0,69.0,1,1,1,0.0,0.0,0.0,0.0,0.0,0.0,0.0,0.0,100.0,0,0,0,0,0,0,0,0,1,False,False,False,False
2023-11-13,2023-11-19,1,1.0,,100.0,0.0,100.0,0.944,1.0,84.0,1,0,1,0.0,100.0,0.0,0.0,0.0,0.0,0.0,0.0,0.0,0,1,0,0,0,0,0,0,0,False,False,False,False
2023-11-20,2023-11-26,5,1.6,0.894,80.0,80.0,80.0,-0.397,1.0,89.0,4,4,4,0.0,20.0,0.0,0.0,0.0,80.0,0.0,0.0,0.0,0,1,0,0,0,4,0,0,0,False,False,False,False
2023-11-27,2023-12-03,1,3.0,,0.0,0.0,0.0,0.572,0.0,85.0,0,0,0,0.0,0.0,0.0,0.0,0.0,0.0,0.0,0.0,0.0,0,0,0,0,0,0,0,0,0,False,False,False,False
2023-12-04,2023-12-10,6,1.0,0.0,100.0,50.0,83.333,0.114,1.0,73.5,6,3,5,0.0,16.667,0.0,0.0,0.0,83.333,0.0,0.0,0.0,0,1,0,0,0,5,0,0,0,False,False,False,False
2023-12-11,2023-12-17,3,1.0,0.0,100.0,66.667,100.0,-0.069,1.667,68.0,3,2,3,0.0,0.0,0.0,0.0,66.667,66.667,0.0,33.333,0.0,0,0,0,0,2,2,0,1,0,False,False,False,False
2023-12-18,2023-12-24,0,,,,,,,,,0,0,0,,,,,,,,,,0,0,0,0,0,0,0,0,0,False,False,False,False
2023-12-25,2023-12-31,2,2.0,1.414,50.0,100.0,50.0,-0.711,0.5,72.0,1,2,1,0.0,0.0,0.0,0.0,0.0,50.0,0.0,0.0,0.0,0,0,0,0,0,1,0,0,0,False,False,False,False
2024-01-01,2024-01-07,3,1.0,0.0,100.0,100.0,100.0,-0.563,2.333,83.0,3,3,3,0.0,33.333,33.333,0.0,0.0,66.667,0.0,66.667,33.333,0,1,1,0,0,2,0,2,1,False,False,False,False
2024-01-08,2024-01-14,8,1.0,0.0,100.0,75.0,50.0,-0.282,0.75,73.5,8,6,4,0.0,25.0,0.0,0.0,0.0,25.0,0.0,25.0,0.0,0,2,0,0,0,2,0,2,0,False,False,False,False
2024-01-15,2024-01-21,3,1.0,0.0,100.0,33.333,100.0,0.3,1.667,69.0,3,1,3,33.333,33.333,0.0,0.0,0.0,100.0,0.0,0.0,0.0,1,1,0,0,0,3,0,0,0,False,False,False,False
2024-01-22,2024-01-28,3,2.0,1.732,66.667,33.333,66.667,-0.046,0.667,78.0,2,1,2,0.0,0.0,0.0,0.0,0.0,66.667,0.0,0.0,0.0,0,0,0,0,0,2,0,0,0,False,False,False,False
2024-01-29,2024-02-04,0,,,,,,,,,0,0,0,,,,,,,,,,0,0,0,0,0,0,0,0,0,False,False,False,False
2024-02-05,2024-02-11,4,2.25,1.5,50.0,25.0,75.0,0.151,1.0,71.5,2,1,3,0.0,0.0,0.0,0.0,25.0,50.0,0.0,0.0,25.0,0,0,0,0,1,2,0,0,1,False,False,False,False
2024-02-12,2024-02-18,4,1.0,0.0,100.0,75.0,100.0,-0.429,1.75,66.5,4,3,4,25.0,50.0,25.0,0.0,0.0,75.0,0.0,0.0,0.0,1,2,1,0,0,3,0,0,0,False,False,False,False
2024-02-19,2024-02-25,3,1.333,0.577,100.0,33.333,66.667,0.003,0.667,80.0,3,1,2,0.0,0.0,0.0,0.0,33.333,33.333,0.0,0.0,0.0,0,0,0,0,1,1,0,0,0,False,False,False,False
2024-02-26,2024-03-03,3,1.0,0.0,100.0,0.0,100.0,0.881,1.0,83.0,3,0,3,0.0,0.0,0.0,0.0,0.0,100.0,0.0,0.0,0.0,0,0,0,0,0,3,0,0,0,False,False,False,False
2024-03-04,2024-03-10,1,1.0,,100.0,0.0,100.0,0.69,1.0,85.0,1,0,1,0.0,0.0,0.0,0.0,0.0,100.0,0.0,0.0,0.0,0,0,0,0,0,1,0,0,0,False,False,False,False
2024-03-11,2024-03-17,2,1.0,0.0,100.0,100.0,50.0,-0.549,1.0,68.0,2,2,1,0.0,0.0,0.0,0.0,50.0,50.0,0.0,0.0,0.0,0,0,0,0,1,1,0,0,0,False,False,False,False
2024-03-18,2024-03-24,3,1.0,0.0,100.0,66.667,66.667,-0.503,0.667,85.0,3,2,2,0.0,0.0,0.0,0.0,0.0,66.667,0.0,0.0,0.0,0,0,0,0,0,2,0,0,0,False,False,False,False
2024-03-25,2024-03-31,2,3.0,1.414,50.0,50.0,50.0,0.374,1.5,76.0,1,1,1,50.0,0.0,0.0,0.0,0.0,50.0,0.0,0.0,50.0,1,0,0,0,0,1,0,0,1,False,False,False,False
2024-04-01,2024-04-07,0,,,,,,,,,0,0,0,,,,,,,,,,0,0,0,0,0,0,0,0,0,False,False,False,False
2024-04-08,2024-04-14,0,,,,,,,,,0,0,0,,,,,,,,,,0,0,0,0,0,0,0,0,0,False,False,False,False
2024-04-15,2024-04-21,2,1.0,0.0,100.0,100.0,100.0,-0.45,2.0,97.5,2,2,2,0.0,0.0,0.0,50.0,0.0,100.0,50.0,0.0,0.0,0,0,0,1,0,2,1,0,0,False,False,False,False
2024-04-22,2024-04-28,1,1.0,,100.0,100.0,100.0,-0.521,3.0,59.0,1,1,1,0.0,100.0,0.0,0.0,100.0,100.0,0.0,0.0,0.0,0,1,0,0,1,1,0,0,0,False,False,False,False
2024-04-29,2024-05-05,2,2.0,1.414,50.0,50.0,50.0,0.064,0.5,81.5,1,1,1,0.0,0.0,0.0,0.0,0.0,50.0,0.0,0.0,0.0,0,0,0,0,0,1,0,0,0,False,False,False,False
2024-05-06,2024-05-12,1,1.0,,100.0,100.0,100.0,-0.728,1.0,98.0,1,1,1,0.0,0.0,0.0,0.0,0.0,100.0,0.0,0.0,0.0,0,0,0,0,0,1,0,0,0,False,False,False,False
2024-05-13,2024-05-19,0,,,,,,,,,0,0,0,,,,,,,,,,0,0,0,0,0,0,0,0,0,False,False,False,False
2024-05-20,2024-05-26,1,1.0,,100.0,100.0,100.0,-0.459,1.0,57.0,1,1,1,0.0,100.0,0.0,0.0,0.0,0.0,0.0,0.0,0.0,0,1,0,0,0,0,0,0,0,False,False,False,False
2024-05-27,2024-06-02,2,1.0,0.0,100.0,100.0,50.0,-0.565,1.0,71.0,2,2,1,50.0,0.0,0.0,0.0,0.0,50.0,0.0,0.0,0.0,1,0,0,0,0,1,0,0,0,False,False,False,False
2024-06-03,2024-06-09,2,1.0,0.0,100.0,50.0,100.0,-0.214,2.0,87.5,2,1,2,0.0,50.0,0.0,0.0,0.0,100.0,0.0,50.0,0.0,0,1,0,0,0,2,0,1,0,False,False,False,False
2024-06-10,2024-06-16,4,2.75,2.062,50.0,50.0,75.0,0.176,0.75,85.0,2,2,3,25.0,0.0,0.0,0.0,25.0,25.0,0.0,0.0,0.0,1,0,0,0,1,1,0,0,0,False,False,False,False
2024-06-17,2024-06-23,2,1.0,0.0,100.0,50.0,50.0,-0.215,0.5,64.0,2,1,1,0.0,0.0,0.0,0.0,0.0,0.0,0.0,0.0,50.0,0,0,0,0,0,0,0,0,1,False,False,False,False
2024-06-24,2024-06-30,1,1.0,,100.0,100.0,100.0,-0.976,1.0,88.0,1,1,1,0.0,0.0,0.0,0.0,0.0,100.0,0.0,0.0,0.0,0,0,0,0,0,1,0,0,0,False,False,False,False
2024-07-01,2024-07-07,6,2.167,1.835,66.667,33.333,33.333,0.207,0.333,67.0,4,2,2,16.667,0.0,0.0,0.0,0.0,16.667,0.0,0.0,0.0,1,0,0,0,0,1,0,0,0,False,False,False,False
2024-07-08,2024-07-14,1,5.0,,0.0,0.0,100.0,0.865,1.0,83.0,0,0,1,0.0,0.0,0.0,0.0,0.0,0.0,0.0,0.0,100.0,0,0,0,0,0,0,0,0,1,False,False,False,False
2024-07-15,2024-07-21,5,1.0,0.0,100.0,60.0,100.0,-0.244,1.6,64.0,5,3,5,60.0,40.0,0.0,0.0,0.0,60.0,0.0,0.0,0.0,3,2,0,0,0,3,0,0,0,False,False,False,False
2024-07-22,2024-07-28,2,1.0,0.0,100.0,100.0,50.0,-0.887,1.5,82.5,2,2,1,50.0,0.0,0.0,0.0,0.0,50.0,0.0,0.0,50.0,1,0,0,0,0,1,0,0,1,False,False,False,False
2024-07-29,2024-08-04,3,1.0,0.0,100.0,100.0,100.0,-0.666,2.0,74.0,3,3,3,0.0,33.333,0.0,33.333,33.333,66.667,0.0,33.333,0.0,0,1,0,1,1,2,0,1,0,False,False,False,False
2024-08-05,2024-08-11,1,3.0,,0.0,100.0,0.0,-0.927,0.0,66.0,0,1,0,0.0,0.0,0.0,0.0,0.0,0.0,0.0,0.0,0.0,0,0,0,0,0,0,0,0,0,False,False,False,False
2024-08-12,2024-08-18,1,1.0,,100.0,100.0,100.0,-0.261,2.0,67.0,1,1,1,0.0,100.0,0.0,0.0,0.0,100.0,0.0,0.0,0.0,0,1,0,0,0,1,0,0,0,False,False,False,False
2024-08-19,2024-08-25,1,1.0,,100.0,100.0,100.0,-0.52,1.0,90.0,1,1,1,0.0,0.0,0.0,0.0,0.0,100.0,0.0,0.0,0.0,0,0,0,0,0,1,0,0,0,False,False,False,False
2024-08-26,2024-09-01,1,1.0,,100.0,100.0,100.0,-0.686,2.0,82.0,1,1,1,0.0,100.0,0.0,0.0,0.0,100.0,0.0,0.0,0.0,0,1,0,0,0,1,0,0,0,False,False,False,False
2024-09-02,2024-09-08,2,4.5,0.707,0.0,50.0,100.0,0.015,1.0,78.0,0,1,2,50.0,0.0,0.0,0.0,0.0,0.0,0.0,0.0,50.0,1,0,0,0,0,0,0,0,1,False,False,False,False
2024-09-09,2024-09-15,2,1.0,0.0,100.0,0.0,50.0,0.467,0.5,69.0,2,0,1,0.0,0.0,0.0,0.0,0.0,0.0,0.0,50.0,0.0,0,0,0,0,0,0,0,1,0,False,False,False,False
2024-09-16,2024-09-22,3,1.0,0.0,100.0,66.667,100.0,-0.119,1.667,85.0,3,2,3,0.0,0.0,0.0,0.0,66.667,66.667,0.0,33.333,0.0,0,0,0,0,2,2,0,1,0,False,False,False,False
2024-09-23,2024-09-29,3,1.333,0.577,100.0,66.667,100.0,-0.26,1.0,90.0,3,2,3,0.0,0.0,0.0,0.0,0.0,66.667,33.333,0.0,0.0,0,0,0,0,0,2,1,0,0,False,False,False,False
2024-09-30,2024-10-06,4,1.5,0.577,100.0,0.0,25.0,0.243,0.25,67.5,4,0,1,0.0,0.0,0.0,0.0,0.0,0.0,0.0,25.0,0.0,0,0,0,0,0,0,0,1,0,False,False,False,False
2024-10-07,2024-10-13,2,1.0,0.0,100.0,50.0,100.0,-0.156,1.0,73.5,2,1,2,0.0,50.0,0.0,0.0,0.0,50.0,0.0,0.0,0.0,0,1,0,0,0,1,0,0,0,False,False,False,False
2024-10-14,2024-10-20,1,4.0,,0.0,100.0,0.0,-0.266,0.0,88.0,0,1,0,0.0,0.0,0.0,0.0,0.0,0.0,0.0,0.0,0.0,0,0,0,0,0,0,0,0,0,False,False,False,False
2024-10-21,2024-10-27,2,3.0,2.828,50.0,50.0,100.0,0.103,1.0,55.5,1,1,2,0.0,0.0,50.0,0.0,0.0,50.0,0.0,0.0,0.0,0,0,1,0,0,1,0,0,0,False,False,False,False
2024-10-28,2024-11-03,2,1.0,0.0,100.0,50.0,50.0,-0.233,0.5,80.0,2,1,1,0.0,50.0,0.0,0.0,0.0,0.0,0.0,0.0,0.0,0,1,0,0,0,0,0,0,0,False,False,False,False
2024-11-04,2024-11-10,4,1.0,0.0,100.0,75.0,75.0,-0.247,1.0,93.0,4,3,3,0.0,0.0,25.0,0.0,0.0,75.0,0.0,0.0,0.0,0,0,1,0,0,3,0,0,0,False,False,False,False
2024-11-11,2024-11-17,1,4.0,,0.0,0.0,0.0,0.746,0.0,65.0,0,0,0,0.0,0.0,0.0,0.0,0.0,0.0,0.0,0.0,0.0,0,0,0,0,0,0,0,0,0,False,False,False,False
2024-11-18,2024-11-24,0,,,,,,,,,0,0,0,,,,,,,,,,0,0,0,0,0,0,0,0,0,False,False,False,False
2024-11-25,2024-12-01,1,5.0,,0.0,0.0,100.0,0.969,2.0,64.0,0,0,1,0.0,0.0,0.0,0.0,0.0,100.0,0.0,0.0,100.0,0,0,0,0,0,1,0,0,1,False,False,False,False
2024-12-02,2024-12-08,1,1.0,,100.0,100.0,0.0,-0.917,0.0,91.0,1,1,0,0.0,0.0,0.0,0.0,0.0,0.0,0.0,0.0,0.0,0,0,0,0,0,0,0,0,0,False,False,False,False
2024-12-09,2024-12-15,1,1.0,,100.0,100.0,100.0,-0.203,1.0,59.0,1,1,1,0.0,0.0,0.0,0.0,0.0,100.0,0.0,0.0,0.0,0,0,0,0,0,1,0,0,0,False,False,False,False
2024-12-16,2024-12-22,1,1.0,,100.0,100.0,0.0,-0.455,0.0,50.0,1,1,0,0.0,0.0,0.0,0.0,0.0,0.0,0.0,0.0,0.0,0,0,0,0,0,0,0,0,0,False,False,False,False
2024-12-23,2024-12-29,0,,,,,,,,,0,0,0,,,,,,,,,,0,0,0,0,0,0,0,0,0,False,False,False,False
2024-12-30,2025-01-05,0,,,,,,,,,0,0,0,,,,,,,,,,0,0,0,0,0,0,0,0,0,False,False,False,False
2025-01-06,2025-01-12,0,,,,,,,,,0,0,0,,,,,,,,,,0,0,0,0,0,0,0,0,0,False,False,False,False
2025-01-13,2025-01-19,1,1.0,,100.0,100.0,100.0,-0.566,2.0,71.0,1,1,1,100.0,0.0,100.0,0.0,0.0,0.0,0.0,0.0,0.0,1,0,1,0,0,0,0,0,0,False,False,False,False
2025-01-20,2025-01-26,1,1.0,,100.0,100.0,100.0,-0.839,2.0,82.0,1,1,1,0.0,100.0,0.0,0.0,0.0,100.0,0.0,0.0,0.0,0,1,0,0,0,1,0,0,0,False,False,False,False
2025-01-27,2025-02-02,1,1.0,,100.0,100.0,100.0,-0.665,2.0,95.0,1,1,1,0.0,100.0,0.0,0.0,0.0,100.0,0.0,0.0,0.0,0,1,0,0,0,1,0,0,0,False,False,False,False
2025-02-03,2025-02-09,0,,,,,,,,,0,0,0,,,,,,,,,,0,0,0,0,0,0,0,0,0,False,False,False,False
2025-02-10,2025-02-16,0,,,,,,,,,0,0,0,,,,,,,,,,0,0,0,0,0,0,0,0,0,False,False,False,False
2025-02-17,2025-02-23,1,5.0,,0.0,0.0,0.0,0.96,0.0,72.0,0,0,0,0.0,0.0,0.0,0.0,0.0,0.0,0.0,0.0,0.0,0,0,0,0,0,0,0,0,0,False,False,False,False
2025-02-24,2025-03-02,0,,,,,,,,,0,0,0,,,,,,,,,,0,0,0,0,0,0,0,0,0,False,False,False,False
2025-03-03,2025-03-09,1,5.0,,0.0,0.0,0.0,0.918,0.0,95.0,0,0,0,0.0,0.0,0.0,0.0,0.0,0.0,0.0,0.0,0.0,0,0,0,0,0,0,0,0,0,False,False,False,False
2025-03-10,2025-03-16,3,2.333,2.309,66.667,33.333,33.333,0.268,0.333,62.0,2,1,1,0.0,0.0,0.0,0.0,0.0,0.0,0.0,0.0,33.333,0,0,0,0,0,0,0,0,1,False,False,False,False
2025-03-17,2025-03-23,3,2.0,1.732,66.667,100.0,0.0,-0.488,0.0,72.0,2,3,0,0.0,0.0,0.0,0.0,0.0,0.0,0.0,0.0,0.0,0,0,0,0,0,0,0,0,0,False,False,False,False
2025-03-24,2025-03-30,1,2.0,,100.0,0.0,100.0,0.874,1.0,87.0,1,0,1,0.0,0.0,0.0,0.0,0.0,0.0,100.0,0.0,0.0,0,0,0,0,0,0,1,0,0,False,False,False,False
2025-03-31,2025-04-06,2,1.0,0.0,100.0,50.0,100.0,-0.083,1.5,72.0,2,1,2,0.0,50.0,0.0,0.0,0.0,50.0,0.0,0.0,50.0,0,1,0,0,0,1,0,0,1,False,False,False,False
2025-04-07,2025-04-13,0,,,,,,,,,0,0,0,,,,,,,,,,0,0,0,0,0,0,0,0,0,False,False,False,False
2025-04-14,2025-04-20,0,,,,,,,,,0,0,0,,,,,,,,,,0,0,0,0,0,0,0,0,0,False,False,False,False
2025-04-21,2025-04-27,0,,,,,,,,,0,0,0,,,,,,,,,,0,0,0,0,0,0,0,0,0,False,False,False,False
2025-04-28,2025-05-04,1,1.0,,100.0,0.0,100.0,0.668,1.0,72.0,1,0,1,0.0,0.0,0.0,0.0,0.0,100.0,0.0,0.0,0.0,0,0,0,0,0,1,0,0,0,False,False,False,False
2025-05-05,2025-05-11,0,,,,,,,,,0,0,0,,,,,,,,,,0,0,0,0,0,0,0,0,0,False,False,False,False
2025-05-12,2025-05-18,0,,,,,,,,,0,0,0,,,,,,,,,,0,0,0,0,0,0,0,0,0,False,False,False,False
2025-05-19,2025-05-25,1,2.0,,100.0,0.0,0.0,-0.002,0.0,87.0,1,0,0,0.0,0.0,0.0,0.0,0.0,0.0,0.0,0.0,0.0,0,0,0,0,0,0,0,0,0,False,False,False,False
2025-05-26,2025-06-01,0,,,,,,,,,0,0,0,,,,,,,,,,0,0,0,0,0,0,0,0,0,False,False,False,False
2025-06-02,2025-06-08,1,1.0,,100.0,100.0,100.0,-0.717,2.0,103.0,1,1,1,0.0,100.0,0.0,0.0,100.0,0.0,0.0,0.0,0.0,0,1,0,0,1,0,0,0,0,False,False,False,False
2025-06-09,2025-06-15,1,2.0,,100.0,100.0,100.0,-0.896,2.0,77.0,1,1,1,100.0,0.0,0.0,0.0,0.0,100.0,0.0,0.0,0.0,1,0,0,0,0,1,0,0,0,False,False,False,False
2025-06-16,2025-06-22,1,1.0,,100.0,100.0,0.0,-0.757,0.0,74.0,1,1,0,0.0,0.0,0.0,0.0,0.0,0.0,0.0,0.0,0.0,0,0,0,0,0,0,0,0,0,False,False,False,False
2025-06-23,2025-06-29,0,,,,,,,,,0,0,0,,,,,,,,,,0,0,0,0,0,0,0,0,0,False,False,False,False
2025-06-30,2025-07-06,1,1.0,,100.0,0.0,100.0,0.557,1.0,56.0,1,0,1,0.0,0.0,0.0,0.0,0.0,0.0,100.0,0.0,0.0,0,0,0,0,0,0,1,0,0,False,False,False,False
2025-07-07,2025-07-13,0,,,,,,,,,0,0,0,,,,,,,,,,0,0,0,0,0,0,0,0,0,False,False,False,False
2025-07-14,2025-07-20,2,1.0,0.0,100.0,0.0,0.0,0.553,0.0,80.0,2,0,0,0.0,0.0,0.0,0.0,0.0,0.0,0.0,0.0,0.0,0,0,0,0,0,0,0,0,0,False,False,False,False
2025-07-21,2025-07-27,3,2.667,0.577,33.333,66.667,66.667,-0.105,1.0,87.0,1,2,2,0.0,33.333,0.0,0.0,0.0,33.333,33.333,0.0,0.0,0,1,0,0,0,1,1,0,0,False,False,False,False
2025-07-28,2025-08-03,2,4.5,0.707,0.0,50.0,100.0,0.141,3.0,81.5,0,1,2,100.0,0.0,0.0,0.0,0.0,50.0,50.0,0.0,100.0,2,0,0,0,0,1,1,0,2,False,False,False,False
2025-08-04,2025-08-10,0,,,,,,,,,0,0,0,,,,,,,,,,0,0,0,0,0,0,0,0,0,False,False,False,False
2025-08-11,2025-08-17,2,2.5,2.121,50.0,50.0,50.0,-0.132,1.5,83.0,1,1,1,50.0,0.0,0.0,0.0,50.0,50.0,0.0,0.0,0.0,1,0,0,0,1,1,0,0,0,False,False,False,False
2025-08-18,2025-08-24,1,5.0,,0.0,0.0,0.0,0.946,0.0,85.0,0,0,0,0.0,0.0,0.0,0.0,0.0,0.0,0.0,0.0,0.0,0,0,0,0,0,0,0,0,0,False,False,False,False
2025-08-25,2025-08-31,1,4.0,,0.0,0.0,0.0,0.966,0.0,89.0,0,0,0,0.0,0.0,0.0,0.0,0.0,0.0,0.0,0.0,0.0,0,0,0,0,0,0,0,0,0,False,False,False,False
2025-09-01,2025-09-07,4,2.75,1.708,50.0,25.0,50.0,0.408,0.75,87.0,2,1,2,0.0,25.0,0.0,0.0,0.0,50.0,0.0,0.0,0.0,0,1,0,0,0,2,0,0,0,False,False,False,False
2025-09-08,2025-09-14,3,4.0,1.0,0.0,33.333,33.333,0.255,1.0,87.0,0,1,1,0.0,33.333,0.0,0.0,33.333,33.333,0.0,0.0,0.0,0,1,0,0,1,1,0,0,0,False,False,False,False
2025-09-15,2025-09-21,3,5.0,0.0,0.0,33.333,33.333,0.562,0.667,93.0,0,1,1,33.333,0.0,0.0,0.0,0.0,0.0,0.0,0.0,33.333,1,0,0,0,0,0,0,0,1,False,False,False,False
2025-09-22,2025-09-28,1,1.0,,100.0,100.0,100.0,-0.332,1.0,78.0,1,1,1,100.0,0.0,0.0,0.0,0.0,0.0,0.0,0.0,0.0,1,0,0,0,0,0,0,0,0,False,False,False,False
2025-09-29,2025-10-05,5,3.2,1.643,40.0,0.0,60.0,0.589,1.0,80.0,2,0,3,40.0,0.0,20.0,0.0,0.0,20.0,0.0,0.0,20.0,2,0,1,0,0,1,0,0,1,False,False,False,False
2025-10-06,2025-10-12,2,2.5,2.121,50.0,50.0,50.0,0.332,0.5,78.0,1,1,1,50.0,0.0,0.0,0.0,0.0,0.0,0.0,0.0,0.0,1,0,0,0,0,0,0,0,0,False,False,False,False
2025-10-13,2025-10-19,4,3.5,1.732,25.0,25.0,100.0,0.291,1.75,82.5,1,1,4,75.0,0.0,0.0,0.0,0.0,25.0,0.0,25.0,50.0,3,0,0,0,0,1,0,1,2,False,False,False,False
2025-10-20,2025-10-26,3,3.333,2.082,33.333,33.333,33.333,0.257,0.667,82.0,1,1,1,33.333,0.0,33.333,0.0,0.0,0.0,0.0,0.0,0.0,1,0,1,0,0,0,0,0,0,False,False,False,False
2025-10-27,2025-11-02,4,3.0,2.309,50.0,25.0,50.0,0.37,0.5,74.0,2,1,2,25.0,25.0,0.0,0.0,0.0,0.0,0.0,0.0,0.0,1,1,0,0,0,0,0,0,0,False,False,False,False
2025-11-03,2025-11-09,0,,,,,,,,,0,0,0,,,,,,,,,,0,0,0,0,0,0,0,0,0,False,False,False,False
2025-11-10,2025-11-16,0,,,,,,,,,0,0,0,,,,,,,,,,0,0,0,0,0,0,0,0,0,False,False,False,False
2025-11-17,2025-11-23,1,1.0,,100.0,100.0,100.0,-0.744,1.0,62.0,1,1,1,0.0,0.0,0.0,0.0,0.0,100.0,0.0,0.0,0.0,0,0,0,0,0,1,0,0,0,False,False,False,False
2025-11-24,2025-11-30,0,,,,,,,,,0,0,0,,,,,,,,,,0,0,0,0,0,0,0,0,0,False,False,False,False
2025-12-01,2025-12-07,3,4.333,1.155,0.0,33.333,33.333,0.283,0.667,83.0,0,1,1,33.333,0.0,0.0,0.0,0.0,0.0,0.0,0.0,33.333,1,0,0,0,0,0,0,0,1,False,False,False,False
2025-12-08,2025-12-14,0,,,,,,,,,0,0,0,,,,,,,,,,0,0,0,0,0,0,0,0,0,False,False,False,False
2025-12-15,2025-12-21,0,,,,,,,,,0,0,0,,,,,,,,,,0,0,0,0,0,0,0,0,0,False,False,False,False
2025-12-22,2025-12-28,0,,,,,,,,,0,0,0,,,,,,,,,,0,0,0,0,0,0,0,0,0,False,False,False,False
2025-12-29,2026-01-04,0,,,,,,,,,0,0,0,,,,,,,,,,0,0,0,0,0,0,0,0,0,False,False,False,False
2026-01-05,2026-01-11,0,,,,,,,,,0,0,0,,,,,,,,,,0,0,0,0,0,0,0,0,0,False,False,False,False
2026-01-12,2026-01-18,0,,,,,,,,,0,0,0,,,,,,,,,,0,0,0,0,0,0,0,0,0,False,False,False,False
2026-01-19,2026-01-25,0,,,,,,,,,0,0,0,,,,,,,,,,0,0,0,0,0,0,0,0,0,False,False,False,False
2026-01-26,2026-02-01,0,,,,,,,,,0,0,0,,,,,,,,,,0,0,0,0,0,0,0,0,0,False,False,False,False
2026-02-02,2026-02-08,0,,,,,,,,,0,0,0,,,,,,,,,,0,0,0,0,0,0,0,0,0,False,False,False,False
2026-02-09,2026-02-15,0,,,,,,,,,0,0,0,,,,,,,,,,0,0,0,0,0,0,0,0,0,False,False,False,False
2026-02-16,2026-02-22,3,3.333,2.082,33.333,33.333,33.333,0.44,0.667,88.0,1,1,1,33.333,0.0,0.0,0.0,0.0,0.0,0.0,0.0,33.333,1,0,0,0,0,0,0,0,1,False,False,False,False
2026-02-23,2026-03-01,2,2.0,1.414,50.0,50.0,100.0,-0.224,1.5,62.0,1,1,2,50.0,0.0,50.0,0.0,50.0,0.0,0.0,0.0,0.0,1,0,1,0,1,0,0,0,0,False,False,False,False
2026-03-02,2026-03-08,3,2.333,2.309,66.667,0.0,66.667,0.283,1.0,66.0,2,0,2,33.333,0.0,0.0,0.0,0.0,33.333,0.0,0.0,33.333,1,0,0,0,0,1,0,0,1,False,False,False,False
2026-03-09,2026-03-15,1,5.0,,0.0,0.0,0.0,0.755,0.0,91.0,0,0,0,0.0,0.0,0.0,0.0,0.0,0.0,0.0,0.0,0.0,0,0,0,0,0,0,0,0,0,False,False,False,False
2026-03-16,2026-03-22,3,1.333,0.577,100.0,66.667,100.0,-0.2,1.0,59.0,3,2,3,0.0,0.0,0.0,0.0,0.0,66.667,0.0,33.333,0.0,0,0,0,0,0,2,0,1,0,False,False,False,False
2026-03-23,2026-03-29,33,1.667,1.242,78.788,72.727,69.697,-0.348,1.364,69.0,26,24,23,18.182,27.273,27.273,6.061,12.121,27.273,0.0,12.121,6.061,6,9,9,2,4,9,0,4,2,False,False,False,True
2026-03-30,2026-04-05,120,1.817,1.455,77.5,61.667,75.0,-0.171,1.217,63.5,93,74,90,7.5,20.0,19.167,6.667,16.667,38.333,1.667,6.667,5.0,9,24,23,8,20,46,2,8,6,False,False,False,True
2026-04-06,2026-04-12,184,1.707,1.399,80.435,58.696,73.37,-0.153,1.315,64.0,148,108,135,10.326,19.022,15.217,7.065,27.717,34.783,1.63,12.5,3.261,19,35,28,13,51,64,3,23,6,False,False,False,True
2026-04-13,2026-04-19,215,1.735,1.44,79.535,58.605,68.372,-0.138,1.205,61.0,171,126,147,6.977,16.279,17.674,5.581,27.442,34.884,0.93,9.302,1.395,15,35,38,12,59,75,2,20,3,False,False,False,True
2026-04-20,2026-04-26,239,1.921,1.522,74.477,60.669,69.874,-0.158,1.209,60.0,178,145,167,5.439,15.9,19.247,7.113,21.339,34.728,1.255,11.715,4.184,13,38,46,17,51,83,3,28,10,True,False,False,True
2026-04-27,2026-05-03,264,1.818,1.494,77.652,60.606,77.273,-0.191,1.371,64.0,205,160,204,4.167,20.455,25.758,5.303,24.621,38.636,1.136,14.394,2.652,11,54,68,14,65,102,3,38,7,True,False,False,True
2026-05-04,2026-05-10,337,1.739,1.4,79.525,64.985,70.03,-0.214,1.228,59.0,268,219,236,9.792,13.353,18.694,6.825,24.036,36.499,1.187,9.792,2.671,33,45,63,23,81,123,4,33,9,True,False,False,True
2026-05-11,2026-05-17,299,1.839,1.502,77.926,53.846,70.569,-0.091,1.207,59.0,233,161,211,5.351,17.057,15.385,7.358,21.405,36.12,4.013,10.702,3.344,16,51,46,22,64,108,12,32,10,True,False,False,True
2026-05-18,2026-05-24,312,1.715,1.356,80.449,60.577,67.949,-0.156,1.173,55.0,251,189,212,9.295,16.667,12.821,6.41,15.385,38.141,3.526,9.615,5.449,29,52,40,20,48,119,11,30,17,True,False,False,True
2026-05-25,2026-05-31,258,1.76,1.407,78.295,56.977,73.256,-0.144,1.349,64.5,202,147,189,8.915,16.667,20.543,10.465,21.705,43.798,3.876,6.977,1.938,23,43,53,27,56,113,10,18,5,True,False,False,True
2026-06-01,2026-06-07,326,2.003,1.605,72.699,55.215,67.178,-0.082,1.117,59.0,237,180,219,7.362,14.417,13.19,7.055,22.393,30.675,0.92,12.883,2.761,24,47,43,23,73,100,3,42,9,True,False,False,True
2026-06-08,2026-06-14,315,1.794,1.449,78.413,58.095,68.889,-0.145,1.248,60.0,247,183,217,8.254,14.286,16.825,6.667,28.571,33.333,2.857,11.429,2.54,26,45,53,21,90,105,9,36,8,True,False,False,True
2026-06-15,2026-06-21,341,1.724,1.393,81.525,66.862,69.795,-0.239,1.355,63.0,278,228,238,7.331,16.422,21.701,10.264,26.1,40.469,2.639,8.211,2.346,25,56,74,35,89,138,9,28,8,True,False,False,True
2026-06-22,2026-06-28,374,1.807,1.472,78.342,60.695,69.251,-0.178,1.286,59.5,293,227,259,5.08,16.31,19.251,9.893,22.727,40.642,1.07,10.963,2.674,19,61,72,37,85,152,4,41,10,True,False,False,True
2026-06-29,2026-07-05,734,1.924,1.565,75.204,55.041,67.439,-0.115,1.136,47.0,552,404,495,6.812,14.441,16.621,8.856,17.302,37.466,1.907,7.902,2.316,50,106,122,65,127,275,14,58,17,True,True,False,True
2026-07-06,2026-07-12,817,2.062,1.643,71.848,54.59,64.259,-0.096,1.103,42.0,587,446,525,4.774,14.076,15.912,7.834,21.297,31.579,1.714,10.282,2.815,39,115,130,64,174,258,14,84,23,True,True,False,True
2026-07-13,2026-07-19,739,2.057,1.639,71.583,56.022,66.171,-0.111,1.157,44.0,529,414,489,4.06,15.291,17.862,10.014,23.004,31.935,0.812,10.69,2.03,30,113,132,74,170,236,6,79,15,True,True,False,True
2026-07-20,2026-07-26,664,2.114,1.704,71.235,53.313,60.994,-0.082,1.12,42.0,473,354,405,6.024,15.361,16.114,7.982,23.946,31.777,0.301,9.488,1.054,40,102,107,53,159,211,2,63,7,True,True,False,True
2026-07-27,2026-08-02,698,2.039,1.625,72.206,57.88,63.754,-0.128,1.103,44.0,504,404,445,4.011,15.186,18.911,6.59,20.63,30.516,1.719,10.602,2.149,28,106,132,46,144,213,12,74,15,True,True,False,True
2026-08-03,2026-08-09,842,2.013,1.619,72.803,54.751,62.47,-0.106,1.049,44.0,613,461,526,4.038,12.589,18.171,6.413,19.715,32.067,0.713,9.976,1.188,34,106,153,54,166,270,6,84,10,True,True,False,True
2026-08-10,2026-08-16,871,2.015,1.637,73.249,57.061,63.605,-0.146,1.085,43.0,638,497,554,4.707,15.614,17.451,6.429,18.714,32.951,1.033,10.563,1.033,41,136,152,56,163,287,9,92,9,True,True,False,True
2026-08-17,2026-08-23,942,2.222,1.732,67.834,53.291,61.146,-0.057,1.09,41.0,639,502,576,4.459,13.8,15.499,8.28,21.338,32.378,1.592,10.085,1.592,42,130,146,78,201,305,15,95,15,True,True,False,True
2026-08-24,2026-08-30,927,2.044,1.645,72.168,56.095,64.078,-0.123,1.117,42.0,669,520,594,6.365,14.995,15.318,7.659,21.575,33.118,2.265,8.63,1.726,59,139,142,71,200,307,21,80,16,True,True,False,True
2026-08-31,2026-09-06,1060,2.192,1.711,67.453,51.038,59.906,-0.045,0.997,39.0,715,541,635,5.566,13.585,15.755,5.189,17.358,30.189,1.132,8.962,1.981,59,144,167,55,184,320,12,95,21,True,True,False,True
2026-09-07,2026-09-13,1069,2.25,1.728,66.791,48.363,57.717,-0.019,0.964,37.0,714,517,617,8.045,12.067,13.845,5.426,16.651,28.064,1.59,7.951,2.713,86,129,148,58,178,300,17,85,29,True,True,False,True
2026-09-14,2026-09-20,330,1.973,1.591,73.939,58.788,63.636,-0.15,1.07,42.0,244,194,210,6.364,9.697,21.515,6.667,18.788,31.212,2.424,8.485,1.818,21,32,71,22,62,103,8,28,6,False,True,True,True
