series,metric,model,ses_alpha,last_observed_week,week_start,horizon,forecast,last_observed,pi80_lower,pi80_upper,error_rmse_at_horizon,n_errors_for_interval
Swiggy,pct_low_star,ses,0.6,2026-09-07,2026-09-14,1,93.199,93.78,89.961,96.436,2.526,13
Swiggy,pct_low_star,ses,0.6,2026-09-07,2026-09-21,2,93.199,93.78,89.167,97.23,3.146,12
Swiggy,pct_low_star,ses,0.6,2026-09-07,2026-09-28,3,93.199,93.78,89.124,97.273,3.179,11
Swiggy,pct_low_star,ses,0.6,2026-09-07,2026-10-05,4,93.199,93.78,88.98,97.417,3.292,10
Swiggy,mean_rating,ses,0.5,2026-09-07,2026-09-14,1,1.247,1.239,1.157,1.338,0.071,13
Swiggy,mean_rating,ses,0.5,2026-09-07,2026-09-21,2,1.247,1.239,1.143,1.351,0.081,12
Swiggy,mean_rating,ses,0.5,2026-09-07,2026-09-28,3,1.247,1.239,1.143,1.351,0.081,11
Swiggy,mean_rating,ses,0.5,2026-09-07,2026-10-05,4,1.247,1.239,1.121,1.373,0.098,10
Swiggy,pct_negative_sentiment,ses,0.45,2026-09-07,2026-09-14,1,72.32,71.77,67.563,77.076,3.711,13
Swiggy,pct_negative_sentiment,ses,0.45,2026-09-07,2026-09-21,2,72.32,71.77,67.563,77.076,3.711,12
Swiggy,pct_negative_sentiment,ses,0.45,2026-09-07,2026-09-28,3,72.32,71.77,67.539,77.1,3.73,11
Swiggy,pct_negative_sentiment,ses,0.45,2026-09-07,2026-10-05,4,72.32,71.77,67.49,77.149,3.769,10
Swiggy,pct_has_issue,ses,0.5,2026-09-07,2026-09-14,1,82.158,83.254,78.183,86.133,3.102,13
Swiggy,pct_has_issue,ses,0.5,2026-09-07,2026-09-21,2,82.158,83.254,78.019,86.297,3.23,12
Swiggy,pct_has_issue,ses,0.5,2026-09-07,2026-09-28,3,82.158,83.254,77.807,86.509,3.395,11
Swiggy,pct_has_issue,ses,0.5,2026-09-07,2026-10-05,4,82.158,83.254,76.798,87.519,4.183,10
Zomato,pct_low_star,ses,0.1,2026-09-07,2026-09-14,1,88.614,90.566,84.771,92.458,2.999,13
Zomato,pct_low_star,ses,0.1,2026-09-07,2026-09-21,2,88.614,90.566,84.771,92.458,2.999,12
Zomato,pct_low_star,ses,0.1,2026-09-07,2026-09-28,3,88.614,90.566,84.771,92.458,2.999,11
Zomato,pct_low_star,ses,0.1,2026-09-07,2026-10-05,4,88.614,90.566,84.771,92.458,2.999,10
Zomato,mean_rating,ses,0.15,2026-09-07,2026-09-14,1,1.413,1.392,1.284,1.542,0.101,13
Zomato,mean_rating,ses,0.15,2026-09-07,2026-09-21,2,1.413,1.392,1.284,1.542,0.101,12
Zomato,mean_rating,ses,0.15,2026-09-07,2026-09-28,3,1.413,1.392,1.284,1.542,0.101,11
Zomato,mean_rating,ses,0.15,2026-09-07,2026-10-05,4,1.413,1.392,1.284,1.542,0.101,10
Zomato,pct_negative_sentiment,ses,0.15,2026-09-07,2026-09-14,1,68.869,69.811,63.68,74.057,4.049,13
Zomato,pct_negative_sentiment,ses,0.15,2026-09-07,2026-09-21,2,68.869,69.811,63.68,74.057,4.049,12
Zomato,pct_negative_sentiment,ses,0.15,2026-09-07,2026-09-28,3,68.869,69.811,63.68,74.057,4.049,11
Zomato,pct_negative_sentiment,ses,0.15,2026-09-07,2026-10-05,4,68.869,69.811,63.68,74.057,4.049,10
Zomato,pct_has_issue,ses,0.5,2026-09-07,2026-09-14,1,76.911,79.245,69.085,84.736,6.106,13
Zomato,pct_has_issue,ses,0.5,2026-09-07,2026-09-21,2,76.911,79.245,67.629,86.192,7.242,12
Zomato,pct_has_issue,ses,0.5,2026-09-07,2026-09-28,3,76.911,79.245,65.794,88.027,8.674,11
Zomato,pct_has_issue,ses,0.5,2026-09-07,2026-10-05,4,76.911,79.245,64.829,88.992,9.428,10
Myntra,pct_low_star,ses,0.05,2026-09-07,2026-09-14,1,58.114,50.612,46.758,69.471,8.861,13
Myntra,pct_low_star,ses,0.05,2026-09-07,2026-09-21,2,58.114,50.612,45.846,70.382,9.573,12
Myntra,pct_low_star,ses,0.05,2026-09-07,2026-09-28,3,58.114,50.612,45.304,70.925,9.996,11
Myntra,pct_low_star,ses,0.05,2026-09-07,2026-10-05,4,58.114,50.612,45.303,70.926,9.997,10
Myntra,mean_rating,ses,0.25,2026-09-07,2026-09-14,1,2.737,2.906,2.307,3.166,0.335,13
Myntra,mean_rating,ses,0.25,2026-09-07,2026-09-21,2,2.737,2.906,2.277,3.197,0.359,12
Myntra,mean_rating,ses,0.25,2026-09-07,2026-09-28,3,2.737,2.906,2.223,3.251,0.401,11
Myntra,mean_rating,ses,0.25,2026-09-07,2026-10-05,4,2.737,2.906,2.223,3.251,0.401,10
Myntra,pct_negative_sentiment,ses,0.05,2026-09-07,2026-09-14,1,47.83,40.0,38.468,57.191,7.305,13
Myntra,pct_negative_sentiment,ses,0.05,2026-09-07,2026-09-21,2,47.83,40.0,38.468,57.191,7.305,12
Myntra,pct_negative_sentiment,ses,0.05,2026-09-07,2026-09-28,3,47.83,40.0,38.468,57.191,7.305,11
Myntra,pct_negative_sentiment,ses,0.05,2026-09-07,2026-10-05,4,47.83,40.0,38.468,57.191,7.305,10
Myntra,pct_has_issue,ses,0.45,2026-09-07,2026-09-14,1,59.702,56.327,50.849,68.556,6.908,13
Myntra,pct_has_issue,ses,0.45,2026-09-07,2026-09-21,2,59.702,56.327,49.025,70.379,8.331,12
Myntra,pct_has_issue,ses,0.45,2026-09-07,2026-09-28,3,59.702,56.327,47.133,72.271,9.808,11
Myntra,pct_has_issue,ses,0.45,2026-09-07,2026-10-05,4,59.702,56.327,45.931,73.474,10.746,10
Paytm,pct_low_star,ses,0.6,2026-09-07,2026-09-14,1,58.736,59.761,49.419,68.054,7.27,13
Paytm,pct_low_star,ses,0.6,2026-09-07,2026-09-21,2,58.736,59.761,48.856,68.617,7.71,12
Paytm,pct_low_star,ses,0.6,2026-09-07,2026-09-28,3,58.736,59.761,48.217,69.256,8.208,11
Paytm,pct_low_star,ses,0.6,2026-09-07,2026-10-05,4,58.736,59.761,46.517,70.956,9.535,10
Paytm,mean_rating,ses,0.6,2026-09-07,2026-09-14,1,2.539,2.49,2.19,2.888,0.272,13
Paytm,mean_rating,ses,0.6,2026-09-07,2026-09-21,2,2.539,2.49,2.11,2.968,0.335,12
Paytm,mean_rating,ses,0.6,2026-09-07,2026-09-28,3,2.539,2.49,2.056,3.023,0.378,11
Paytm,mean_rating,ses,0.6,2026-09-07,2026-10-05,4,2.539,2.49,1.999,3.079,0.421,10
Paytm,pct_negative_sentiment,ses,0.45,2026-09-07,2026-09-14,1,35.778,35.06,25.653,45.904,7.901,13
Paytm,pct_negative_sentiment,ses,0.45,2026-09-07,2026-09-21,2,35.778,35.06,24.133,47.423,9.087,12
Paytm,pct_negative_sentiment,ses,0.45,2026-09-07,2026-09-28,3,35.778,35.06,22.957,48.6,10.005,11
Paytm,pct_negative_sentiment,ses,0.45,2026-09-07,2026-10-05,4,35.778,35.06,22.307,49.249,10.511,10
Paytm,pct_has_issue,ses,0.35,2026-09-07,2026-09-14,1,43.909,45.02,36.24,51.578,5.984,13
Paytm,pct_has_issue,ses,0.35,2026-09-07,2026-09-21,2,43.909,45.02,35.12,52.697,6.858,12
Paytm,pct_has_issue,ses,0.35,2026-09-07,2026-09-28,3,43.909,45.02,33.898,53.919,7.811,11
Paytm,pct_has_issue,ses,0.35,2026-09-07,2026-10-05,4,43.909,45.02,33.045,54.772,8.477,10
PhonePe,pct_low_star,ses,0.5,2026-09-07,2026-09-14,1,38.214,34.211,25.185,51.242,10.166,13
PhonePe,pct_low_star,ses,0.5,2026-09-07,2026-09-21,2,38.214,34.211,22.059,54.369,12.606,12
PhonePe,pct_low_star,ses,0.5,2026-09-07,2026-09-28,3,38.214,34.211,19.642,56.785,14.491,11
PhonePe,pct_low_star,ses,0.5,2026-09-07,2026-10-05,4,38.214,34.211,16.982,59.445,16.567,10
PhonePe,mean_rating,ses,0.5,2026-09-07,2026-09-14,1,3.226,3.382,2.709,3.743,0.403,13
PhonePe,mean_rating,ses,0.5,2026-09-07,2026-09-21,2,3.226,3.382,2.584,3.868,0.501,12
PhonePe,mean_rating,ses,0.5,2026-09-07,2026-09-28,3,3.226,3.382,2.497,3.954,0.568,11
PhonePe,mean_rating,ses,0.5,2026-09-07,2026-10-05,4,3.226,3.382,2.402,4.05,0.643,10
PhonePe,pct_negative_sentiment,ses,0.35,2026-09-07,2026-09-14,1,27.535,21.711,15.159,39.912,9.658,13
PhonePe,pct_negative_sentiment,ses,0.35,2026-09-07,2026-09-21,2,27.535,21.711,13.937,41.133,10.611,12
PhonePe,pct_negative_sentiment,ses,0.35,2026-09-07,2026-09-28,3,27.535,21.711,11.831,43.239,12.254,11
PhonePe,pct_negative_sentiment,ses,0.35,2026-09-07,2026-10-05,4,27.535,21.711,10.673,44.397,13.158,10
PhonePe,pct_has_issue,ses,0.4,2026-09-07,2026-09-14,1,25.17,15.789,14.495,35.845,8.33,13
PhonePe,pct_has_issue,ses,0.4,2026-09-07,2026-09-21,2,25.17,15.789,13.173,37.167,9.361,12
PhonePe,pct_has_issue,ses,0.4,2026-09-07,2026-09-28,3,25.17,15.789,11.812,38.528,10.423,11
PhonePe,pct_has_issue,ses,0.4,2026-09-07,2026-10-05,4,25.17,15.789,10.805,39.535,11.209,10
All apps,pct_low_star,ses,0.55,2026-09-07,2026-09-14,1,67.857,66.791,63.139,72.575,3.681,13
All apps,pct_low_star,ses,0.55,2026-09-07,2026-09-21,2,67.857,66.791,62.799,72.914,3.946,12
All apps,pct_low_star,ses,0.55,2026-09-07,2026-09-28,3,67.857,66.791,62.136,73.577,4.464,11
All apps,pct_low_star,ses,0.55,2026-09-07,2026-10-05,4,67.857,66.791,61.466,74.247,4.986,10
All apps,mean_rating,ses,0.55,2026-09-07,2026-09-14,1,2.202,2.25,2.038,2.366,0.128,13
All apps,mean_rating,ses,0.55,2026-09-07,2026-09-21,2,2.202,2.25,2.008,2.396,0.151,12
All apps,mean_rating,ses,0.55,2026-09-07,2026-09-28,3,2.202,2.25,1.983,2.421,0.171,11
All apps,mean_rating,ses,0.55,2026-09-07,2026-10-05,4,2.202,2.25,1.956,2.448,0.192,10
All apps,pct_negative_sentiment,ses,0.3,2026-09-07,2026-09-14,1,52.482,48.363,47.021,57.943,4.261,13
All apps,pct_negative_sentiment,ses,0.3,2026-09-07,2026-09-21,2,52.482,48.363,47.021,57.943,4.261,12
All apps,pct_negative_sentiment,ses,0.3,2026-09-07,2026-09-28,3,52.482,48.363,46.51,58.453,4.66,11
All apps,pct_negative_sentiment,ses,0.3,2026-09-07,2026-10-05,4,52.482,48.363,46.254,58.709,4.859,10
All apps,pct_has_issue,ses,0.45,2026-09-07,2026-09-14,1,59.902,57.717,56.232,63.572,2.863,13
All apps,pct_has_issue,ses,0.45,2026-09-07,2026-09-21,2,59.902,57.717,55.355,64.449,3.548,12
All apps,pct_has_issue,ses,0.45,2026-09-07,2026-09-28,3,59.902,57.717,54.308,65.496,4.365,11
All apps,pct_has_issue,ses,0.45,2026-09-07,2026-10-05,4,59.902,57.717,53.307,66.497,5.146,10
